INFO 2026-07-11 16:40:29,967 autoreload 19532 15928 Watching for file changes with StatReloader
INFO 2026-07-11 16:41:35,182 autoreload 4288 21144 Watching for file changes with StatReloader
INFO 2026-07-11 17:08:10,558 autoreload 11680 20920 Watching for file changes with StatReloader
WARNING 2026-07-11 17:08:21,942 basehttp 11680 19916 "GET / HTTP/1.1" 404 4355
WARNING 2026-07-11 17:08:22,859 basehttp 11680 19916 "GET / HTTP/1.1" 404 4355
WARNING 2026-07-11 17:08:23,018 basehttp 11680 19916 "GET /favicon.ico HTTP/1.1" 404 4406
INFO 2026-07-11 17:29:53,118 autoreload 21456 16640 Watching for file changes with StatReloader
INFO 2026-07-11 17:36:12,573 autoreload 17732 12272 Watching for file changes with StatReloader
INFO 2026-07-11 17:37:57,937 autoreload 17732 12272 C:\ai-code-review-platform\backend\ai_analysis\services.py changed, reloading.
INFO 2026-07-11 17:38:01,581 autoreload 10312 14608 Watching for file changes with StatReloader
INFO 2026-07-11 17:38:09,706 autoreload 10312 14608 C:\ai-code-review-platform\backend\ai_analysis\services.py changed, reloading.
INFO 2026-07-11 17:38:12,960 autoreload 6008 13788 Watching for file changes with StatReloader
INFO 2026-07-11 17:38:23,017 autoreload 6008 13788 C:\ai-code-review-platform\backend\ai_analysis\services.py changed, reloading.
INFO 2026-07-11 17:38:26,042 autoreload 14864 20024 Watching for file changes with StatReloader
INFO 2026-07-11 17:39:32,912 autoreload 14864 20024 C:\ai-code-review-platform\backend\ai_analysis\services.py changed, reloading.
INFO 2026-07-11 17:39:36,249 autoreload 1868 10884 Watching for file changes with StatReloader
INFO 2026-07-11 17:40:05,934 autoreload 14392 17980 Watching for file changes with StatReloader
INFO 2026-07-11 17:41:56,976 autoreload 14392 17980 C:\ai-code-review-platform\backend\ai_analysis\services.py changed, reloading.
INFO 2026-07-11 17:41:59,951 autoreload 16904 20516 Watching for file changes with StatReloader
INFO 2026-07-11 17:42:20,576 autoreload 16904 20516 C:\ai-code-review-platform\backend\ai_analysis\services.py changed, reloading.
INFO 2026-07-11 17:42:24,225 autoreload 1636 15688 Watching for file changes with StatReloader
INFO 2026-07-11 17:43:47,525 autoreload 1636 15688 C:\ai-code-review-platform\backend\ai_analysis\services.py changed, reloading.
INFO 2026-07-11 17:43:50,757 autoreload 9468 7700 Watching for file changes with StatReloader
INFO 2026-07-11 17:52:32,380 autoreload 9468 7700 C:\ai-code-review-platform\backend\ai_analysis\services.py changed, reloading.
INFO 2026-07-11 17:52:37,152 autoreload 4860 18272 Watching for file changes with StatReloader
INFO 2026-07-11 17:52:40,924 autoreload 4860 18272 C:\ai-code-review-platform\backend\ai_analysis\services.py changed, reloading.
INFO 2026-07-11 17:52:44,232 autoreload 9256 15728 Watching for file changes with StatReloader
INFO 2026-07-11 17:52:50,152 autoreload 9256 15728 C:\ai-code-review-platform\backend\ai_analysis\services.py changed, reloading.
INFO 2026-07-11 17:52:53,548 autoreload 21492 5280 Watching for file changes with StatReloader
INFO 2026-07-11 17:52:58,219 autoreload 21492 5280 C:\ai-code-review-platform\backend\ai_analysis\services.py changed, reloading.
INFO 2026-07-11 17:53:01,377 autoreload 15596 7248 Watching for file changes with StatReloader
INFO 2026-07-11 17:53:07,344 autoreload 15596 7248 C:\ai-code-review-platform\backend\ai_analysis\services.py changed, reloading.
INFO 2026-07-11 17:53:10,716 autoreload 6808 15424 Watching for file changes with StatReloader
INFO 2026-07-11 17:53:26,636 autoreload 6808 15424 C:\ai-code-review-platform\backend\ai_analysis\services.py changed, reloading.
INFO 2026-07-11 17:53:29,971 autoreload 9040 20728 Watching for file changes with StatReloader
INFO 2026-07-11 17:53:59,072 autoreload 9040 20728 C:\ai-code-review-platform\backend\ai_analysis\services.py changed, reloading.
INFO 2026-07-11 17:54:01,977 autoreload 19056 572 Watching for file changes with StatReloader
INFO 2026-07-11 17:54:06,656 autoreload 19056 572 C:\ai-code-review-platform\backend\ai_analysis\services.py changed, reloading.
INFO 2026-07-11 17:54:10,129 autoreload 21152 9060 Watching for file changes with StatReloader
INFO 2026-07-11 17:54:17,408 autoreload 21152 9060 C:\ai-code-review-platform\backend\ai_analysis\services.py changed, reloading.
INFO 2026-07-11 17:54:20,881 autoreload 17980 10468 Watching for file changes with StatReloader
INFO 2026-07-11 17:54:26,981 autoreload 17980 10468 C:\ai-code-review-platform\backend\ai_analysis\services.py changed, reloading.
INFO 2026-07-11 17:54:30,333 autoreload 1756 20840 Watching for file changes with StatReloader
INFO 2026-07-11 17:54:35,329 autoreload 1756 20840 C:\ai-code-review-platform\backend\ai_analysis\services.py changed, reloading.
INFO 2026-07-11 17:54:38,552 autoreload 16108 13148 Watching for file changes with StatReloader
INFO 2026-07-11 17:54:46,130 autoreload 16108 13148 C:\ai-code-review-platform\backend\ai_analysis\services.py changed, reloading.
INFO 2026-07-11 17:54:49,167 autoreload 17328 20084 Watching for file changes with StatReloader
WARNING 2026-07-11 17:55:15,566 basehttp 17328 21492 "GET / HTTP/1.1" 404 4355
WARNING 2026-07-11 17:55:15,826 basehttp 17328 21492 "GET / HTTP/1.1" 404 4355
INFO 2026-07-11 17:57:10,730 autoreload 20528 9224 Watching for file changes with StatReloader
INFO 2026-07-11 17:58:58,607 autoreload 20528 9224 C:\ai-code-review-platform\backend\ai_analysis\services.py changed, reloading.
INFO 2026-07-11 17:59:01,856 autoreload 20492 700 Watching for file changes with StatReloader
INFO 2026-07-11 17:59:12,183 autoreload 20492 700 C:\ai-code-review-platform\backend\ai_analysis\services.py changed, reloading.
INFO 2026-07-11 17:59:15,383 autoreload 7508 15596 Watching for file changes with StatReloader
INFO 2026-07-11 17:59:30,916 autoreload 7508 15596 C:\ai-code-review-platform\backend\ai_analysis\services.py changed, reloading.
INFO 2026-07-11 17:59:34,031 autoreload 20376 2120 Watching for file changes with StatReloader
INFO 2026-07-11 17:59:50,657 autoreload 20376 2120 C:\ai-code-review-platform\backend\ai_analysis\services.py changed, reloading.
INFO 2026-07-11 17:59:53,889 autoreload 16524 20144 Watching for file changes with StatReloader
INFO 2026-07-11 18:00:11,380 autoreload 16524 20144 C:\ai-code-review-platform\backend\ai_analysis\services.py changed, reloading.
INFO 2026-07-11 18:00:14,487 autoreload 15536 18688 Watching for file changes with StatReloader
WARNING 2026-07-11 18:00:25,511 basehttp 15536 18060 "GET / HTTP/1.1" 404 4355
INFO 2026-07-11 18:01:02,416 autoreload 15536 18688 C:\ai-code-review-platform\backend\core\urls.py changed, reloading.
INFO 2026-07-11 18:01:06,371 autoreload 21460 16276 Watching for file changes with StatReloader
INFO 2026-07-11 18:01:13,546 basehttp 21460 3952 "GET / HTTP/1.1" 200 515
INFO 2026-07-11 18:02:25,025 basehttp 21460 19352 "OPTIONS /api/accounts/register/ HTTP/1.1" 200 0
INFO 2026-07-11 18:24:17,311 basehttp 21460 1868 "OPTIONS /api/accounts/register/ HTTP/1.1" 200 0
INFO 2026-07-11 18:24:20,570 basehttp 21460 1868 "OPTIONS /api/accounts/register/ HTTP/1.1" 200 0
INFO 2026-07-11 18:25:17,662 autoreload 21460 16276 C:\ai-code-review-platform\backend\accounts\serializers.py changed, reloading.
INFO 2026-07-11 18:25:26,084 autoreload 12924 15540 Watching for file changes with StatReloader
INFO 2026-07-11 18:26:22,942 basehttp 12924 11532 "OPTIONS /api/accounts/register/ HTTP/1.1" 200 0
INFO 2026-07-11 18:36:25,885 basehttp 12924 15044 "OPTIONS /api/accounts/register/ HTTP/1.1" 200 0
INFO 2026-07-11 18:36:38,741 basehttp 12924 15044 "OPTIONS /api/accounts/register/ HTTP/1.1" 200 0
INFO 2026-07-11 18:38:24,506 basehttp 12924 15044 "OPTIONS /api/accounts/register/ HTTP/1.1" 200 0
INFO 2026-07-11 18:49:31,896 autoreload 20856 2248 Watching for file changes with StatReloader
INFO 2026-07-11 21:13:06,237 autoreload 11416 4732 Watching for file changes with StatReloader
INFO 2026-07-11 21:13:36,510 basehttp 11416 7840 "GET / HTTP/1.1" 200 515
WARNING 2026-07-11 21:13:36,674 basehttp 11416 7840 "GET /favicon.ico HTTP/1.1" 404 4652
INFO 2026-07-12 14:57:26,704 autoreload 16876 13652 Watching for file changes with StatReloader
INFO 2026-07-13 13:53:10,816 autoreload 21116 16372 Watching for file changes with StatReloader
INFO 2026-07-13 14:03:30,077 autoreload 21116 16372 C:\ai-code-review-platform\backend\accounts\models.py changed, reloading.
INFO 2026-07-13 14:03:34,020 autoreload 12148 23332 Watching for file changes with StatReloader
INFO 2026-07-13 14:04:40,856 autoreload 12148 23332 C:\ai-code-review-platform\backend\accounts\serializers.py changed, reloading.
INFO 2026-07-13 14:04:45,500 autoreload 21012 13956 Watching for file changes with StatReloader
INFO 2026-07-13 14:04:58,484 autoreload 21012 13956 C:\ai-code-review-platform\backend\accounts\serializers.py changed, reloading.
INFO 2026-07-13 14:05:02,079 autoreload 14456 22968 Watching for file changes with StatReloader
INFO 2026-07-13 14:05:44,369 autoreload 9280 9332 Watching for file changes with StatReloader
INFO 2026-07-13 14:06:44,392 basehttp 9280 22844 "OPTIONS /api/accounts/register/ HTTP/1.1" 200 0
WARNING 2026-07-13 14:06:44,816 basehttp 9280 22844 "POST /api/accounts/register/ HTTP/1.1" 400 119
INFO 2026-07-13 14:07:07,359 basehttp 9280 22844 "OPTIONS /api/accounts/login/ HTTP/1.1" 200 0
WARNING 2026-07-13 14:07:10,076 basehttp 9280 22844 "POST /api/accounts/login/ HTTP/1.1" 400 100
INFO 2026-07-13 14:07:57,556 basehttp 9280 22844 "POST /api/accounts/register/ HTTP/1.1" 201 1224
INFO 2026-07-13 14:07:57,685 basehttp 9280 22844 "OPTIONS /api/code-review/stats/ HTTP/1.1" 200 0
INFO 2026-07-13 14:07:57,690 basehttp 9280 22844 "OPTIONS /api/code-review/stats/ HTTP/1.1" 200 0
ERROR 2026-07-13 14:07:58,709 log 9280 22844 Internal Server Error: /api/code-review/stats/
Traceback (most recent call last):
  File "C:\Users\DELL\AppData\Local\Programs\Python\Python310\lib\site-packages\django\core\handlers\exception.py", line 55, in inner
    response = get_response(request)
  File "C:\Users\DELL\AppData\Local\Programs\Python\Python310\lib\site-packages\django\core\handlers\base.py", line 197, in _get_response
    response = wrapped_callback(request, *callback_args, **callback_kwargs)
  File "C:\Users\DELL\AppData\Local\Programs\Python\Python310\lib\site-packages\django\views\decorators\csrf.py", line 65, in _view_wrapper
    return view_func(request, *args, **kwargs)
  File "C:\Users\DELL\AppData\Local\Programs\Python\Python310\lib\site-packages\django\views\generic\base.py", line 104, in view
    return self.dispatch(request, *args, **kwargs)
  File "C:\Users\DELL\AppData\Local\Programs\Python\Python310\lib\site-packages\rest_framework\views.py", line 509, in dispatch
    response = self.handle_exception(exc)
  File "C:\Users\DELL\AppData\Local\Programs\Python\Python310\lib\site-packages\rest_framework\views.py", line 469, in handle_exception
    self.raise_uncaught_exception(exc)
  File "C:\Users\DELL\AppData\Local\Programs\Python\Python310\lib\site-packages\rest_framework\views.py", line 480, in raise_uncaught_exception
    raise exc
  File "C:\Users\DELL\AppData\Local\Programs\Python\Python310\lib\site-packages\rest_framework\views.py", line 506, in dispatch
    response = handler(request, *args, **kwargs)
  File "C:\ai-code-review-platform\backend\code_review\views.py", line 233, in get
    ).aggregate(avg=models.Avg('quality_score'))['avg'] or 0
NameError: name 'models' is not defined
ERROR 2026-07-13 14:07:58,734 basehttp 9280 22844 "GET /api/code-review/stats/ HTTP/1.1" 500 105991
ERROR 2026-07-13 14:07:59,053 log 9280 15428 Internal Server Error: /api/code-review/stats/
Traceback (most recent call last):
  File "C:\Users\DELL\AppData\Local\Programs\Python\Python310\lib\site-packages\django\core\handlers\exception.py", line 55, in inner
    response = get_response(request)
  File "C:\Users\DELL\AppData\Local\Programs\Python\Python310\lib\site-packages\django\core\handlers\base.py", line 197, in _get_response
    response = wrapped_callback(request, *callback_args, **callback_kwargs)
  File "C:\Users\DELL\AppData\Local\Programs\Python\Python310\lib\site-packages\django\views\decorators\csrf.py", line 65, in _view_wrapper
    return view_func(request, *args, **kwargs)
  File "C:\Users\DELL\AppData\Local\Programs\Python\Python310\lib\site-packages\django\views\generic\base.py", line 104, in view
    return self.dispatch(request, *args, **kwargs)
  File "C:\Users\DELL\AppData\Local\Programs\Python\Python310\lib\site-packages\rest_framework\views.py", line 509, in dispatch
    response = self.handle_exception(exc)
  File "C:\Users\DELL\AppData\Local\Programs\Python\Python310\lib\site-packages\rest_framework\views.py", line 469, in handle_exception
    self.raise_uncaught_exception(exc)
  File "C:\Users\DELL\AppData\Local\Programs\Python\Python310\lib\site-packages\rest_framework\views.py", line 480, in raise_uncaught_exception
    raise exc
  File "C:\Users\DELL\AppData\Local\Programs\Python\Python310\lib\site-packages\rest_framework\views.py", line 506, in dispatch
    response = handler(request, *args, **kwargs)
  File "C:\ai-code-review-platform\backend\code_review\views.py", line 233, in get
    ).aggregate(avg=models.Avg('quality_score'))['avg'] or 0
NameError: name 'models' is not defined
ERROR 2026-07-13 14:07:59,061 basehttp 9280 15428 "GET /api/code-review/stats/ HTTP/1.1" 500 105991
INFO 2026-07-13 14:08:49,819 basehttp 9280 15428 "OPTIONS /api/code-review/languages/ HTTP/1.1" 200 0
INFO 2026-07-13 14:08:49,819 basehttp 9280 22844 "OPTIONS /api/code-review/languages/ HTTP/1.1" 200 0
INFO 2026-07-13 14:08:50,043 basehttp 9280 22844 "GET /api/code-review/languages/ HTTP/1.1" 200 52
INFO 2026-07-13 14:08:50,166 basehttp 9280 22844 "GET /api/code-review/languages/ HTTP/1.1" 200 52
INFO 2026-07-13 14:10:51,868 basehttp 9280 15428 "OPTIONS /api/accounts/profile/ HTTP/1.1" 200 0
INFO 2026-07-13 14:10:51,869 basehttp 9280 22844 "OPTIONS /api/accounts/profile/ HTTP/1.1" 200 0
INFO 2026-07-13 14:10:52,064 basehttp 9280 15428 "GET /api/accounts/profile/ HTTP/1.1" 200 562
INFO 2026-07-13 14:10:52,198 basehttp 9280 15428 "GET /api/accounts/profile/ HTTP/1.1" 200 562
INFO 2026-07-13 14:15:50,585 autoreload 16188 19428 Watching for file changes with StatReloader
INFO 2026-07-13 14:24:36,075 basehttp 16188 7488 "OPTIONS /api/accounts/logout/ HTTP/1.1" 200 0
INFO 2026-07-13 14:24:36,079 basehttp 16188 10960 "OPTIONS /api/accounts/logout/ HTTP/1.1" 200 0
WARNING 2026-07-13 14:24:38,795 basehttp 16188 7488 "POST /api/accounts/logout/ HTTP/1.1" 401 183
WARNING 2026-07-13 14:24:38,795 basehttp 16188 10960 "POST /api/accounts/logout/ HTTP/1.1" 401 183
INFO 2026-07-13 14:24:38,847 basehttp 16188 10960 "OPTIONS /api/token/refresh/ HTTP/1.1" 200 0
INFO 2026-07-13 14:24:38,853 basehttp 16188 7488 "OPTIONS /api/token/refresh/ HTTP/1.1" 200 0
INFO 2026-07-13 14:24:38,887 basehttp 16188 7488 "POST /api/token/refresh/ HTTP/1.1" 200 582
INFO 2026-07-13 14:24:38,889 basehttp 16188 10960 "POST /api/token/refresh/ HTTP/1.1" 200 582
WARNING 2026-07-13 14:24:39,258 basehttp 16188 7488 "POST /api/accounts/logout/ HTTP/1.1" 400 107
WARNING 2026-07-13 14:24:39,259 basehttp 16188 10960 "POST /api/accounts/logout/ HTTP/1.1" 400 107
INFO 2026-07-13 14:25:07,472 basehttp 16188 7488 "POST /api/accounts/login/ HTTP/1.1" 200 1212
INFO 2026-07-13 14:29:49,975 basehttp 16188 7488 "GET /api/accounts/profile/ HTTP/1.1" 200 562
INFO 2026-07-13 14:29:50,145 basehttp 16188 7488 "GET /api/accounts/profile/ HTTP/1.1" 200 562
INFO 2026-07-13 14:30:28,195 basehttp 16188 7488 "POST /api/accounts/login/ HTTP/1.1" 200 1212
ERROR 2026-07-13 14:30:28,595 log 16188 7488 Internal Server Error: /api/code-review/stats/
Traceback (most recent call last):
  File "C:\Users\DELL\AppData\Local\Programs\Python\Python310\lib\site-packages\django\core\handlers\exception.py", line 55, in inner
    response = get_response(request)
  File "C:\Users\DELL\AppData\Local\Programs\Python\Python310\lib\site-packages\django\core\handlers\base.py", line 197, in _get_response
    response = wrapped_callback(request, *callback_args, **callback_kwargs)
  File "C:\Users\DELL\AppData\Local\Programs\Python\Python310\lib\site-packages\django\views\decorators\csrf.py", line 65, in _view_wrapper
    return view_func(request, *args, **kwargs)
  File "C:\Users\DELL\AppData\Local\Programs\Python\Python310\lib\site-packages\django\views\generic\base.py", line 104, in view
    return self.dispatch(request, *args, **kwargs)
  File "C:\Users\DELL\AppData\Local\Programs\Python\Python310\lib\site-packages\rest_framework\views.py", line 509, in dispatch
    response = self.handle_exception(exc)
  File "C:\Users\DELL\AppData\Local\Programs\Python\Python310\lib\site-packages\rest_framework\views.py", line 469, in handle_exception
    self.raise_uncaught_exception(exc)
  File "C:\Users\DELL\AppData\Local\Programs\Python\Python310\lib\site-packages\rest_framework\views.py", line 480, in raise_uncaught_exception
    raise exc
  File "C:\Users\DELL\AppData\Local\Programs\Python\Python310\lib\site-packages\rest_framework\views.py", line 506, in dispatch
    response = handler(request, *args, **kwargs)
  File "C:\ai-code-review-platform\backend\code_review\views.py", line 233, in get
    ).aggregate(avg=models.Avg('quality_score'))['avg'] or 0
NameError: name 'models' is not defined
ERROR 2026-07-13 14:30:28,607 basehttp 16188 7488 "GET /api/code-review/stats/ HTTP/1.1" 500 105991
ERROR 2026-07-13 14:30:28,913 log 16188 7488 Internal Server Error: /api/code-review/stats/
Traceback (most recent call last):
  File "C:\Users\DELL\AppData\Local\Programs\Python\Python310\lib\site-packages\django\core\handlers\exception.py", line 55, in inner
    response = get_response(request)
  File "C:\Users\DELL\AppData\Local\Programs\Python\Python310\lib\site-packages\django\core\handlers\base.py", line 197, in _get_response
    response = wrapped_callback(request, *callback_args, **callback_kwargs)
  File "C:\Users\DELL\AppData\Local\Programs\Python\Python310\lib\site-packages\django\views\decorators\csrf.py", line 65, in _view_wrapper
    return view_func(request, *args, **kwargs)
  File "C:\Users\DELL\AppData\Local\Programs\Python\Python310\lib\site-packages\django\views\generic\base.py", line 104, in view
    return self.dispatch(request, *args, **kwargs)
  File "C:\Users\DELL\AppData\Local\Programs\Python\Python310\lib\site-packages\rest_framework\views.py", line 509, in dispatch
    response = self.handle_exception(exc)
  File "C:\Users\DELL\AppData\Local\Programs\Python\Python310\lib\site-packages\rest_framework\views.py", line 469, in handle_exception
    self.raise_uncaught_exception(exc)
  File "C:\Users\DELL\AppData\Local\Programs\Python\Python310\lib\site-packages\rest_framework\views.py", line 480, in raise_uncaught_exception
    raise exc
  File "C:\Users\DELL\AppData\Local\Programs\Python\Python310\lib\site-packages\rest_framework\views.py", line 506, in dispatch
    response = handler(request, *args, **kwargs)
  File "C:\ai-code-review-platform\backend\code_review\views.py", line 233, in get
    ).aggregate(avg=models.Avg('quality_score'))['avg'] or 0
NameError: name 'models' is not defined
ERROR 2026-07-13 14:30:28,921 basehttp 16188 7488 "GET /api/code-review/stats/ HTTP/1.1" 500 105991
INFO 2026-07-13 14:30:55,313 basehttp 16188 7488 "OPTIONS /api/code-review/submissions/ HTTP/1.1" 200 0
INFO 2026-07-13 14:30:55,315 basehttp 16188 9672 "OPTIONS /api/code-review/submissions/ HTTP/1.1" 200 0
INFO 2026-07-13 14:30:55,596 basehttp 16188 7488 "GET /api/code-review/submissions/ HTTP/1.1" 200 52
INFO 2026-07-13 14:30:55,749 basehttp 16188 7488 "GET /api/code-review/submissions/ HTTP/1.1" 200 52
INFO 2026-07-13 14:46:36,439 autoreload 8480 3364 Watching for file changes with StatReloader
INFO 2026-07-13 14:47:17,388 autoreload 8480 3364 C:\ai-code-review-platform\backend\accounts\serializers.py changed, reloading.
INFO 2026-07-13 14:47:21,115 autoreload 1588 19872 Watching for file changes with StatReloader
INFO 2026-07-13 14:47:24,841 autoreload 1588 19872 C:\ai-code-review-platform\backend\accounts\serializers.py changed, reloading.
INFO 2026-07-13 14:47:28,114 autoreload 19448 15716 Watching for file changes with StatReloader
INFO 2026-07-13 14:48:01,218 autoreload 19448 15716 C:\ai-code-review-platform\backend\accounts\views.py changed, reloading.
INFO 2026-07-13 14:48:04,925 autoreload 11056 10952 Watching for file changes with StatReloader
INFO 2026-07-18 10:08:55,397 autoreload 19276 15456 Watching for file changes with StatReloader
INFO 2026-07-18 10:11:23,854 basehttp 19276 21592 "OPTIONS /api/accounts/login/ HTTP/1.1" 200 0
WARNING 2026-07-18 10:11:24,064 basehttp 19276 21592 "POST /api/accounts/login/ HTTP/1.1" 400 100
WARNING 2026-07-18 10:11:33,851 basehttp 19276 21592 "POST /api/accounts/login/ HTTP/1.1" 400 100
WARNING 2026-07-18 10:11:47,746 basehttp 19276 21592 "POST /api/accounts/login/ HTTP/1.1" 400 100
WARNING 2026-07-18 10:11:53,710 basehttp 19276 21592 "POST /api/accounts/login/ HTTP/1.1" 400 100
INFO 2026-07-18 10:12:29,253 basehttp 19276 21592 "OPTIONS /api/accounts/register/ HTTP/1.1" 200 0
WARNING 2026-07-18 10:12:29,390 basehttp 19276 21592 "POST /api/accounts/register/ HTTP/1.1" 400 119
WARNING 2026-07-18 10:12:35,820 basehttp 19276 21592 "POST /api/accounts/register/ HTTP/1.1" 400 108
INFO 2026-07-18 10:12:48,185 basehttp 19276 21592 "POST /api/accounts/register/ HTTP/1.1" 201 1221
INFO 2026-07-18 10:13:07,437 basehttp 19276 21592 "POST /api/accounts/login/ HTTP/1.1" 200 1209
INFO 2026-07-18 10:13:07,970 basehttp 19276 21592 "OPTIONS /api/code-review/stats/ HTTP/1.1" 200 0
INFO 2026-07-18 10:13:07,975 basehttp 19276 21592 "OPTIONS /api/code-review/stats/ HTTP/1.1" 200 0
ERROR 2026-07-18 10:13:08,313 log 19276 21592 Internal Server Error: /api/code-review/stats/
Traceback (most recent call last):
  File "C:\Users\DELL\AppData\Local\Programs\Python\Python310\lib\site-packages\django\core\handlers\exception.py", line 55, in inner
    response = get_response(request)
  File "C:\Users\DELL\AppData\Local\Programs\Python\Python310\lib\site-packages\django\core\handlers\base.py", line 197, in _get_response
    response = wrapped_callback(request, *callback_args, **callback_kwargs)
  File "C:\Users\DELL\AppData\Local\Programs\Python\Python310\lib\site-packages\django\views\decorators\csrf.py", line 65, in _view_wrapper
    return view_func(request, *args, **kwargs)
  File "C:\Users\DELL\AppData\Local\Programs\Python\Python310\lib\site-packages\django\views\generic\base.py", line 104, in view
    return self.dispatch(request, *args, **kwargs)
  File "C:\Users\DELL\AppData\Local\Programs\Python\Python310\lib\site-packages\rest_framework\views.py", line 509, in dispatch
    response = self.handle_exception(exc)
  File "C:\Users\DELL\AppData\Local\Programs\Python\Python310\lib\site-packages\rest_framework\views.py", line 469, in handle_exception
    self.raise_uncaught_exception(exc)
  File "C:\Users\DELL\AppData\Local\Programs\Python\Python310\lib\site-packages\rest_framework\views.py", line 480, in raise_uncaught_exception
    raise exc
  File "C:\Users\DELL\AppData\Local\Programs\Python\Python310\lib\site-packages\rest_framework\views.py", line 506, in dispatch
    response = handler(request, *args, **kwargs)
  File "C:\ai-code-review-platform\backend\code_review\views.py", line 233, in get
    ).aggregate(avg=models.Avg('quality_score'))['avg'] or 0
NameError: name 'models' is not defined
ERROR 2026-07-18 10:13:08,317 basehttp 19276 21592 "GET /api/code-review/stats/ HTTP/1.1" 500 106066
ERROR 2026-07-18 10:13:08,466 log 19276 16092 Internal Server Error: /api/code-review/stats/
Traceback (most recent call last):
  File "C:\Users\DELL\AppData\Local\Programs\Python\Python310\lib\site-packages\django\core\handlers\exception.py", line 55, in inner
    response = get_response(request)
  File "C:\Users\DELL\AppData\Local\Programs\Python\Python310\lib\site-packages\django\core\handlers\base.py", line 197, in _get_response
    response = wrapped_callback(request, *callback_args, **callback_kwargs)
  File "C:\Users\DELL\AppData\Local\Programs\Python\Python310\lib\site-packages\django\views\decorators\csrf.py", line 65, in _view_wrapper
    return view_func(request, *args, **kwargs)
  File "C:\Users\DELL\AppData\Local\Programs\Python\Python310\lib\site-packages\django\views\generic\base.py", line 104, in view
    return self.dispatch(request, *args, **kwargs)
  File "C:\Users\DELL\AppData\Local\Programs\Python\Python310\lib\site-packages\rest_framework\views.py", line 509, in dispatch
    response = self.handle_exception(exc)
  File "C:\Users\DELL\AppData\Local\Programs\Python\Python310\lib\site-packages\rest_framework\views.py", line 469, in handle_exception
    self.raise_uncaught_exception(exc)
  File "C:\Users\DELL\AppData\Local\Programs\Python\Python310\lib\site-packages\rest_framework\views.py", line 480, in raise_uncaught_exception
    raise exc
  File "C:\Users\DELL\AppData\Local\Programs\Python\Python310\lib\site-packages\rest_framework\views.py", line 506, in dispatch
    response = handler(request, *args, **kwargs)
  File "C:\ai-code-review-platform\backend\code_review\views.py", line 233, in get
    ).aggregate(avg=models.Avg('quality_score'))['avg'] or 0
NameError: name 'models' is not defined
ERROR 2026-07-18 10:13:08,470 basehttp 19276 16092 "GET /api/code-review/stats/ HTTP/1.1" 500 106066
INFO 2026-07-18 10:13:12,697 basehttp 19276 16092 "OPTIONS /api/code-review/languages/ HTTP/1.1" 200 0
INFO 2026-07-18 10:13:12,697 basehttp 19276 21592 "OPTIONS /api/code-review/languages/ HTTP/1.1" 200 0
INFO 2026-07-18 10:13:12,793 basehttp 19276 21592 "GET /api/code-review/languages/ HTTP/1.1" 200 52
INFO 2026-07-18 10:13:12,864 basehttp 19276 21592 "GET /api/code-review/languages/ HTTP/1.1" 200 52
INFO 2026-07-18 10:19:30,182 basehttp 19276 17924 "OPTIONS /api/accounts/profile/ HTTP/1.1" 200 0
INFO 2026-07-18 10:19:30,192 basehttp 19276 17456 "OPTIONS /api/accounts/profile/ HTTP/1.1" 200 0
INFO 2026-07-18 10:19:30,470 basehttp 19276 17924 "GET /api/accounts/profile/ HTTP/1.1" 200 559
INFO 2026-07-18 10:19:30,598 basehttp 19276 17924 "GET /api/accounts/profile/ HTTP/1.1" 200 559
INFO 2026-07-18 10:20:49,886 basehttp 19276 17924 "GET /api/accounts/profile/ HTTP/1.1" 200 559
INFO 2026-07-18 10:20:50,135 basehttp 19276 17924 "GET /api/accounts/profile/ HTTP/1.1" 200 559
INFO 2026-07-18 10:21:10,709 basehttp 19276 17924 "POST /api/accounts/login/ HTTP/1.1" 200 1212
ERROR 2026-07-18 10:21:11,614 log 19276 17924 Internal Server Error: /api/code-review/stats/
Traceback (most recent call last):
  File "C:\Users\DELL\AppData\Local\Programs\Python\Python310\lib\site-packages\django\core\handlers\exception.py", line 55, in inner
    response = get_response(request)
  File "C:\Users\DELL\AppData\Local\Programs\Python\Python310\lib\site-packages\django\core\handlers\base.py", line 197, in _get_response
    response = wrapped_callback(request, *callback_args, **callback_kwargs)
  File "C:\Users\DELL\AppData\Local\Programs\Python\Python310\lib\site-packages\django\views\decorators\csrf.py", line 65, in _view_wrapper
    return view_func(request, *args, **kwargs)
  File "C:\Users\DELL\AppData\Local\Programs\Python\Python310\lib\site-packages\django\views\generic\base.py", line 104, in view
    return self.dispatch(request, *args, **kwargs)
  File "C:\Users\DELL\AppData\Local\Programs\Python\Python310\lib\site-packages\rest_framework\views.py", line 509, in dispatch
    response = self.handle_exception(exc)
  File "C:\Users\DELL\AppData\Local\Programs\Python\Python310\lib\site-packages\rest_framework\views.py", line 469, in handle_exception
    self.raise_uncaught_exception(exc)
  File "C:\Users\DELL\AppData\Local\Programs\Python\Python310\lib\site-packages\rest_framework\views.py", line 480, in raise_uncaught_exception
    raise exc
  File "C:\Users\DELL\AppData\Local\Programs\Python\Python310\lib\site-packages\rest_framework\views.py", line 506, in dispatch
    response = handler(request, *args, **kwargs)
  File "C:\ai-code-review-platform\backend\code_review\views.py", line 233, in get
    ).aggregate(avg=models.Avg('quality_score'))['avg'] or 0
NameError: name 'models' is not defined
ERROR 2026-07-18 10:21:11,618 basehttp 19276 17924 "GET /api/code-review/stats/ HTTP/1.1" 500 106062
ERROR 2026-07-18 10:21:11,772 log 19276 17456 Internal Server Error: /api/code-review/stats/
Traceback (most recent call last):
  File "C:\Users\DELL\AppData\Local\Programs\Python\Python310\lib\site-packages\django\core\handlers\exception.py", line 55, in inner
    response = get_response(request)
  File "C:\Users\DELL\AppData\Local\Programs\Python\Python310\lib\site-packages\django\core\handlers\base.py", line 197, in _get_response
    response = wrapped_callback(request, *callback_args, **callback_kwargs)
  File "C:\Users\DELL\AppData\Local\Programs\Python\Python310\lib\site-packages\django\views\decorators\csrf.py", line 65, in _view_wrapper
    return view_func(request, *args, **kwargs)
  File "C:\Users\DELL\AppData\Local\Programs\Python\Python310\lib\site-packages\django\views\generic\base.py", line 104, in view
    return self.dispatch(request, *args, **kwargs)
  File "C:\Users\DELL\AppData\Local\Programs\Python\Python310\lib\site-packages\rest_framework\views.py", line 509, in dispatch
    response = self.handle_exception(exc)
  File "C:\Users\DELL\AppData\Local\Programs\Python\Python310\lib\site-packages\rest_framework\views.py", line 469, in handle_exception
    self.raise_uncaught_exception(exc)
  File "C:\Users\DELL\AppData\Local\Programs\Python\Python310\lib\site-packages\rest_framework\views.py", line 480, in raise_uncaught_exception
    raise exc
  File "C:\Users\DELL\AppData\Local\Programs\Python\Python310\lib\site-packages\rest_framework\views.py", line 506, in dispatch
    response = handler(request, *args, **kwargs)
  File "C:\ai-code-review-platform\backend\code_review\views.py", line 233, in get
    ).aggregate(avg=models.Avg('quality_score'))['avg'] or 0
NameError: name 'models' is not defined
ERROR 2026-07-18 10:21:11,774 basehttp 19276 17456 "GET /api/code-review/stats/ HTTP/1.1" 500 106062
INFO 2026-07-18 10:21:21,426 basehttp 19276 17456 "GET /api/code-review/languages/ HTTP/1.1" 200 52
INFO 2026-07-18 10:21:21,496 basehttp 19276 17456 "GET /api/code-review/languages/ HTTP/1.1" 200 52
INFO 2026-07-18 10:22:30,681 basehttp 19276 17456 "OPTIONS /api/accounts/profile/ HTTP/1.1" 200 0
INFO 2026-07-18 10:22:30,682 basehttp 19276 17924 "OPTIONS /api/accounts/profile/ HTTP/1.1" 200 0
INFO 2026-07-18 10:22:31,072 basehttp 19276 9564 "GET /api/accounts/profile/ HTTP/1.1" 200 562
INFO 2026-07-18 10:22:31,252 basehttp 19276 9564 "GET /api/accounts/profile/ HTTP/1.1" 200 562
INFO 2026-07-18 10:22:55,870 autoreload 19276 15456 C:\ai-code-review-platform\backend\dashboard\views.py changed, reloading.
INFO 2026-07-18 10:22:59,935 autoreload 22448 2628 Watching for file changes with StatReloader
INFO 2026-07-18 10:23:12,662 autoreload 22448 2628 C:\ai-code-review-platform\backend\dashboard\urls.py changed, reloading.
INFO 2026-07-18 10:23:14,219 autoreload 21236 14320 Watching for file changes with StatReloader
INFO 2026-07-18 10:23:40,392 autoreload 21236 14320 C:\ai-code-review-platform\backend\code_review\views.py changed, reloading.
INFO 2026-07-18 10:23:42,377 autoreload 5124 13704 Watching for file changes with StatReloader
INFO 2026-07-18 10:23:56,197 basehttp 5124 16308 "GET /api/accounts/profile/ HTTP/1.1" 200 562
INFO 2026-07-18 10:23:56,332 basehttp 5124 16308 "GET /api/accounts/profile/ HTTP/1.1" 200 562
INFO 2026-07-18 10:24:50,853 autoreload 17756 17472 Watching for file changes with StatReloader
INFO 2026-07-18 10:25:08,804 basehttp 17756 13108 "GET /api/accounts/profile/ HTTP/1.1" 200 562
INFO 2026-07-18 10:25:09,046 basehttp 17756 13108 "GET /api/accounts/profile/ HTTP/1.1" 200 562
INFO 2026-07-18 10:25:20,713 basehttp 17756 17312 "OPTIONS /api/accounts/login/ HTTP/1.1" 200 0
WARNING 2026-07-18 10:25:21,587 basehttp 17756 13108 "POST /api/accounts/login/ HTTP/1.1" 400 100
INFO 2026-07-18 10:25:25,733 basehttp 17756 13108 "POST /api/accounts/login/ HTTP/1.1" 200 1212
INFO 2026-07-18 10:25:26,278 basehttp 17756 17312 "OPTIONS /api/code-review/stats/ HTTP/1.1" 200 0
INFO 2026-07-18 10:25:26,278 basehttp 17756 4648 "OPTIONS /api/code-review/stats/ HTTP/1.1" 200 0
ERROR 2026-07-18 10:25:26,482 log 17756 13108 Internal Server Error: /api/code-review/stats/
Traceback (most recent call last):
  File "C:\Users\DELL\AppData\Local\Programs\Python\Python310\lib\site-packages\django\core\handlers\exception.py", line 55, in inner
    response = get_response(request)
  File "C:\Users\DELL\AppData\Local\Programs\Python\Python310\lib\site-packages\django\core\handlers\base.py", line 197, in _get_response
    response = wrapped_callback(request, *callback_args, **callback_kwargs)
  File "C:\Users\DELL\AppData\Local\Programs\Python\Python310\lib\site-packages\django\views\decorators\csrf.py", line 65, in _view_wrapper
    return view_func(request, *args, **kwargs)
  File "C:\Users\DELL\AppData\Local\Programs\Python\Python310\lib\site-packages\django\views\generic\base.py", line 104, in view
    return self.dispatch(request, *args, **kwargs)
  File "C:\Users\DELL\AppData\Local\Programs\Python\Python310\lib\site-packages\rest_framework\views.py", line 509, in dispatch
    response = self.handle_exception(exc)
  File "C:\Users\DELL\AppData\Local\Programs\Python\Python310\lib\site-packages\rest_framework\views.py", line 469, in handle_exception
    self.raise_uncaught_exception(exc)
  File "C:\Users\DELL\AppData\Local\Programs\Python\Python310\lib\site-packages\rest_framework\views.py", line 480, in raise_uncaught_exception
    raise exc
  File "C:\Users\DELL\AppData\Local\Programs\Python\Python310\lib\site-packages\rest_framework\views.py", line 506, in dispatch
    response = handler(request, *args, **kwargs)
  File "C:\ai-code-review-platform\backend\code_review\views.py", line 230, in get
    ).aggregate(avg=Avg('quality_score'))['avg'] or 0
NameError: name 'Avg' is not defined
ERROR 2026-07-18 10:25:26,489 basehttp 17756 13108 "GET /api/code-review/stats/ HTTP/1.1" 500 108050
ERROR 2026-07-18 10:25:26,657 log 17756 22096 Internal Server Error: /api/code-review/stats/
Traceback (most recent call last):
  File "C:\Users\DELL\AppData\Local\Programs\Python\Python310\lib\site-packages\django\core\handlers\exception.py", line 55, in inner
    response = get_response(request)
  File "C:\Users\DELL\AppData\Local\Programs\Python\Python310\lib\site-packages\django\core\handlers\base.py", line 197, in _get_response
    response = wrapped_callback(request, *callback_args, **callback_kwargs)
  File "C:\Users\DELL\AppData\Local\Programs\Python\Python310\lib\site-packages\django\views\decorators\csrf.py", line 65, in _view_wrapper
    return view_func(request, *args, **kwargs)
  File "C:\Users\DELL\AppData\Local\Programs\Python\Python310\lib\site-packages\django\views\generic\base.py", line 104, in view
    return self.dispatch(request, *args, **kwargs)
  File "C:\Users\DELL\AppData\Local\Programs\Python\Python310\lib\site-packages\rest_framework\views.py", line 509, in dispatch
    response = self.handle_exception(exc)
  File "C:\Users\DELL\AppData\Local\Programs\Python\Python310\lib\site-packages\rest_framework\views.py", line 469, in handle_exception
    self.raise_uncaught_exception(exc)
  File "C:\Users\DELL\AppData\Local\Programs\Python\Python310\lib\site-packages\rest_framework\views.py", line 480, in raise_uncaught_exception
    raise exc
  File "C:\Users\DELL\AppData\Local\Programs\Python\Python310\lib\site-packages\rest_framework\views.py", line 506, in dispatch
    response = handler(request, *args, **kwargs)
  File "C:\ai-code-review-platform\backend\code_review\views.py", line 230, in get
    ).aggregate(avg=Avg('quality_score'))['avg'] or 0
NameError: name 'Avg' is not defined
ERROR 2026-07-18 10:25:26,660 basehttp 17756 22096 "GET /api/code-review/stats/ HTTP/1.1" 500 108050
INFO 2026-07-18 10:25:32,251 basehttp 17756 4648 "OPTIONS /api/code-review/languages/ HTTP/1.1" 200 0
INFO 2026-07-18 10:25:32,251 basehttp 17756 17312 "OPTIONS /api/code-review/languages/ HTTP/1.1" 200 0
INFO 2026-07-18 10:25:32,342 basehttp 17756 22096 "GET /api/code-review/languages/ HTTP/1.1" 200 52
INFO 2026-07-18 10:25:32,436 basehttp 17756 22096 "GET /api/code-review/languages/ HTTP/1.1" 200 52
INFO 2026-07-18 10:26:25,560 autoreload 17756 17472 C:\ai-code-review-platform\backend\code_review\views.py changed, reloading.
INFO 2026-07-18 10:26:27,539 autoreload 15112 19880 Watching for file changes with StatReloader
INFO 2026-07-18 10:29:12,015 autoreload 15112 19880 C:\ai-code-review-platform\backend\code_review\views.py changed, reloading.
INFO 2026-07-18 10:29:13,799 autoreload 20080 17176 Watching for file changes with StatReloader
INFO 2026-07-18 10:32:19,878 autoreload 20080 17176 C:\ai-code-review-platform\backend\code_review\views.py changed, reloading.
INFO 2026-07-18 10:32:21,371 autoreload 13928 6648 Watching for file changes with StatReloader
INFO 2026-07-18 10:32:41,069 autoreload 13928 6648 C:\ai-code-review-platform\backend\code_review\urls.py changed, reloading.
INFO 2026-07-18 10:32:43,024 autoreload 6900 516 Watching for file changes with StatReloader
WARNING 2026-07-18 10:33:06,684 basehttp 6900 1880 "POST /api/accounts/login/ HTTP/1.1" 400 100
INFO 2026-07-18 10:33:13,837 basehttp 6900 20124 "POST /api/accounts/login/ HTTP/1.1" 200 1212
INFO 2026-07-18 10:33:14,445 basehttp 6900 20124 "GET /api/code-review/stats/ HTTP/1.1" 200 140
INFO 2026-07-18 10:33:14,525 basehttp 6900 20124 "GET /api/code-review/stats/ HTTP/1.1" 200 140
INFO 2026-07-18 10:33:14,762 basehttp 6900 11704 "OPTIONS /api/code-review/submissions/ HTTP/1.1" 200 0
INFO 2026-07-18 10:33:14,764 basehttp 6900 11704 "OPTIONS /api/code-review/submissions/ HTTP/1.1" 200 0
INFO 2026-07-18 10:33:14,831 basehttp 6900 20124 "GET /api/code-review/submissions/ HTTP/1.1" 200 52
INFO 2026-07-18 10:33:15,002 basehttp 6900 20124 "GET /api/code-review/submissions/ HTTP/1.1" 200 52
INFO 2026-07-18 10:33:24,818 basehttp 6900 20124 "GET /api/code-review/languages/ HTTP/1.1" 200 52
INFO 2026-07-18 10:33:24,887 basehttp 6900 20124 "GET /api/code-review/languages/ HTTP/1.1" 200 52
INFO 2026-07-18 10:35:29,719 basehttp 6900 20124 "GET /api/accounts/profile/ HTTP/1.1" 200 562
INFO 2026-07-18 10:35:29,811 basehttp 6900 20124 "GET /api/accounts/profile/ HTTP/1.1" 200 562
INFO 2026-07-18 10:35:43,668 basehttp 6900 20124 "GET /api/accounts/profile/ HTTP/1.1" 200 562
INFO 2026-07-18 10:35:43,854 basehttp 6900 20124 "GET /api/accounts/profile/ HTTP/1.1" 200 562
WARNING 2026-07-18 10:36:13,462 basehttp 6900 20124 "POST /api/accounts/login/ HTTP/1.1" 400 100
INFO 2026-07-18 10:36:25,088 basehttp 6900 20124 "POST /api/accounts/login/ HTTP/1.1" 200 1212
INFO 2026-07-18 10:36:25,695 basehttp 6900 20124 "GET /api/code-review/stats/ HTTP/1.1" 200 140
INFO 2026-07-18 10:36:25,761 basehttp 6900 20124 "GET /api/code-review/stats/ HTTP/1.1" 200 140
INFO 2026-07-18 10:36:25,961 basehttp 6900 20124 "GET /api/code-review/submissions/ HTTP/1.1" 200 52
INFO 2026-07-18 10:36:26,134 basehttp 6900 20124 "GET /api/code-review/submissions/ HTTP/1.1" 200 52
INFO 2026-07-18 10:36:29,686 basehttp 6900 20124 "GET /api/code-review/languages/ HTTP/1.1" 200 52
INFO 2026-07-18 10:36:29,876 basehttp 6900 20124 "GET /api/code-review/languages/ HTTP/1.1" 200 52
INFO 2026-07-18 10:38:12,733 autoreload 20508 17904 Watching for file changes with StatReloader
INFO 2026-07-18 10:38:17,806 basehttp 20508 21376 "GET /api/accounts/profile/ HTTP/1.1" 200 562
INFO 2026-07-18 10:38:17,904 basehttp 20508 21376 "GET /api/accounts/profile/ HTTP/1.1" 200 562
INFO 2026-07-18 10:38:36,956 basehttp 20508 21376 "POST /api/accounts/login/ HTTP/1.1" 200 1200
INFO 2026-07-18 10:38:37,559 basehttp 20508 21376 "GET /api/code-review/stats/ HTTP/1.1" 200 140
INFO 2026-07-18 10:38:37,634 basehttp 20508 19892 "GET /api/code-review/submissions/ HTTP/1.1" 200 52
INFO 2026-07-18 10:38:37,640 basehttp 20508 21376 "GET /api/code-review/stats/ HTTP/1.1" 200 140
INFO 2026-07-18 10:38:37,848 basehttp 20508 21376 "GET /api/code-review/submissions/ HTTP/1.1" 200 52
INFO 2026-07-18 10:38:42,951 basehttp 20508 21376 "GET /api/code-review/languages/ HTTP/1.1" 200 126
INFO 2026-07-18 10:38:43,020 basehttp 20508 21376 "GET /api/code-review/languages/ HTTP/1.1" 200 126
INFO 2026-07-18 10:39:45,346 autoreload 20508 17904 C:\ai-code-review-platform\backend\code_review\serializers.py changed, reloading.
INFO 2026-07-18 10:39:46,945 autoreload 20840 13388 Watching for file changes with StatReloader
INFO 2026-07-18 10:39:53,233 autoreload 20840 13388 C:\ai-code-review-platform\backend\code_review\serializers.py changed, reloading.
INFO 2026-07-18 10:39:54,790 autoreload 3740 20148 Watching for file changes with StatReloader
INFO 2026-07-18 10:40:12,777 autoreload 3740 20148 C:\ai-code-review-platform\backend\code_review\views.py changed, reloading.
INFO 2026-07-18 10:40:14,473 autoreload 17740 20612 Watching for file changes with StatReloader
INFO 2026-07-18 10:41:03,796 basehttp 17740 12572 "GET /api/accounts/profile/ HTTP/1.1" 200 550
INFO 2026-07-18 10:41:03,887 basehttp 17740 12572 "GET /api/accounts/profile/ HTTP/1.1" 200 550
INFO 2026-07-18 10:43:53,002 basehttp 17740 12572 "POST /api/accounts/login/ HTTP/1.1" 200 1212
INFO 2026-07-18 10:43:53,627 basehttp 17740 12572 "GET /api/code-review/stats/ HTTP/1.1" 200 140
INFO 2026-07-18 10:43:53,710 basehttp 17740 12572 "GET /api/code-review/stats/ HTTP/1.1" 200 140
INFO 2026-07-18 10:43:53,781 basehttp 17740 12572 "GET /api/code-review/submissions/ HTTP/1.1" 200 52
INFO 2026-07-18 10:43:53,874 basehttp 17740 12572 "GET /api/code-review/submissions/ HTTP/1.1" 200 52
INFO 2026-07-18 10:43:56,174 basehttp 17740 12572 "GET /api/code-review/languages/ HTTP/1.1" 200 126
INFO 2026-07-18 10:43:56,242 basehttp 17740 12572 "GET /api/code-review/languages/ HTTP/1.1" 200 126
INFO 2026-07-18 10:45:32,768 basehttp 17740 12572 "GET /api/accounts/profile/ HTTP/1.1" 200 562
INFO 2026-07-18 10:45:32,997 basehttp 17740 12572 "GET /api/accounts/profile/ HTTP/1.1" 200 562
INFO 2026-07-18 10:45:42,341 basehttp 17740 12572 "GET /api/accounts/profile/ HTTP/1.1" 200 562
INFO 2026-07-18 10:45:42,466 basehttp 17740 12572 "GET /api/accounts/profile/ HTTP/1.1" 200 562
INFO 2026-07-18 10:46:02,524 basehttp 17740 12572 "POST /api/accounts/login/ HTTP/1.1" 200 1212
INFO 2026-07-18 10:46:03,139 basehttp 17740 12572 "GET /api/code-review/stats/ HTTP/1.1" 200 140
INFO 2026-07-18 10:46:03,217 basehttp 17740 12572 "GET /api/code-review/stats/ HTTP/1.1" 200 140
INFO 2026-07-18 10:46:03,296 basehttp 17740 12572 "GET /api/code-review/submissions/ HTTP/1.1" 200 52
INFO 2026-07-18 10:46:03,384 basehttp 17740 12572 "GET /api/code-review/submissions/ HTTP/1.1" 200 52
INFO 2026-07-18 10:46:07,433 basehttp 17740 12572 "GET /api/code-review/languages/ HTTP/1.1" 200 126
INFO 2026-07-18 10:46:07,516 basehttp 17740 12572 "GET /api/code-review/languages/ HTTP/1.1" 200 126
INFO 2026-07-18 10:46:41,832 basehttp 17740 12572 "POST /api/code-review/submissions/ HTTP/1.1" 201 89
INFO 2026-07-18 10:46:42,159 basehttp 17740 5572 "OPTIONS /api/code-review/initiate-review/ HTTP/1.1" 200 0
WARNING 2026-07-18 10:46:42,278 basehttp 17740 12572 "POST /api/code-review/initiate-review/ HTTP/1.1" 400 56
INFO 2026-07-18 10:46:45,401 basehttp 17740 12572 "GET /api/code-review/stats/ HTTP/1.1" 200 140
INFO 2026-07-18 10:46:45,506 basehttp 17740 3844 "GET /api/code-review/submissions/ HTTP/1.1" 200 508
INFO 2026-07-18 10:46:45,595 basehttp 17740 12572 "GET /api/code-review/stats/ HTTP/1.1" 200 140
INFO 2026-07-18 10:46:45,688 basehttp 17740 12572 "GET /api/code-review/submissions/ HTTP/1.1" 200 508
INFO 2026-07-18 10:46:59,098 basehttp 17740 12572 "GET /api/code-review/submissions/ HTTP/1.1" 200 508
INFO 2026-07-18 10:46:59,173 basehttp 17740 12572 "GET /api/code-review/submissions/ HTTP/1.1" 200 508
INFO 2026-07-18 10:47:35,641 basehttp 17740 12572 "GET /api/accounts/profile/ HTTP/1.1" 200 562
INFO 2026-07-18 10:47:35,766 basehttp 17740 12572 "GET /api/accounts/profile/ HTTP/1.1" 200 562
INFO 2026-07-18 10:47:50,160 basehttp 17740 12572 "POST /api/accounts/login/ HTTP/1.1" 200 1212
INFO 2026-07-18 10:47:50,768 basehttp 17740 12572 "GET /api/code-review/stats/ HTTP/1.1" 200 140
INFO 2026-07-18 10:47:50,860 basehttp 17740 12572 "GET /api/code-review/stats/ HTTP/1.1" 200 140
INFO 2026-07-18 10:47:50,866 basehttp 17740 3844 "GET /api/code-review/submissions/ HTTP/1.1" 200 508
INFO 2026-07-18 10:47:50,978 basehttp 17740 3844 "GET /api/code-review/submissions/ HTTP/1.1" 200 508
INFO 2026-07-18 10:47:54,548 basehttp 17740 3844 "GET /api/code-review/languages/ HTTP/1.1" 200 126
INFO 2026-07-18 10:47:54,627 basehttp 17740 3844 "GET /api/code-review/languages/ HTTP/1.1" 200 126
INFO 2026-07-18 10:48:04,738 basehttp 17740 3844 "POST /api/code-review/submissions/ HTTP/1.1" 201 77
WARNING 2026-07-18 10:48:04,820 basehttp 17740 3844 "POST /api/code-review/initiate-review/ HTTP/1.1" 400 56
INFO 2026-07-18 10:48:07,926 basehttp 17740 3844 "GET /api/code-review/stats/ HTTP/1.1" 200 140
INFO 2026-07-18 10:48:08,100 basehttp 17740 3844 "GET /api/code-review/stats/ HTTP/1.1" 200 140
INFO 2026-07-18 10:48:08,118 basehttp 17740 12572 "GET /api/code-review/submissions/ HTTP/1.1" 200 953
INFO 2026-07-18 10:48:08,208 basehttp 17740 12572 "GET /api/code-review/submissions/ HTTP/1.1" 200 953
INFO 2026-07-18 10:49:47,783 basehttp 17740 3844 "GET /api/accounts/profile/ HTTP/1.1" 200 562
INFO 2026-07-18 10:49:47,799 basehttp 17740 12572 "GET /api/code-review/stats/ HTTP/1.1" 200 140
INFO 2026-07-18 10:49:47,923 basehttp 17740 12572 "GET /api/code-review/stats/ HTTP/1.1" 200 140
INFO 2026-07-18 10:49:48,072 basehttp 17740 3844 "GET /api/code-review/submissions/ HTTP/1.1" 200 953
INFO 2026-07-18 10:49:48,166 basehttp 17740 3844 "GET /api/code-review/submissions/ HTTP/1.1" 200 953
INFO 2026-07-18 11:02:17,669 autoreload 17740 20612 C:\ai-code-review-platform\backend\code_review\views.py changed, reloading.
INFO 2026-07-18 11:02:19,753 autoreload 4772 3060 Watching for file changes with StatReloader
INFO 2026-07-18 11:02:25,461 basehttp 4772 9244 "GET /api/accounts/profile/ HTTP/1.1" 200 562
INFO 2026-07-18 11:02:25,760 basehttp 4772 9244 "GET /api/accounts/profile/ HTTP/1.1" 200 562
WARNING 2026-07-18 11:03:01,786 basehttp 4772 9244 "POST /api/accounts/login/ HTTP/1.1" 401 183
INFO 2026-07-18 11:03:02,109 basehttp 4772 4272 "OPTIONS /api/token/refresh/ HTTP/1.1" 200 0
INFO 2026-07-18 11:03:02,131 basehttp 4772 4272 "POST /api/token/refresh/ HTTP/1.1" 200 582
INFO 2026-07-18 11:03:03,164 basehttp 4772 9244 "POST /api/accounts/login/ HTTP/1.1" 200 1212
INFO 2026-07-18 11:03:03,946 basehttp 4772 9244 "GET /api/code-review/stats/ HTTP/1.1" 200 140
INFO 2026-07-18 11:03:04,070 basehttp 4772 9244 "GET /api/code-review/stats/ HTTP/1.1" 200 140
INFO 2026-07-18 11:03:04,090 basehttp 4772 8824 "GET /api/code-review/submissions/ HTTP/1.1" 200 953
INFO 2026-07-18 11:03:04,200 basehttp 4772 8824 "GET /api/code-review/submissions/ HTTP/1.1" 200 953
INFO 2026-07-18 11:03:31,085 basehttp 4772 21996 "GET /api/code-review/languages/ HTTP/1.1" 200 126
INFO 2026-07-18 11:03:31,178 basehttp 4772 21996 "GET /api/code-review/languages/ HTTP/1.1" 200 126
INFO 2026-07-18 11:07:49,963 autoreload 4772 3060 C:\ai-code-review-platform\backend\code_review\views.py changed, reloading.
INFO 2026-07-18 11:07:51,734 autoreload 20460 16116 Watching for file changes with StatReloader
INFO 2026-07-18 11:07:58,600 autoreload 20460 16116 C:\ai-code-review-platform\backend\code_review\views.py changed, reloading.
INFO 2026-07-18 11:08:00,317 autoreload 15424 13388 Watching for file changes with StatReloader
INFO 2026-07-18 11:08:15,095 basehttp 15424 2496 "GET /api/accounts/profile/ HTTP/1.1" 200 562
INFO 2026-07-18 11:08:15,238 basehttp 15424 2496 "GET /api/accounts/profile/ HTTP/1.1" 200 562
INFO 2026-07-18 11:08:34,004 basehttp 15424 2496 "POST /api/accounts/login/ HTTP/1.1" 200 1212
INFO 2026-07-18 11:08:34,637 basehttp 15424 2496 "GET /api/code-review/stats/ HTTP/1.1" 200 140
INFO 2026-07-18 11:08:34,772 basehttp 15424 2496 "GET /api/code-review/stats/ HTTP/1.1" 200 140
INFO 2026-07-18 11:08:34,786 basehttp 15424 17212 "GET /api/code-review/submissions/ HTTP/1.1" 200 953
INFO 2026-07-18 11:08:34,905 basehttp 15424 17212 "GET /api/code-review/submissions/ HTTP/1.1" 200 953
INFO 2026-07-18 11:08:37,025 basehttp 15424 17212 "GET /api/code-review/languages/ HTTP/1.1" 200 126
INFO 2026-07-18 11:08:37,111 basehttp 15424 17212 "GET /api/code-review/languages/ HTTP/1.1" 200 126
INFO 2026-07-18 11:22:01,253 autoreload 21188 11680 Watching for file changes with StatReloader
INFO 2026-07-18 11:23:36,143 autoreload 21188 11680 C:\ai-code-review-platform\backend\code_review\views.py changed, reloading.
INFO 2026-07-18 11:23:40,608 autoreload 10692 9024 Watching for file changes with StatReloader
INFO 2026-07-18 11:24:06,438 basehttp 10692 20520 "POST /api/accounts/login/ HTTP/1.1" 200 1212
INFO 2026-07-18 11:24:07,296 basehttp 10692 20520 "GET /api/code-review/stats/ HTTP/1.1" 200 140
INFO 2026-07-18 11:24:07,519 basehttp 10692 20520 "GET /api/code-review/stats/ HTTP/1.1" 200 140
INFO 2026-07-18 11:24:07,609 basehttp 10692 17200 "GET /api/code-review/submissions/ HTTP/1.1" 200 953
INFO 2026-07-18 11:24:07,815 basehttp 10692 17200 "GET /api/code-review/submissions/ HTTP/1.1" 200 953
INFO 2026-07-18 11:24:10,756 basehttp 10692 17200 "GET /api/code-review/languages/ HTTP/1.1" 200 1587
INFO 2026-07-18 11:24:10,970 basehttp 10692 17200 "GET /api/code-review/languages/ HTTP/1.1" 200 1587
INFO 2026-07-18 11:24:41,856 basehttp 10692 17200 "POST /api/code-review/submissions/ HTTP/1.1" 201 84
WARNING 2026-07-18 11:24:42,022 basehttp 10692 17200 "POST /api/code-review/initiate-review/ HTTP/1.1" 400 56
INFO 2026-07-18 11:24:45,387 basehttp 10692 17200 "GET /api/code-review/stats/ HTTP/1.1" 200 140
INFO 2026-07-18 11:24:45,604 basehttp 10692 17200 "GET /api/code-review/stats/ HTTP/1.1" 200 140
INFO 2026-07-18 11:24:45,630 basehttp 10692 20520 "GET /api/code-review/submissions/ HTTP/1.1" 200 1405
INFO 2026-07-18 11:24:45,825 basehttp 10692 20520 "GET /api/code-review/submissions/ HTTP/1.1" 200 1405
INFO 2026-07-18 11:27:14,591 basehttp 10692 20520 "GET /api/code-review/languages/ HTTP/1.1" 200 1587
INFO 2026-07-18 11:27:14,780 basehttp 10692 20520 "GET /api/code-review/languages/ HTTP/1.1" 200 1587
INFO 2026-07-18 11:27:28,153 basehttp 10692 20520 "POST /api/code-review/submissions/ HTTP/1.1" 201 77
WARNING 2026-07-18 11:27:28,347 basehttp 10692 20520 "POST /api/code-review/initiate-review/ HTTP/1.1" 400 56
INFO 2026-07-18 11:27:31,663 basehttp 10692 20520 "GET /api/code-review/stats/ HTTP/1.1" 200 140
INFO 2026-07-18 11:27:31,931 basehttp 10692 20520 "GET /api/code-review/stats/ HTTP/1.1" 200 140
INFO 2026-07-18 11:27:31,957 basehttp 10692 17200 "GET /api/code-review/submissions/ HTTP/1.1" 200 1847
INFO 2026-07-18 11:27:32,270 basehttp 10692 17200 "GET /api/code-review/submissions/ HTTP/1.1" 200 1847
INFO 2026-07-18 12:34:35,702 basehttp 10692 6132 "OPTIONS /api/accounts/logout/ HTTP/1.1" 200 0
INFO 2026-07-18 12:34:35,717 basehttp 10692 6132 "OPTIONS /api/accounts/logout/ HTTP/1.1" 200 0
WARNING 2026-07-18 12:34:36,064 basehttp 10692 21184 "POST /api/accounts/logout/ HTTP/1.1" 401 183
INFO 2026-07-18 12:34:36,195 basehttp 10692 6132 "POST /api/token/refresh/ HTTP/1.1" 200 582
WARNING 2026-07-18 12:34:36,196 basehttp 10692 14584 "POST /api/accounts/logout/ HTTP/1.1" 401 183
INFO 2026-07-18 12:34:36,299 basehttp 10692 6132 "POST /api/token/refresh/ HTTP/1.1" 200 582
WARNING 2026-07-18 12:34:37,271 basehttp 10692 14584 "POST /api/accounts/logout/ HTTP/1.1" 400 107
WARNING 2026-07-18 12:34:37,401 basehttp 10692 21184 "POST /api/accounts/logout/ HTTP/1.1" 400 107
INFO 2026-07-18 12:35:17,804 autoreload 23244 22888 Watching for file changes with StatReloader
INFO 2026-07-18 12:36:22,719 basehttp 10692 6132 "OPTIONS /api/accounts/login/ HTTP/1.1" 200 0
INFO 2026-07-18 12:36:24,645 basehttp 10692 21184 "POST /api/accounts/login/ HTTP/1.1" 200 1212
INFO 2026-07-18 12:36:25,198 basehttp 10692 6132 "OPTIONS /api/code-review/stats/ HTTP/1.1" 200 0
INFO 2026-07-18 12:36:25,223 basehttp 10692 6132 "OPTIONS /api/code-review/stats/ HTTP/1.1" 200 0
INFO 2026-07-18 12:36:25,389 basehttp 10692 21184 "GET /api/code-review/stats/ HTTP/1.1" 200 140
INFO 2026-07-18 12:36:25,398 basehttp 10692 6132 "OPTIONS /api/code-review/submissions/ HTTP/1.1" 200 0
INFO 2026-07-18 12:36:25,551 basehttp 10692 21184 "GET /api/code-review/stats/ HTTP/1.1" 200 140
INFO 2026-07-18 12:36:25,582 basehttp 10692 14584 "GET /api/code-review/submissions/ HTTP/1.1" 200 1847
INFO 2026-07-18 12:36:25,802 basehttp 10692 14584 "GET /api/code-review/submissions/ HTTP/1.1" 200 1847
INFO 2026-07-18 12:36:30,071 basehttp 10692 6132 "OPTIONS /api/code-review/languages/ HTTP/1.1" 200 0
INFO 2026-07-18 12:36:30,072 basehttp 10692 23440 "OPTIONS /api/code-review/languages/ HTTP/1.1" 200 0
INFO 2026-07-18 12:36:30,275 basehttp 10692 14584 "GET /api/code-review/languages/ HTTP/1.1" 200 1587
INFO 2026-07-18 12:36:30,428 basehttp 10692 14584 "GET /api/code-review/languages/ HTTP/1.1" 200 1587
INFO 2026-07-18 12:36:48,374 basehttp 10692 14584 "POST /api/code-review/submissions/ HTTP/1.1" 201 84
INFO 2026-07-18 12:36:51,679 basehttp 10692 14584 "GET /api/code-review/stats/ HTTP/1.1" 200 140
INFO 2026-07-18 12:36:51,874 basehttp 10692 14584 "GET /api/code-review/stats/ HTTP/1.1" 200 140
INFO 2026-07-18 12:36:52,170 basehttp 10692 21184 "GET /api/code-review/submissions/ HTTP/1.1" 200 2299
INFO 2026-07-18 12:36:52,518 basehttp 10692 21184 "GET /api/code-review/submissions/ HTTP/1.1" 200 2299
INFO 2026-07-18 12:40:34,711 basehttp 10692 23440 "OPTIONS /api/accounts/profile/ HTTP/1.1" 200 0
INFO 2026-07-18 12:40:34,713 basehttp 10692 6132 "OPTIONS /api/accounts/profile/ HTTP/1.1" 200 0
INFO 2026-07-18 12:40:34,920 basehttp 10692 21184 "GET /api/accounts/profile/ HTTP/1.1" 200 562
INFO 2026-07-18 12:40:35,070 basehttp 10692 21184 "GET /api/accounts/profile/ HTTP/1.1" 200 562
INFO 2026-07-18 12:41:00,882 autoreload 23244 22888 C:\ai-code-review-platform\backend\code_review\serializers.py changed, reloading.
INFO 2026-07-18 12:41:00,974 autoreload 10692 9024 C:\ai-code-review-platform\backend\code_review\serializers.py changed, reloading.
INFO 2026-07-18 12:41:04,742 autoreload 22676 22628 Watching for file changes with StatReloader
INFO 2026-07-18 12:41:04,844 autoreload 14616 18748 Watching for file changes with StatReloader
INFO 2026-07-18 12:41:15,989 autoreload 14616 18748 C:\ai-code-review-platform\backend\code_review\serializers.py changed, reloading.
INFO 2026-07-18 12:41:16,187 autoreload 22676 22628 C:\ai-code-review-platform\backend\code_review\serializers.py changed, reloading.
INFO 2026-07-18 12:41:19,654 autoreload 17712 4772 Watching for file changes with StatReloader
INFO 2026-07-18 12:41:19,686 autoreload 21476 4084 Watching for file changes with StatReloader
INFO 2026-07-18 12:41:33,335 autoreload 17712 4772 C:\ai-code-review-platform\backend\code_review\serializers.py changed, reloading.
INFO 2026-07-18 12:41:33,414 autoreload 21476 4084 C:\ai-code-review-platform\backend\code_review\serializers.py changed, reloading.
INFO 2026-07-18 12:41:36,432 autoreload 22940 14184 Watching for file changes with StatReloader
INFO 2026-07-18 12:41:36,453 autoreload 1708 22360 Watching for file changes with StatReloader
INFO 2026-07-18 12:43:20,038 autoreload 22940 14184 C:\ai-code-review-platform\backend\code_review\views.py changed, reloading.
INFO 2026-07-18 12:43:20,042 autoreload 1708 22360 C:\ai-code-review-platform\backend\code_review\views.py changed, reloading.
INFO 2026-07-18 12:43:24,130 autoreload 9156 6040 Watching for file changes with StatReloader
INFO 2026-07-18 12:43:24,170 autoreload 19416 22032 Watching for file changes with StatReloader
INFO 2026-07-18 12:43:34,815 basehttp 9156 17472 "GET /api/accounts/profile/ HTTP/1.1" 200 562
INFO 2026-07-18 12:43:35,471 basehttp 9156 17472 "GET /api/accounts/profile/ HTTP/1.1" 200 562
INFO 2026-07-18 12:43:53,511 basehttp 9156 17472 "POST /api/accounts/login/ HTTP/1.1" 200 1212
INFO 2026-07-18 12:43:54,260 basehttp 9156 17472 "GET /api/code-review/stats/ HTTP/1.1" 200 140
INFO 2026-07-18 12:43:54,468 basehttp 9156 17472 "GET /api/code-review/stats/ HTTP/1.1" 200 140
INFO 2026-07-18 12:43:54,519 basehttp 9156 18808 "GET /api/code-review/submissions/ HTTP/1.1" 200 2299
INFO 2026-07-18 12:43:54,719 basehttp 9156 18808 "GET /api/code-review/submissions/ HTTP/1.1" 200 2299
INFO 2026-07-18 12:43:58,866 basehttp 9156 18808 "GET /api/code-review/languages/ HTTP/1.1" 200 1587
INFO 2026-07-18 12:43:59,012 basehttp 9156 18808 "GET /api/code-review/languages/ HTTP/1.1" 200 1587
INFO 2026-07-18 12:44:14,773 basehttp 9156 18808 "POST /api/code-review/submissions/ HTTP/1.1" 201 451
INFO 2026-07-18 12:44:15,027 basehttp 9156 18808 "POST /api/code-review/initiate-review/ HTTP/1.1" 200 192
INFO 2026-07-18 12:44:18,340 basehttp 9156 18808 "GET /api/code-review/stats/ HTTP/1.1" 200 143
INFO 2026-07-18 12:44:18,552 basehttp 9156 18808 "GET /api/code-review/stats/ HTTP/1.1" 200 143
INFO 2026-07-18 12:44:18,592 basehttp 9156 17472 "GET /api/code-review/submissions/ HTTP/1.1" 200 2779
INFO 2026-07-18 12:44:18,806 basehttp 9156 17472 "GET /api/code-review/submissions/ HTTP/1.1" 200 2779
INFO 2026-07-18 12:44:36,495 basehttp 9156 17472 "GET /api/code-review/languages/ HTTP/1.1" 200 1587
INFO 2026-07-18 12:44:36,714 basehttp 9156 17472 "GET /api/code-review/languages/ HTTP/1.1" 200 1587
INFO 2026-07-18 12:44:42,702 basehttp 9156 17472 "GET /api/code-review/stats/ HTTP/1.1" 200 143
INFO 2026-07-18 12:44:42,885 basehttp 9156 17472 "GET /api/code-review/stats/ HTTP/1.1" 200 143
INFO 2026-07-18 12:44:42,927 basehttp 9156 18808 "GET /api/code-review/submissions/ HTTP/1.1" 200 2779
INFO 2026-07-18 12:44:43,117 basehttp 9156 18808 "GET /api/code-review/submissions/ HTTP/1.1" 200 2779
INFO 2026-07-18 12:44:57,696 basehttp 9156 18808 "GET /api/code-review/submissions/ HTTP/1.1" 200 2779
INFO 2026-07-18 12:44:57,948 basehttp 9156 18808 "GET /api/code-review/submissions/ HTTP/1.1" 200 2779
INFO 2026-07-18 12:45:45,804 basehttp 9156 18808 "GET /api/accounts/profile/ HTTP/1.1" 200 562
INFO 2026-07-18 12:45:45,987 basehttp 9156 18808 "GET /api/accounts/profile/ HTTP/1.1" 200 562
INFO 2026-07-18 12:46:01,951 basehttp 9156 18808 "POST /api/accounts/login/ HTTP/1.1" 200 1212
INFO 2026-07-18 12:46:02,733 basehttp 9156 18808 "GET /api/code-review/stats/ HTTP/1.1" 200 143
INFO 2026-07-18 12:46:02,919 basehttp 9156 18808 "GET /api/code-review/stats/ HTTP/1.1" 200 143
INFO 2026-07-18 12:46:02,972 basehttp 9156 17472 "GET /api/code-review/submissions/ HTTP/1.1" 200 2779
INFO 2026-07-18 12:46:03,154 basehttp 9156 17472 "GET /api/code-review/submissions/ HTTP/1.1" 200 2779
INFO 2026-07-18 12:48:22,866 basehttp 9156 17472 "GET /api/code-review/stats/ HTTP/1.1" 200 143
INFO 2026-07-18 12:48:23,048 basehttp 9156 17472 "GET /api/code-review/stats/ HTTP/1.1" 200 143
INFO 2026-07-18 12:48:23,093 basehttp 9156 18808 "GET /api/code-review/submissions/ HTTP/1.1" 200 2779
INFO 2026-07-18 12:48:23,455 basehttp 9156 18808 "GET /api/code-review/submissions/ HTTP/1.1" 200 2779
INFO 2026-07-18 12:48:37,809 basehttp 9156 18808 "GET /api/code-review/submissions/ HTTP/1.1" 200 2779
INFO 2026-07-18 12:48:38,063 basehttp 9156 18808 "GET /api/code-review/submissions/ HTTP/1.1" 200 2779
INFO 2026-07-18 12:48:44,148 basehttp 9156 18808 "GET /api/accounts/profile/ HTTP/1.1" 200 562
INFO 2026-07-18 12:48:44,401 basehttp 9156 18808 "GET /api/accounts/profile/ HTTP/1.1" 200 562
INFO 2026-07-18 12:49:04,460 basehttp 9156 18808 "POST /api/accounts/login/ HTTP/1.1" 200 1212
INFO 2026-07-18 12:49:05,279 basehttp 9156 18808 "GET /api/code-review/stats/ HTTP/1.1" 200 143
INFO 2026-07-18 12:49:05,499 basehttp 9156 18808 "GET /api/code-review/stats/ HTTP/1.1" 200 143
INFO 2026-07-18 12:49:05,555 basehttp 9156 17472 "GET /api/code-review/submissions/ HTTP/1.1" 200 2779
INFO 2026-07-18 12:49:05,748 basehttp 9156 17472 "GET /api/code-review/submissions/ HTTP/1.1" 200 2779
INFO 2026-07-18 12:49:10,141 basehttp 9156 17472 "GET /api/code-review/submissions/ HTTP/1.1" 200 2779
INFO 2026-07-18 12:49:10,413 basehttp 9156 17472 "GET /api/code-review/submissions/ HTTP/1.1" 200 2779
INFO 2026-07-18 12:50:53,779 basehttp 9156 17472 "GET /api/accounts/profile/ HTTP/1.1" 200 562
INFO 2026-07-18 12:50:54,091 basehttp 9156 17472 "GET /api/accounts/profile/ HTTP/1.1" 200 562
INFO 2026-07-18 12:51:16,029 basehttp 9156 17472 "POST /api/accounts/login/ HTTP/1.1" 200 1212
INFO 2026-07-18 12:52:29,869 basehttp 9156 17472 "GET /api/accounts/profile/ HTTP/1.1" 200 562
INFO 2026-07-18 12:52:30,093 basehttp 9156 17472 "GET /api/accounts/profile/ HTTP/1.1" 200 562
INFO 2026-07-18 12:52:59,910 basehttp 9156 17472 "POST /api/accounts/login/ HTTP/1.1" 200 1212
INFO 2026-07-18 12:53:00,698 basehttp 9156 17472 "GET /api/code-review/stats/ HTTP/1.1" 200 143
INFO 2026-07-18 12:53:00,891 basehttp 9156 17472 "GET /api/code-review/stats/ HTTP/1.1" 200 143
INFO 2026-07-18 12:53:00,938 basehttp 9156 18808 "GET /api/code-review/submissions/ HTTP/1.1" 200 2779
INFO 2026-07-18 12:53:01,114 basehttp 9156 18808 "GET /api/code-review/submissions/ HTTP/1.1" 200 2779
INFO 2026-07-18 12:53:04,234 basehttp 9156 18808 "GET /api/code-review/submissions/ HTTP/1.1" 200 2779
INFO 2026-07-18 12:53:04,439 basehttp 9156 18808 "GET /api/code-review/submissions/ HTTP/1.1" 200 2779
INFO 2026-07-18 12:54:44,861 basehttp 9156 18808 "GET /api/accounts/profile/ HTTP/1.1" 200 562
INFO 2026-07-18 12:54:45,037 basehttp 9156 18808 "GET /api/accounts/profile/ HTTP/1.1" 200 562
INFO 2026-07-18 12:55:22,998 basehttp 9156 18808 "POST /api/accounts/login/ HTTP/1.1" 200 1212
INFO 2026-07-18 12:55:23,808 basehttp 9156 18808 "GET /api/code-review/stats/ HTTP/1.1" 200 143
INFO 2026-07-18 12:55:24,005 basehttp 9156 18808 "GET /api/code-review/stats/ HTTP/1.1" 200 143
INFO 2026-07-18 12:55:24,054 basehttp 9156 17472 "GET /api/code-review/submissions/ HTTP/1.1" 200 2779
INFO 2026-07-18 12:55:24,253 basehttp 9156 17472 "GET /api/code-review/submissions/ HTTP/1.1" 200 2779
INFO 2026-07-18 12:55:29,330 basehttp 9156 17472 "GET /api/code-review/submissions/ HTTP/1.1" 200 2779
INFO 2026-07-18 12:55:29,559 basehttp 9156 17472 "GET /api/code-review/submissions/ HTTP/1.1" 200 2779
INFO 2026-07-18 12:55:43,663 basehttp 9156 17472 "GET /api/code-review/submissions/ HTTP/1.1" 200 2779
INFO 2026-07-18 12:55:50,032 basehttp 9156 17472 "GET /api/code-review/languages/ HTTP/1.1" 200 1587
INFO 2026-07-18 12:55:50,244 basehttp 9156 17472 "GET /api/code-review/languages/ HTTP/1.1" 200 1587
INFO 2026-07-18 12:55:53,966 basehttp 9156 17472 "GET /api/code-review/submissions/ HTTP/1.1" 200 2779
INFO 2026-07-18 12:55:54,252 basehttp 9156 17472 "GET /api/code-review/submissions/ HTTP/1.1" 200 2779
INFO 2026-07-18 12:55:57,330 basehttp 9156 17472 "GET /api/code-review/stats/ HTTP/1.1" 200 143
INFO 2026-07-18 12:55:57,562 basehttp 9156 17472 "GET /api/code-review/stats/ HTTP/1.1" 200 143
INFO 2026-07-18 12:55:57,608 basehttp 9156 18808 "GET /api/code-review/submissions/ HTTP/1.1" 200 2779
INFO 2026-07-18 12:55:57,795 basehttp 9156 18808 "GET /api/code-review/submissions/ HTTP/1.1" 200 2779
INFO 2026-07-18 12:56:02,320 basehttp 9156 18808 "GET /api/code-review/submissions/ HTTP/1.1" 200 2779
INFO 2026-07-18 12:56:02,642 basehttp 9156 18808 "GET /api/code-review/submissions/ HTTP/1.1" 200 2779
INFO 2026-07-18 12:56:07,609 basehttp 9156 18808 "GET /api/code-review/stats/ HTTP/1.1" 200 143
INFO 2026-07-18 12:56:07,802 basehttp 9156 18808 "GET /api/code-review/stats/ HTTP/1.1" 200 143
INFO 2026-07-18 12:56:07,834 basehttp 9156 17472 "GET /api/code-review/submissions/ HTTP/1.1" 200 2779
INFO 2026-07-18 12:56:08,031 basehttp 9156 17472 "GET /api/code-review/submissions/ HTTP/1.1" 200 2779
INFO 2026-07-18 13:08:41,779 autoreload 13160 7092 Watching for file changes with StatReloader
INFO 2026-07-18 13:09:43,223 basehttp 13160 14852 "POST /api/accounts/login/ HTTP/1.1" 200 1212
INFO 2026-07-18 13:09:44,021 basehttp 13160 14852 "GET /api/code-review/stats/ HTTP/1.1" 200 143
INFO 2026-07-18 13:09:44,222 basehttp 13160 14852 "GET /api/code-review/stats/ HTTP/1.1" 200 143
INFO 2026-07-18 13:09:44,276 basehttp 13160 23540 "GET /api/code-review/submissions/ HTTP/1.1" 200 2779
INFO 2026-07-18 13:09:44,481 basehttp 13160 23540 "GET /api/code-review/submissions/ HTTP/1.1" 200 2779
INFO 2026-07-18 13:09:51,960 basehttp 13160 23540 "GET /api/code-review/submissions/ HTTP/1.1" 200 2779
INFO 2026-07-18 13:09:52,270 basehttp 13160 23540 "GET /api/code-review/submissions/ HTTP/1.1" 200 2779
INFO 2026-07-18 13:09:57,517 basehttp 13160 23540 "GET /api/code-review/stats/ HTTP/1.1" 200 143
INFO 2026-07-18 13:09:57,729 basehttp 13160 23540 "GET /api/code-review/stats/ HTTP/1.1" 200 143
INFO 2026-07-18 13:09:57,773 basehttp 13160 14852 "GET /api/code-review/submissions/ HTTP/1.1" 200 2779
INFO 2026-07-18 13:09:58,007 basehttp 13160 14852 "GET /api/code-review/submissions/ HTTP/1.1" 200 2779
INFO 2026-07-18 18:29:01,719 autoreload 24128 23348 Watching for file changes with StatReloader
INFO 2026-07-18 18:30:19,548 basehttp 24128 19340 "OPTIONS /api/accounts/logout/ HTTP/1.1" 200 0
INFO 2026-07-18 18:30:19,549 basehttp 24128 2936 "OPTIONS /api/accounts/logout/ HTTP/1.1" 200 0
WARNING 2026-07-18 18:30:19,931 basehttp 24128 22160 "POST /api/accounts/logout/ HTTP/1.1" 401 183
WARNING 2026-07-18 18:30:19,931 basehttp 24128 23784 "POST /api/accounts/logout/ HTTP/1.1" 401 183
INFO 2026-07-18 18:30:19,945 basehttp 24128 2936 "OPTIONS /api/token/refresh/ HTTP/1.1" 200 0
INFO 2026-07-18 18:30:19,955 basehttp 24128 19340 "OPTIONS /api/token/refresh/ HTTP/1.1" 200 0
INFO 2026-07-18 18:30:19,969 basehttp 24128 19340 "POST /api/token/refresh/ HTTP/1.1" 200 582
INFO 2026-07-18 18:30:19,970 basehttp 24128 2936 "POST /api/token/refresh/ HTTP/1.1" 200 582
WARNING 2026-07-18 18:30:20,150 basehttp 24128 23784 "POST /api/accounts/logout/ HTTP/1.1" 400 107
WARNING 2026-07-18 18:30:20,160 basehttp 24128 22160 "POST /api/accounts/logout/ HTTP/1.1" 400 107
INFO 2026-07-18 18:30:43,045 basehttp 24128 2936 "OPTIONS /api/accounts/login/ HTTP/1.1" 200 0
INFO 2026-07-18 18:30:45,356 basehttp 24128 22160 "POST /api/accounts/login/ HTTP/1.1" 200 1212
INFO 2026-07-18 18:31:58,626 basehttp 24128 2936 "OPTIONS /api/accounts/profile/ HTTP/1.1" 200 0
INFO 2026-07-18 18:31:58,627 basehttp 24128 19340 "OPTIONS /api/accounts/profile/ HTTP/1.1" 200 0
INFO 2026-07-18 18:31:58,831 basehttp 24128 22160 "GET /api/accounts/profile/ HTTP/1.1" 200 562
INFO 2026-07-18 18:31:59,006 basehttp 24128 22160 "GET /api/accounts/profile/ HTTP/1.1" 200 562
INFO 2026-07-18 18:32:15,931 basehttp 24128 22160 "POST /api/accounts/login/ HTTP/1.1" 200 1212
INFO 2026-07-18 18:32:16,488 basehttp 24128 2936 "OPTIONS /api/code-review/stats/ HTTP/1.1" 200 0
INFO 2026-07-18 18:32:16,489 basehttp 24128 19340 "OPTIONS /api/code-review/stats/ HTTP/1.1" 200 0
INFO 2026-07-18 18:32:16,697 basehttp 24128 22160 "GET /api/code-review/stats/ HTTP/1.1" 200 143
INFO 2026-07-18 18:32:16,712 basehttp 24128 19340 "OPTIONS /api/code-review/submissions/ HTTP/1.1" 200 0
INFO 2026-07-18 18:32:16,884 basehttp 24128 22160 "GET /api/code-review/stats/ HTTP/1.1" 200 143
INFO 2026-07-18 18:32:16,975 basehttp 24128 23784 "GET /api/code-review/submissions/ HTTP/1.1" 200 2779
INFO 2026-07-18 18:32:17,162 basehttp 24128 23784 "GET /api/code-review/submissions/ HTTP/1.1" 200 2779
INFO 2026-07-18 18:32:46,512 basehttp 24128 23784 "GET /api/code-review/submissions/ HTTP/1.1" 200 2779
INFO 2026-07-18 18:32:46,912 basehttp 24128 23784 "GET /api/code-review/submissions/ HTTP/1.1" 200 2779
INFO 2026-07-18 18:32:51,291 basehttp 24128 23784 "GET /api/code-review/stats/ HTTP/1.1" 200 143
INFO 2026-07-18 18:32:51,548 basehttp 24128 23784 "GET /api/code-review/stats/ HTTP/1.1" 200 143
INFO 2026-07-18 18:32:51,610 basehttp 24128 22160 "GET /api/code-review/submissions/ HTTP/1.1" 200 2779
INFO 2026-07-18 18:32:51,853 basehttp 24128 22160 "GET /api/code-review/submissions/ HTTP/1.1" 200 2779
INFO 2026-07-18 18:32:56,042 basehttp 24128 22160 "GET /api/code-review/stats/ HTTP/1.1" 200 143
INFO 2026-07-18 18:32:56,497 basehttp 24128 22160 "GET /api/code-review/submissions/ HTTP/1.1" 200 2779
INFO 2026-07-18 18:33:49,886 basehttp 24128 19340 "OPTIONS /api/code-review/languages/ HTTP/1.1" 200 0
INFO 2026-07-18 18:33:49,887 basehttp 24128 2936 "OPTIONS /api/code-review/languages/ HTTP/1.1" 200 0
INFO 2026-07-18 18:33:50,077 basehttp 24128 22160 "GET /api/code-review/languages/ HTTP/1.1" 200 1587
INFO 2026-07-18 18:33:50,197 basehttp 24128 22160 "GET /api/code-review/languages/ HTTP/1.1" 200 1587
INFO 2026-07-18 18:34:19,868 basehttp 24128 22160 "POST /api/code-review/submissions/ HTTP/1.1" 201 703
INFO 2026-07-18 18:34:19,882 basehttp 24128 2936 "OPTIONS /api/code-review/initiate-review/ HTTP/1.1" 200 0
INFO 2026-07-18 18:34:20,109 basehttp 24128 22160 "POST /api/code-review/initiate-review/ HTTP/1.1" 200 192
INFO 2026-07-18 18:34:23,425 basehttp 24128 22160 "GET /api/code-review/stats/ HTTP/1.1" 200 143
INFO 2026-07-18 18:34:23,639 basehttp 24128 22160 "GET /api/code-review/stats/ HTTP/1.1" 200 143
INFO 2026-07-18 18:34:23,672 basehttp 24128 23784 "GET /api/code-review/submissions/ HTTP/1.1" 200 3511
INFO 2026-07-18 18:34:23,871 basehttp 24128 23784 "GET /api/code-review/submissions/ HTTP/1.1" 200 3511
INFO 2026-07-18 18:39:47,838 basehttp 24128 19308 "POST /api/accounts/login/ HTTP/1.1" 200 1212
INFO 2026-07-18 18:39:48,713 basehttp 24128 19308 "GET /api/code-review/stats/ HTTP/1.1" 200 143
INFO 2026-07-18 18:39:48,938 basehttp 24128 19308 "GET /api/code-review/stats/ HTTP/1.1" 200 143
INFO 2026-07-18 18:39:48,973 basehttp 24128 5020 "GET /api/code-review/submissions/ HTTP/1.1" 200 3511
INFO 2026-07-18 18:39:49,196 basehttp 24128 5020 "GET /api/code-review/submissions/ HTTP/1.1" 200 3511
INFO 2026-07-18 18:44:12,026 basehttp 24128 5020 "GET /api/accounts/profile/ HTTP/1.1" 200 562
INFO 2026-07-18 18:44:39,653 basehttp 24128 5020 "GET /api/accounts/profile/ HTTP/1.1" 200 562
INFO 2026-07-18 18:46:05,051 basehttp 24128 5020 "GET /api/accounts/profile/ HTTP/1.1" 200 562
INFO 2026-07-18 18:46:05,294 basehttp 24128 5020 "GET /api/accounts/profile/ HTTP/1.1" 200 562
INFO 2026-07-18 18:46:23,803 basehttp 24128 5020 "POST /api/accounts/login/ HTTP/1.1" 200 1212
INFO 2026-07-18 18:46:24,679 basehttp 24128 5020 "GET /api/code-review/stats/ HTTP/1.1" 200 143
INFO 2026-07-18 18:46:24,937 basehttp 24128 5020 "GET /api/code-review/stats/ HTTP/1.1" 200 143
INFO 2026-07-18 18:46:25,250 basehttp 24128 5020 "GET /api/code-review/submissions/ HTTP/1.1" 200 3511
INFO 2026-07-18 18:46:25,527 basehttp 24128 5020 "GET /api/code-review/submissions/ HTTP/1.1" 200 3511
INFO 2026-07-18 18:47:25,712 basehttp 24128 5020 "GET /api/accounts/profile/ HTTP/1.1" 200 562
INFO 2026-07-18 18:47:25,891 basehttp 24128 5020 "GET /api/accounts/profile/ HTTP/1.1" 200 562
INFO 2026-07-18 18:47:43,600 basehttp 24128 5020 "POST /api/accounts/login/ HTTP/1.1" 200 1212
INFO 2026-07-18 18:47:44,349 basehttp 24128 5020 "GET /api/code-review/stats/ HTTP/1.1" 200 143
INFO 2026-07-18 18:47:44,519 basehttp 24128 5020 "GET /api/code-review/stats/ HTTP/1.1" 200 143
INFO 2026-07-18 18:47:44,726 basehttp 24128 5020 "GET /api/code-review/submissions/ HTTP/1.1" 200 3511
INFO 2026-07-18 18:47:45,088 basehttp 24128 5020 "GET /api/code-review/submissions/ HTTP/1.1" 200 3511
INFO 2026-07-18 18:48:54,922 basehttp 24128 5020 "GET /api/accounts/profile/ HTTP/1.1" 200 562
INFO 2026-07-18 18:49:26,296 basehttp 24128 5020 "GET /api/accounts/profile/ HTTP/1.1" 200 562
INFO 2026-07-18 18:49:26,686 basehttp 24128 5020 "GET /api/accounts/profile/ HTTP/1.1" 200 562
INFO 2026-07-18 18:49:44,152 basehttp 24128 5020 "POST /api/accounts/login/ HTTP/1.1" 200 1212
INFO 2026-07-18 18:49:44,995 basehttp 24128 5020 "GET /api/code-review/stats/ HTTP/1.1" 200 143
INFO 2026-07-18 18:49:45,176 basehttp 24128 5020 "GET /api/code-review/stats/ HTTP/1.1" 200 143
INFO 2026-07-18 18:49:45,389 basehttp 24128 5020 "GET /api/code-review/submissions/ HTTP/1.1" 200 3511
INFO 2026-07-18 18:49:45,601 basehttp 24128 5020 "GET /api/code-review/submissions/ HTTP/1.1" 200 3511
INFO 2026-07-18 18:52:14,874 basehttp 24128 5020 "GET /api/accounts/profile/ HTTP/1.1" 200 562
INFO 2026-07-18 18:53:37,070 basehttp 24128 5020 "GET /api/accounts/profile/ HTTP/1.1" 200 562
INFO 2026-07-18 18:53:37,350 basehttp 24128 5020 "GET /api/accounts/profile/ HTTP/1.1" 200 562
INFO 2026-07-18 18:53:51,881 basehttp 24128 15340 "POST /api/accounts/login/ HTTP/1.1" 200 1212
INFO 2026-07-18 18:53:52,667 basehttp 24128 15340 "GET /api/code-review/stats/ HTTP/1.1" 200 143
INFO 2026-07-18 18:53:52,836 basehttp 24128 15340 "GET /api/code-review/stats/ HTTP/1.1" 200 143
INFO 2026-07-18 18:53:52,890 basehttp 24128 3800 "GET /api/code-review/submissions/ HTTP/1.1" 200 3511
INFO 2026-07-18 18:53:53,128 basehttp 24128 3800 "GET /api/code-review/submissions/ HTTP/1.1" 200 3511
INFO 2026-07-18 18:58:05,585 basehttp 24128 3800 "POST /api/accounts/login/ HTTP/1.1" 200 1212
INFO 2026-07-18 18:58:06,388 basehttp 24128 3800 "GET /api/code-review/stats/ HTTP/1.1" 200 143
INFO 2026-07-18 18:58:06,601 basehttp 24128 15340 "GET /api/code-review/submissions/ HTTP/1.1" 200 3511
INFO 2026-07-18 18:58:06,656 basehttp 24128 3800 "GET /api/code-review/stats/ HTTP/1.1" 200 143
INFO 2026-07-18 18:58:07,016 basehttp 24128 3800 "GET /api/code-review/submissions/ HTTP/1.1" 200 3511
INFO 2026-07-18 19:02:23,589 basehttp 24128 3800 "GET /api/accounts/profile/ HTTP/1.1" 200 562
INFO 2026-07-18 19:02:23,760 basehttp 24128 3800 "GET /api/accounts/profile/ HTTP/1.1" 200 562
INFO 2026-07-18 19:04:06,003 basehttp 24128 3800 "GET /api/accounts/profile/ HTTP/1.1" 200 562
INFO 2026-07-18 19:04:30,467 basehttp 24128 3800 "GET /api/accounts/profile/ HTTP/1.1" 200 562
INFO 2026-07-18 19:04:30,639 basehttp 24128 3800 "GET /api/accounts/profile/ HTTP/1.1" 200 562
INFO 2026-07-18 19:04:55,465 basehttp 24128 3800 "POST /api/accounts/login/ HTTP/1.1" 200 1212
INFO 2026-07-18 19:04:56,413 basehttp 24128 3800 "GET /api/code-review/stats/ HTTP/1.1" 200 143
INFO 2026-07-18 19:04:56,565 basehttp 24128 3800 "GET /api/code-review/stats/ HTTP/1.1" 200 143
INFO 2026-07-18 19:04:56,770 basehttp 24128 3800 "GET /api/code-review/submissions/ HTTP/1.1" 200 3511
INFO 2026-07-18 19:04:57,082 basehttp 24128 3800 "GET /api/code-review/submissions/ HTTP/1.1" 200 3511
INFO 2026-07-18 19:05:04,211 basehttp 24128 3800 "GET /api/code-review/languages/ HTTP/1.1" 200 1587
INFO 2026-07-18 19:05:04,459 basehttp 24128 3800 "GET /api/code-review/languages/ HTTP/1.1" 200 1587
INFO 2026-07-18 19:05:07,768 basehttp 24128 3800 "GET /api/code-review/stats/ HTTP/1.1" 200 143
INFO 2026-07-18 19:05:07,992 basehttp 24128 3800 "GET /api/code-review/stats/ HTTP/1.1" 200 143
INFO 2026-07-18 19:05:08,030 basehttp 24128 22884 "GET /api/code-review/submissions/ HTTP/1.1" 200 3511
INFO 2026-07-18 19:05:08,222 basehttp 24128 22884 "GET /api/code-review/submissions/ HTTP/1.1" 200 3511
INFO 2026-07-18 19:05:42,439 basehttp 24128 22884 "POST /api/accounts/login/ HTTP/1.1" 200 1212
INFO 2026-07-18 19:05:43,974 basehttp 24128 22884 "GET /api/code-review/stats/ HTTP/1.1" 200 143
INFO 2026-07-18 19:05:44,248 basehttp 24128 22884 "GET /api/code-review/stats/ HTTP/1.1" 200 143
INFO 2026-07-18 19:05:44,285 basehttp 24128 3800 "GET /api/code-review/submissions/ HTTP/1.1" 200 3511
INFO 2026-07-18 19:05:44,483 basehttp 24128 3800 "GET /api/code-review/submissions/ HTTP/1.1" 200 3511
INFO 2026-07-18 19:07:39,061 basehttp 24128 3800 "GET /api/code-review/stats/ HTTP/1.1" 200 143
INFO 2026-07-18 19:07:39,319 basehttp 24128 3800 "GET /api/code-review/submissions/ HTTP/1.1" 200 3511
INFO 2026-07-18 19:07:42,189 basehttp 24128 3800 "GET /api/code-review/stats/ HTTP/1.1" 200 143
INFO 2026-07-18 19:07:42,476 basehttp 24128 3800 "GET /api/code-review/submissions/ HTTP/1.1" 200 3511
INFO 2026-07-18 19:07:52,087 basehttp 24128 3800 "GET /api/code-review/stats/ HTTP/1.1" 200 143
INFO 2026-07-18 19:07:52,287 basehttp 24128 3800 "GET /api/code-review/submissions/ HTTP/1.1" 200 3511
INFO 2026-07-18 19:11:59,644 basehttp 24128 3800 "GET /api/accounts/profile/ HTTP/1.1" 200 562
INFO 2026-07-18 19:11:59,805 basehttp 24128 3800 "GET /api/accounts/profile/ HTTP/1.1" 200 562
INFO 2026-07-18 19:12:17,579 basehttp 24128 3800 "POST /api/accounts/login/ HTTP/1.1" 200 1212
INFO 2026-07-18 19:12:18,546 basehttp 24128 3800 "GET /api/code-review/stats/ HTTP/1.1" 200 143
INFO 2026-07-18 19:12:18,734 basehttp 24128 3800 "GET /api/code-review/stats/ HTTP/1.1" 200 143
INFO 2026-07-18 19:12:19,011 basehttp 24128 3800 "GET /api/code-review/submissions/ HTTP/1.1" 200 3511
INFO 2026-07-18 19:12:19,278 basehttp 24128 3800 "GET /api/code-review/submissions/ HTTP/1.1" 200 3511
INFO 2026-07-18 19:12:25,522 basehttp 24128 12532 "OPTIONS /api/code-review/submissions/588f892c-0036-4a28-aecd-ffcc4499c37d/ HTTP/1.1" 200 0
INFO 2026-07-18 19:12:25,543 basehttp 24128 14852 "OPTIONS /api/code-review/submissions/588f892c-0036-4a28-aecd-ffcc4499c37d/ HTTP/1.1" 200 0
INFO 2026-07-18 19:12:25,839 basehttp 24128 3800 "GET /api/code-review/submissions/588f892c-0036-4a28-aecd-ffcc4499c37d/ HTTP/1.1" 200 731
INFO 2026-07-18 19:12:26,182 basehttp 24128 3800 "GET /api/code-review/submissions/588f892c-0036-4a28-aecd-ffcc4499c37d/ HTTP/1.1" 200 731
INFO 2026-07-18 19:12:40,396 basehttp 24128 3800 "GET /api/code-review/stats/ HTTP/1.1" 200 143
INFO 2026-07-18 19:12:40,578 basehttp 24128 3800 "GET /api/code-review/stats/ HTTP/1.1" 200 143
INFO 2026-07-18 19:12:40,618 basehttp 24128 22760 "GET /api/code-review/submissions/ HTTP/1.1" 200 3511
INFO 2026-07-18 19:12:40,967 basehttp 24128 22760 "GET /api/code-review/submissions/ HTTP/1.1" 200 3511
INFO 2026-07-19 16:52:04,615 autoreload 5704 1648 Watching for file changes with StatReloader
INFO 2026-07-19 16:52:24,761 basehttp 5704 28128 "GET / HTTP/1.1" 200 515
WARNING 2026-07-19 16:52:24,899 basehttp 5704 28128 "GET /favicon.ico HTTP/1.1" 404 4652
INFO 2026-07-19 16:52:50,181 basehttp 5704 27828 "OPTIONS /api/accounts/login/ HTTP/1.1" 200 0
INFO 2026-07-19 16:52:51,207 basehttp 5704 18120 "POST /api/accounts/login/ HTTP/1.1" 200 1212
INFO 2026-07-19 16:52:51,754 basehttp 5704 27828 "OPTIONS /api/code-review/stats/ HTTP/1.1" 200 0
INFO 2026-07-19 16:52:51,754 basehttp 5704 28092 "OPTIONS /api/code-review/stats/ HTTP/1.1" 200 0
INFO 2026-07-19 16:52:51,858 basehttp 5704 18120 "GET /api/code-review/stats/ HTTP/1.1" 200 143
INFO 2026-07-19 16:52:51,864 basehttp 5704 28092 "OPTIONS /api/code-review/submissions/ HTTP/1.1" 200 0
INFO 2026-07-19 16:52:51,948 basehttp 5704 18120 "GET /api/code-review/stats/ HTTP/1.1" 200 143
INFO 2026-07-19 16:52:52,089 basehttp 5704 28284 "GET /api/code-review/submissions/ HTTP/1.1" 200 3511
INFO 2026-07-19 16:52:52,308 basehttp 5704 28284 "GET /api/code-review/submissions/ HTTP/1.1" 200 3511
INFO 2026-07-19 16:52:57,044 basehttp 5704 28092 "OPTIONS /api/code-review/submissions/588f892c-0036-4a28-aecd-ffcc4499c37d/ HTTP/1.1" 200 0
INFO 2026-07-19 16:52:57,045 basehttp 5704 27828 "OPTIONS /api/code-review/submissions/588f892c-0036-4a28-aecd-ffcc4499c37d/ HTTP/1.1" 200 0
INFO 2026-07-19 16:52:57,235 basehttp 5704 28284 "GET /api/code-review/submissions/588f892c-0036-4a28-aecd-ffcc4499c37d/ HTTP/1.1" 200 731
INFO 2026-07-19 16:52:57,308 basehttp 5704 28284 "GET /api/code-review/submissions/588f892c-0036-4a28-aecd-ffcc4499c37d/ HTTP/1.1" 200 731
INFO 2026-07-19 16:53:07,890 basehttp 5704 28092 "OPTIONS /api/code-review/languages/ HTTP/1.1" 200 0
INFO 2026-07-19 16:53:07,891 basehttp 5704 27828 "OPTIONS /api/code-review/languages/ HTTP/1.1" 200 0
INFO 2026-07-19 16:53:07,973 basehttp 5704 28284 "GET /api/code-review/languages/ HTTP/1.1" 200 1587
INFO 2026-07-19 16:53:08,201 basehttp 5704 28284 "GET /api/code-review/languages/ HTTP/1.1" 200 1587
INFO 2026-07-19 16:53:13,068 basehttp 5704 28284 "GET /api/code-review/stats/ HTTP/1.1" 200 143
INFO 2026-07-19 16:53:13,148 basehttp 5704 28284 "GET /api/code-review/stats/ HTTP/1.1" 200 143
INFO 2026-07-19 16:53:13,163 basehttp 5704 18120 "GET /api/code-review/submissions/ HTTP/1.1" 200 3511
INFO 2026-07-19 16:53:13,274 basehttp 5704 18120 "GET /api/code-review/submissions/ HTTP/1.1" 200 3511
INFO 2026-07-19 16:55:39,559 basehttp 5704 18120 "GET /api/code-review/submissions/588f892c-0036-4a28-aecd-ffcc4499c37d/ HTTP/1.1" 200 731
INFO 2026-07-19 16:55:39,634 basehttp 5704 18120 "GET /api/code-review/submissions/588f892c-0036-4a28-aecd-ffcc4499c37d/ HTTP/1.1" 200 731
INFO 2026-07-19 16:58:25,624 basehttp 5704 3496 "OPTIONS /api/accounts/profile/ HTTP/1.1" 200 0
INFO 2026-07-19 16:58:25,626 basehttp 5704 19996 "OPTIONS /api/accounts/profile/ HTTP/1.1" 200 0
INFO 2026-07-19 16:58:26,087 basehttp 5704 18492 "GET /api/accounts/profile/ HTTP/1.1" 200 562
INFO 2026-07-19 16:58:26,180 basehttp 5704 18492 "GET /api/accounts/profile/ HTTP/1.1" 200 562
INFO 2026-07-19 16:58:37,804 basehttp 5704 18492 "POST /api/accounts/login/ HTTP/1.1" 200 1212
INFO 2026-07-19 16:58:38,432 basehttp 5704 18492 "GET /api/code-review/stats/ HTTP/1.1" 200 143
INFO 2026-07-19 16:58:38,562 basehttp 5704 18492 "GET /api/code-review/stats/ HTTP/1.1" 200 143
INFO 2026-07-19 16:58:38,605 basehttp 5704 21424 "GET /api/code-review/submissions/ HTTP/1.1" 200 3511
INFO 2026-07-19 16:58:38,696 basehttp 5704 21424 "GET /api/code-review/submissions/ HTTP/1.1" 200 3511
INFO 2026-07-19 16:58:42,633 basehttp 5704 19996 "OPTIONS /api/code-review/submissions/cb90295e-b753-4d98-9474-f082b30503e1/ HTTP/1.1" 200 0
INFO 2026-07-19 16:58:42,633 basehttp 5704 3496 "OPTIONS /api/code-review/submissions/cb90295e-b753-4d98-9474-f082b30503e1/ HTTP/1.1" 200 0
INFO 2026-07-19 16:58:42,713 basehttp 5704 21424 "GET /api/code-review/submissions/cb90295e-b753-4d98-9474-f082b30503e1/ HTTP/1.1" 200 479
INFO 2026-07-19 16:58:42,793 basehttp 5704 21424 "GET /api/code-review/submissions/cb90295e-b753-4d98-9474-f082b30503e1/ HTTP/1.1" 200 479
INFO 2026-07-19 16:59:58,428 basehttp 5704 21424 "GET /api/code-review/stats/ HTTP/1.1" 200 143
INFO 2026-07-19 16:59:58,511 basehttp 5704 21424 "GET /api/code-review/stats/ HTTP/1.1" 200 143
INFO 2026-07-19 16:59:58,531 basehttp 5704 18492 "GET /api/code-review/submissions/ HTTP/1.1" 200 3511
INFO 2026-07-19 16:59:58,717 basehttp 5704 18492 "GET /api/code-review/submissions/ HTTP/1.1" 200 3511
INFO 2026-07-19 17:00:01,999 basehttp 5704 18492 "GET /api/code-review/submissions/588f892c-0036-4a28-aecd-ffcc4499c37d/ HTTP/1.1" 200 731
INFO 2026-07-19 17:00:02,108 basehttp 5704 18492 "GET /api/code-review/submissions/588f892c-0036-4a28-aecd-ffcc4499c37d/ HTTP/1.1" 200 731
INFO 2026-07-19 17:03:21,530 autoreload 5704 1648 C:\ai-code-review-platform\backend\code_review\views.py changed, reloading.
INFO 2026-07-19 17:03:23,891 autoreload 28136 22156 Watching for file changes with StatReloader
INFO 2026-07-19 17:03:30,101 autoreload 28136 22156 C:\ai-code-review-platform\backend\code_review\views.py changed, reloading.
INFO 2026-07-19 17:03:31,642 autoreload 3276 10004 Watching for file changes with StatReloader
INFO 2026-07-19 17:04:32,693 autoreload 3276 10004 C:\ai-code-review-platform\backend\code_review\views.py changed, reloading.
INFO 2026-07-19 17:04:34,146 autoreload 27052 16592 Watching for file changes with StatReloader
INFO 2026-07-19 17:04:36,069 autoreload 27052 16592 C:\ai-code-review-platform\backend\code_review\views.py changed, reloading.
INFO 2026-07-19 17:04:37,361 autoreload 27252 3828 Watching for file changes with StatReloader
INFO 2026-07-19 17:06:30,427 autoreload 27252 3828 C:\ai-code-review-platform\backend\code_review\views.py changed, reloading.
INFO 2026-07-19 17:06:32,013 autoreload 22028 10616 Watching for file changes with StatReloader
INFO 2026-07-19 17:06:34,831 basehttp 22028 17544 "GET /api/accounts/profile/ HTTP/1.1" 200 562
INFO 2026-07-19 17:06:34,908 basehttp 22028 17544 "GET /api/accounts/profile/ HTTP/1.1" 200 562
INFO 2026-07-19 17:06:35,001 basehttp 22028 17544 "GET /api/accounts/profile/ HTTP/1.1" 200 562
INFO 2026-07-19 17:06:35,077 basehttp 22028 17544 "GET /api/accounts/profile/ HTTP/1.1" 200 562
INFO 2026-07-19 17:07:15,991 autoreload 22028 10616 C:\ai-code-review-platform\backend\code_review\serializers.py changed, reloading.
INFO 2026-07-19 17:07:17,916 autoreload 20128 3696 Watching for file changes with StatReloader
INFO 2026-07-19 17:07:31,988 autoreload 20128 3696 C:\ai-code-review-platform\backend\code_review\models.py changed, reloading.
INFO 2026-07-19 17:07:33,881 autoreload 7748 25472 Watching for file changes with StatReloader
INFO 2026-07-19 18:08:11,926 autoreload 14372 3584 Watching for file changes with StatReloader
INFO 2026-07-19 18:09:25,092 autoreload 14372 3584 C:\ai-code-review-platform\backend\code_review\models.py changed, reloading.
INFO 2026-07-19 18:09:31,163 autoreload 14216 8520 Watching for file changes with StatReloader
INFO 2026-07-19 18:09:56,687 autoreload 11128 15356 Watching for file changes with StatReloader
INFO 2026-07-19 18:10:34,247 basehttp 11128 20436 "OPTIONS /api/accounts/login/ HTTP/1.1" 200 0
INFO 2026-07-19 18:10:37,175 basehttp 11128 3928 "POST /api/accounts/login/ HTTP/1.1" 200 1212
INFO 2026-07-19 18:10:37,777 basehttp 11128 20436 "OPTIONS /api/code-review/stats/ HTTP/1.1" 200 0
INFO 2026-07-19 18:10:37,777 basehttp 11128 11444 "OPTIONS /api/code-review/stats/ HTTP/1.1" 200 0
INFO 2026-07-19 18:10:37,991 basehttp 11128 3928 "GET /api/code-review/stats/ HTTP/1.1" 200 143
INFO 2026-07-19 18:10:38,005 basehttp 11128 20436 "OPTIONS /api/code-review/submissions/ HTTP/1.1" 200 0
INFO 2026-07-19 18:10:38,208 basehttp 11128 3928 "GET /api/code-review/stats/ HTTP/1.1" 200 143
INFO 2026-07-19 18:10:38,423 basehttp 11128 12148 "GET /api/code-review/submissions/ HTTP/1.1" 200 3511
INFO 2026-07-19 18:10:38,675 basehttp 11128 12148 "GET /api/code-review/submissions/ HTTP/1.1" 200 3511
INFO 2026-07-19 18:10:45,143 basehttp 11128 11444 "OPTIONS /api/code-review/submissions/cb90295e-b753-4d98-9474-f082b30503e1/ HTTP/1.1" 200 0
INFO 2026-07-19 18:10:45,144 basehttp 11128 20436 "OPTIONS /api/code-review/submissions/cb90295e-b753-4d98-9474-f082b30503e1/ HTTP/1.1" 200 0
INFO 2026-07-19 18:10:46,617 basehttp 11128 12148 "GET /api/code-review/submissions/cb90295e-b753-4d98-9474-f082b30503e1/ HTTP/1.1" 200 479
INFO 2026-07-19 18:10:46,844 basehttp 11128 12148 "GET /api/code-review/submissions/cb90295e-b753-4d98-9474-f082b30503e1/ HTTP/1.1" 200 479
INFO 2026-07-19 18:10:50,583 basehttp 11128 12148 "GET /api/code-review/stats/ HTTP/1.1" 200 143
INFO 2026-07-19 18:10:50,796 basehttp 11128 12148 "GET /api/code-review/stats/ HTTP/1.1" 200 143
INFO 2026-07-19 18:10:50,865 basehttp 11128 3928 "GET /api/code-review/submissions/ HTTP/1.1" 200 3511
INFO 2026-07-19 18:10:51,121 basehttp 11128 3928 "GET /api/code-review/submissions/ HTTP/1.1" 200 3511
INFO 2026-07-19 18:10:55,540 basehttp 11128 11444 "OPTIONS /api/code-review/submissions/588f892c-0036-4a28-aecd-ffcc4499c37d/ HTTP/1.1" 200 0
INFO 2026-07-19 18:10:55,541 basehttp 11128 20436 "OPTIONS /api/code-review/submissions/588f892c-0036-4a28-aecd-ffcc4499c37d/ HTTP/1.1" 200 0
INFO 2026-07-19 18:10:55,745 basehttp 11128 3928 "GET /api/code-review/submissions/588f892c-0036-4a28-aecd-ffcc4499c37d/ HTTP/1.1" 200 731
INFO 2026-07-19 18:10:55,946 basehttp 11128 3928 "GET /api/code-review/submissions/588f892c-0036-4a28-aecd-ffcc4499c37d/ HTTP/1.1" 200 731
INFO 2026-07-19 18:12:23,458 basehttp 11128 11444 "OPTIONS /api/code-review/languages/ HTTP/1.1" 200 0
INFO 2026-07-19 18:12:23,459 basehttp 11128 20436 "OPTIONS /api/code-review/languages/ HTTP/1.1" 200 0
INFO 2026-07-19 18:12:23,670 basehttp 11128 3928 "GET /api/code-review/languages/ HTTP/1.1" 200 1587
INFO 2026-07-19 18:12:23,831 basehttp 11128 3928 "GET /api/code-review/languages/ HTTP/1.1" 200 1587
INFO 2026-07-19 18:12:56,843 basehttp 11128 3928 "POST /api/code-review/submissions/ HTTP/1.1" 201 707
INFO 2026-07-19 18:12:56,857 basehttp 11128 20436 "OPTIONS /api/code-review/initiate-review/ HTTP/1.1" 200 0
INFO 2026-07-19 18:12:57,114 basehttp 11128 3928 "POST /api/code-review/initiate-review/ HTTP/1.1" 200 2834
INFO 2026-07-19 18:13:00,483 basehttp 11128 3928 "GET /api/code-review/stats/ HTTP/1.1" 200 144
INFO 2026-07-19 18:13:00,694 basehttp 11128 3928 "GET /api/code-review/stats/ HTTP/1.1" 200 144
INFO 2026-07-19 18:13:00,752 basehttp 11128 12148 "GET /api/code-review/submissions/ HTTP/1.1" 200 6875
INFO 2026-07-19 18:13:01,001 basehttp 11128 3928 "GET /api/code-review/submissions/ HTTP/1.1" 200 6875
INFO 2026-07-19 18:13:05,952 basehttp 11128 11444 "OPTIONS /api/code-review/submissions/1a606d1a-0743-4319-bd7a-5b5298dee4f8/ HTTP/1.1" 200 0
INFO 2026-07-19 18:13:05,953 basehttp 11128 20436 "OPTIONS /api/code-review/submissions/1a606d1a-0743-4319-bd7a-5b5298dee4f8/ HTTP/1.1" 200 0
INFO 2026-07-19 18:13:06,192 basehttp 11128 3928 "GET /api/code-review/submissions/1a606d1a-0743-4319-bd7a-5b5298dee4f8/ HTTP/1.1" 200 3363
INFO 2026-07-19 18:13:06,379 basehttp 11128 3928 "GET /api/code-review/submissions/1a606d1a-0743-4319-bd7a-5b5298dee4f8/ HTTP/1.1" 200 3363
INFO 2026-07-19 18:14:08,247 basehttp 11128 3928 "GET /api/code-review/stats/ HTTP/1.1" 200 144
INFO 2026-07-19 18:14:08,438 basehttp 11128 3928 "GET /api/code-review/stats/ HTTP/1.1" 200 144
INFO 2026-07-19 18:14:08,504 basehttp 11128 12148 "GET /api/code-review/submissions/ HTTP/1.1" 200 6875
INFO 2026-07-19 18:14:08,780 basehttp 11128 12148 "GET /api/code-review/submissions/ HTTP/1.1" 200 6875
INFO 2026-07-19 18:14:49,083 basehttp 11128 12148 "GET /api/code-review/submissions/1a606d1a-0743-4319-bd7a-5b5298dee4f8/ HTTP/1.1" 200 3363
INFO 2026-07-19 18:14:49,442 basehttp 11128 12148 "GET /api/code-review/submissions/1a606d1a-0743-4319-bd7a-5b5298dee4f8/ HTTP/1.1" 200 3363
INFO 2026-07-19 18:14:55,157 basehttp 11128 12148 "GET /api/code-review/languages/ HTTP/1.1" 200 1587
INFO 2026-07-19 18:14:55,378 basehttp 11128 12148 "GET /api/code-review/languages/ HTTP/1.1" 200 1587
INFO 2026-07-21 12:29:09,111 autoreload 21324 21740 Watching for file changes with StatReloader
INFO 2026-07-21 12:29:49,653 basehttp 21324 12024 "OPTIONS /api/accounts/login/ HTTP/1.1" 200 0
INFO 2026-07-21 12:29:51,676 basehttp 21324 23564 "POST /api/accounts/login/ HTTP/1.1" 200 1212
INFO 2026-07-21 12:29:52,251 basehttp 21324 5968 "OPTIONS /api/code-review/stats/ HTTP/1.1" 200 0
INFO 2026-07-21 12:29:52,252 basehttp 21324 12024 "OPTIONS /api/code-review/stats/ HTTP/1.1" 200 0
INFO 2026-07-21 12:29:52,416 basehttp 21324 23564 "GET /api/code-review/stats/ HTTP/1.1" 200 144
INFO 2026-07-21 12:29:52,426 basehttp 21324 12024 "OPTIONS /api/code-review/submissions/ HTTP/1.1" 200 0
INFO 2026-07-21 12:29:52,574 basehttp 21324 23564 "GET /api/code-review/stats/ HTTP/1.1" 200 144
INFO 2026-07-21 12:29:52,644 basehttp 21324 18904 "GET /api/code-review/submissions/ HTTP/1.1" 200 6875
INFO 2026-07-21 12:29:52,827 basehttp 21324 18904 "GET /api/code-review/submissions/ HTTP/1.1" 200 6875
INFO 2026-07-21 12:34:00,051 basehttp 21324 12024 "OPTIONS /api/accounts/profile/ HTTP/1.1" 200 0
INFO 2026-07-21 12:34:00,051 basehttp 21324 5968 "OPTIONS /api/accounts/profile/ HTTP/1.1" 200 0
INFO 2026-07-21 12:34:00,061 basehttp 21324 5968 "OPTIONS /api/accounts/profile/ HTTP/1.1" 200 0
INFO 2026-07-21 12:34:00,354 basehttp 21324 18904 - Broken pipe from ('127.0.0.1', 53660)
INFO 2026-07-21 12:34:04,058 basehttp 21324 23564 "GET /api/accounts/profile/ HTTP/1.1" 200 562
INFO 2026-07-21 12:34:04,220 basehttp 21324 23564 "GET /api/accounts/profile/ HTTP/1.1" 200 562
INFO 2026-07-21 12:34:04,404 basehttp 21324 23564 "GET /api/accounts/profile/ HTTP/1.1" 200 562
INFO 2026-07-21 12:34:04,541 basehttp 21324 23564 "GET /api/accounts/profile/ HTTP/1.1" 200 562
INFO 2026-07-21 12:35:52,194 basehttp 21324 23564 "POST /api/accounts/login/ HTTP/1.1" 200 1212
INFO 2026-07-21 12:35:52,832 basehttp 21324 23564 "GET /api/code-review/stats/ HTTP/1.1" 200 144
INFO 2026-07-21 12:35:53,021 basehttp 21324 23564 "GET /api/code-review/stats/ HTTP/1.1" 200 144
INFO 2026-07-21 12:35:53,126 basehttp 21324 23564 "GET /api/code-review/submissions/ HTTP/1.1" 200 6875
INFO 2026-07-21 12:35:53,253 basehttp 21324 23564 "GET /api/code-review/submissions/ HTTP/1.1" 200 6875
INFO 2026-07-21 12:36:02,456 basehttp 21324 5968 "OPTIONS /api/code-review/submissions/1a606d1a-0743-4319-bd7a-5b5298dee4f8/ HTTP/1.1" 200 0
INFO 2026-07-21 12:36:02,648 basehttp 21324 23564 "DELETE /api/code-review/submissions/1a606d1a-0743-4319-bd7a-5b5298dee4f8/ HTTP/1.1" 204 0
WARNING 2026-07-21 12:36:02,747 basehttp 21324 23564 "GET /api/code-review/submissions/1a606d1a-0743-4319-bd7a-5b5298dee4f8/ HTTP/1.1" 404 55
INFO 2026-07-21 12:36:02,763 basehttp 21324 18256 "GET /api/code-review/stats/ HTTP/1.1" 200 143
INFO 2026-07-21 12:36:02,877 basehttp 21324 18256 "GET /api/code-review/submissions/ HTTP/1.1" 200 3511
WARNING 2026-07-21 12:36:02,940 basehttp 21324 23564 "GET /api/code-review/submissions/1a606d1a-0743-4319-bd7a-5b5298dee4f8/ HTTP/1.1" 404 55
INFO 2026-07-21 12:36:09,072 basehttp 21324 23564 "GET /api/code-review/stats/ HTTP/1.1" 200 143
INFO 2026-07-21 12:36:09,152 basehttp 21324 23564 "GET /api/code-review/stats/ HTTP/1.1" 200 143
INFO 2026-07-21 12:36:09,172 basehttp 21324 18256 "GET /api/code-review/submissions/ HTTP/1.1" 200 3511
INFO 2026-07-21 12:36:09,277 basehttp 21324 18256 "GET /api/code-review/submissions/ HTTP/1.1" 200 3511
INFO 2026-07-21 12:36:28,858 basehttp 21324 18256 "GET /api/code-review/stats/ HTTP/1.1" 200 143
INFO 2026-07-21 12:36:29,313 basehttp 21324 18256 "GET /api/code-review/submissions/ HTTP/1.1" 200 3511
INFO 2026-07-21 12:38:22,760 basehttp 21324 18256 "GET /api/accounts/profile/ HTTP/1.1" 200 562
INFO 2026-07-21 12:38:22,843 basehttp 21324 18256 "GET /api/accounts/profile/ HTTP/1.1" 200 562
INFO 2026-07-21 12:38:22,921 basehttp 21324 18256 "GET /api/accounts/profile/ HTTP/1.1" 200 562
INFO 2026-07-21 12:38:22,987 basehttp 21324 18256 "GET /api/accounts/profile/ HTTP/1.1" 200 562
INFO 2026-07-21 12:38:37,624 basehttp 21324 18256 "GET /api/accounts/profile/ HTTP/1.1" 200 562
INFO 2026-07-21 12:38:37,719 basehttp 21324 18256 "GET /api/accounts/profile/ HTTP/1.1" 200 562
INFO 2026-07-21 12:38:52,553 basehttp 21324 18256 "POST /api/accounts/login/ HTTP/1.1" 200 1212
INFO 2026-07-21 12:38:53,180 basehttp 21324 18256 "GET /api/code-review/stats/ HTTP/1.1" 200 143
INFO 2026-07-21 12:38:53,273 basehttp 21324 18256 "GET /api/code-review/stats/ HTTP/1.1" 200 143
INFO 2026-07-21 12:38:53,299 basehttp 21324 23564 "GET /api/code-review/submissions/ HTTP/1.1" 200 3511
INFO 2026-07-21 12:38:53,507 basehttp 21324 23564 "GET /api/code-review/submissions/ HTTP/1.1" 200 3511
INFO 2026-07-21 12:38:58,429 basehttp 21324 5968 "OPTIONS /api/code-review/submissions/588f892c-0036-4a28-aecd-ffcc4499c37d/ HTTP/1.1" 200 0
INFO 2026-07-21 12:38:58,577 basehttp 21324 23564 "DELETE /api/code-review/submissions/588f892c-0036-4a28-aecd-ffcc4499c37d/ HTTP/1.1" 204 0
WARNING 2026-07-21 12:38:58,662 basehttp 21324 23564 "GET /api/code-review/submissions/588f892c-0036-4a28-aecd-ffcc4499c37d/ HTTP/1.1" 404 55
INFO 2026-07-21 12:38:58,685 basehttp 21324 18256 "GET /api/code-review/stats/ HTTP/1.1" 200 143
WARNING 2026-07-21 12:38:58,750 basehttp 21324 23564 "GET /api/code-review/submissions/588f892c-0036-4a28-aecd-ffcc4499c37d/ HTTP/1.1" 404 55
INFO 2026-07-21 12:38:58,783 basehttp 21324 18256 "GET /api/code-review/submissions/ HTTP/1.1" 200 2779
WARNING 2026-07-21 12:40:52,970 basehttp 21324 18256 "GET /api/code-review/submissions/588f892c-0036-4a28-aecd-ffcc4499c37d/ HTTP/1.1" 404 55
INFO 2026-07-21 12:40:56,949 basehttp 21324 18256 "GET /api/code-review/stats/ HTTP/1.1" 200 143
INFO 2026-07-21 12:40:57,036 basehttp 21324 18256 "GET /api/code-review/stats/ HTTP/1.1" 200 143
INFO 2026-07-21 12:40:57,180 basehttp 21324 23564 "GET /api/code-review/submissions/ HTTP/1.1" 200 2779
INFO 2026-07-21 12:40:57,307 basehttp 21324 23564 "GET /api/code-review/submissions/ HTTP/1.1" 200 2779
INFO 2026-07-21 12:41:25,082 basehttp 21324 23564 "GET /api/code-review/stats/ HTTP/1.1" 200 143
INFO 2026-07-21 12:41:25,191 basehttp 21324 23564 "GET /api/code-review/submissions/ HTTP/1.1" 200 2779
INFO 2026-07-21 12:41:29,036 basehttp 21324 23564 "GET /api/code-review/stats/ HTTP/1.1" 200 143
INFO 2026-07-21 12:41:29,150 basehttp 21324 23564 "GET /api/code-review/submissions/ HTTP/1.1" 200 2779
INFO 2026-07-21 12:41:40,561 basehttp 21324 5968 "OPTIONS /api/code-review/submissions/cb90295e-b753-4d98-9474-f082b30503e1/ HTTP/1.1" 200 0
INFO 2026-07-21 12:41:40,717 basehttp 21324 23564 "DELETE /api/code-review/submissions/cb90295e-b753-4d98-9474-f082b30503e1/ HTTP/1.1" 204 0
WARNING 2026-07-21 12:41:40,812 basehttp 21324 23564 "GET /api/code-review/submissions/cb90295e-b753-4d98-9474-f082b30503e1/ HTTP/1.1" 404 55
INFO 2026-07-21 12:41:40,828 basehttp 21324 18256 "GET /api/code-review/stats/ HTTP/1.1" 200 140
WARNING 2026-07-21 12:41:40,892 basehttp 21324 23564 "GET /api/code-review/submissions/cb90295e-b753-4d98-9474-f082b30503e1/ HTTP/1.1" 404 55
INFO 2026-07-21 12:41:43,923 basehttp 21324 23564 "GET /api/code-review/stats/ HTTP/1.1" 200 140
INFO 2026-07-21 12:41:44,014 basehttp 21324 23564 "GET /api/code-review/stats/ HTTP/1.1" 200 140
INFO 2026-07-21 12:41:44,032 basehttp 21324 18256 "GET /api/code-review/submissions/ HTTP/1.1" 200 2299
INFO 2026-07-21 12:41:44,135 basehttp 21324 18256 "GET /api/code-review/submissions/ HTTP/1.1" 200 2299
INFO 2026-07-21 12:43:14,497 basehttp 21324 18256 "GET /api/accounts/profile/ HTTP/1.1" 200 562
INFO 2026-07-21 12:43:15,002 basehttp 21324 18256 "GET /api/accounts/profile/ HTTP/1.1" 200 562
INFO 2026-07-21 12:43:15,164 basehttp 21324 18256 "GET /api/accounts/profile/ HTTP/1.1" 200 562
INFO 2026-07-21 12:43:15,383 basehttp 21324 18256 "GET /api/accounts/profile/ HTTP/1.1" 200 562
INFO 2026-07-21 12:43:28,862 basehttp 21324 18256 "POST /api/accounts/login/ HTTP/1.1" 200 1212
INFO 2026-07-21 12:43:29,494 basehttp 21324 18256 "GET /api/code-review/stats/ HTTP/1.1" 200 140
INFO 2026-07-21 12:43:29,602 basehttp 21324 18256 "GET /api/code-review/stats/ HTTP/1.1" 200 140
INFO 2026-07-21 12:43:29,625 basehttp 21324 23564 "GET /api/code-review/submissions/ HTTP/1.1" 200 2299
INFO 2026-07-21 12:43:29,747 basehttp 21324 23564 "GET /api/code-review/submissions/ HTTP/1.1" 200 2299
INFO 2026-07-21 12:43:40,681 basehttp 21324 5968 "OPTIONS /api/code-review/submissions/0c4db7c7-4b25-4808-bba2-9cf593d30314/ HTTP/1.1" 200 0
INFO 2026-07-21 12:43:40,934 basehttp 21324 23564 "DELETE /api/code-review/submissions/0c4db7c7-4b25-4808-bba2-9cf593d30314/ HTTP/1.1" 204 0
WARNING 2026-07-21 12:43:40,944 basehttp 21324 18256 "GET /api/code-review/submissions/0c4db7c7-4b25-4808-bba2-9cf593d30314/ HTTP/1.1" 404 55
WARNING 2026-07-21 12:43:41,030 basehttp 21324 18256 "GET /api/code-review/submissions/0c4db7c7-4b25-4808-bba2-9cf593d30314/ HTTP/1.1" 404 55
INFO 2026-07-21 12:43:41,033 basehttp 21324 23564 "GET /api/code-review/stats/ HTTP/1.1" 200 140
INFO 2026-07-21 12:43:44,180 basehttp 21324 23564 "GET /api/code-review/stats/ HTTP/1.1" 200 140
INFO 2026-07-21 12:43:44,279 basehttp 21324 23564 "GET /api/code-review/stats/ HTTP/1.1" 200 140
INFO 2026-07-21 12:43:44,298 basehttp 21324 18256 "GET /api/code-review/submissions/ HTTP/1.1" 200 1854
INFO 2026-07-21 12:43:44,412 basehttp 21324 18256 "GET /api/code-review/submissions/ HTTP/1.1" 200 1854
INFO 2026-07-21 12:43:56,920 basehttp 21324 5968 "OPTIONS /api/code-review/submissions/32019589-e1d3-4b95-9e72-8b04cecd325a/ HTTP/1.1" 200 0
INFO 2026-07-21 12:43:56,926 basehttp 21324 5968 "OPTIONS /api/code-review/submissions/32019589-e1d3-4b95-9e72-8b04cecd325a/ HTTP/1.1" 200 0
INFO 2026-07-21 12:43:57,024 basehttp 21324 18256 "GET /api/code-review/submissions/32019589-e1d3-4b95-9e72-8b04cecd325a/ HTTP/1.1" 200 451
INFO 2026-07-21 12:43:57,145 basehttp 21324 18256 "GET /api/code-review/submissions/32019589-e1d3-4b95-9e72-8b04cecd325a/ HTTP/1.1" 200 451
INFO 2026-07-21 12:44:04,385 basehttp 21324 18256 "GET /api/code-review/stats/ HTTP/1.1" 200 140
INFO 2026-07-21 12:44:04,501 basehttp 21324 23564 "GET /api/code-review/submissions/ HTTP/1.1" 200 1854
INFO 2026-07-21 12:44:04,604 basehttp 21324 18256 "GET /api/code-review/stats/ HTTP/1.1" 200 140
INFO 2026-07-21 12:44:04,720 basehttp 21324 18256 "GET /api/code-review/submissions/ HTTP/1.1" 200 1854
INFO 2026-07-21 12:45:33,033 basehttp 21324 18256 "GET /api/code-review/stats/ HTTP/1.1" 200 140
INFO 2026-07-21 12:45:33,160 basehttp 21324 18256 "GET /api/code-review/submissions/ HTTP/1.1" 200 1854
INFO 2026-07-21 12:46:40,816 basehttp 21324 18256 "GET /api/accounts/profile/ HTTP/1.1" 200 562
INFO 2026-07-21 12:46:40,913 basehttp 21324 18256 "GET /api/accounts/profile/ HTTP/1.1" 200 562
INFO 2026-07-21 12:46:41,005 basehttp 21324 18256 "GET /api/accounts/profile/ HTTP/1.1" 200 562
INFO 2026-07-21 12:46:41,123 basehttp 21324 18256 "GET /api/accounts/profile/ HTTP/1.1" 200 562
INFO 2026-07-21 12:46:53,201 basehttp 21324 18256 "POST /api/accounts/login/ HTTP/1.1" 200 1212
INFO 2026-07-21 12:46:53,940 basehttp 21324 18256 "GET /api/code-review/stats/ HTTP/1.1" 200 140
INFO 2026-07-21 12:46:54,038 basehttp 21324 18256 "GET /api/code-review/stats/ HTTP/1.1" 200 140
INFO 2026-07-21 12:46:54,058 basehttp 21324 23564 "GET /api/code-review/submissions/ HTTP/1.1" 200 1854
INFO 2026-07-21 12:46:54,176 basehttp 21324 23564 "GET /api/code-review/submissions/ HTTP/1.1" 200 1854
INFO 2026-07-21 12:47:00,059 basehttp 21324 23564 "DELETE /api/code-review/submissions/32019589-e1d3-4b95-9e72-8b04cecd325a/ HTTP/1.1" 204 0
WARNING 2026-07-21 12:47:00,148 basehttp 21324 23564 "GET /api/code-review/submissions/32019589-e1d3-4b95-9e72-8b04cecd325a/ HTTP/1.1" 404 55
WARNING 2026-07-21 12:47:00,226 basehttp 21324 23564 "GET /api/code-review/submissions/32019589-e1d3-4b95-9e72-8b04cecd325a/ HTTP/1.1" 404 55
INFO 2026-07-21 12:47:00,250 basehttp 21324 18256 "GET /api/code-review/stats/ HTTP/1.1" 200 140
INFO 2026-07-21 12:47:00,425 basehttp 21324 18256 "GET /api/code-review/stats/ HTTP/1.1" 200 140
INFO 2026-07-21 12:47:00,517 basehttp 21324 18256 "GET /api/code-review/submissions/ HTTP/1.1" 200 1402
INFO 2026-07-21 12:47:03,340 basehttp 21324 18256 "GET /api/code-review/stats/ HTTP/1.1" 200 140
INFO 2026-07-21 12:47:03,426 basehttp 21324 18256 "GET /api/code-review/stats/ HTTP/1.1" 200 140
INFO 2026-07-21 12:47:03,539 basehttp 21324 23564 "GET /api/code-review/submissions/ HTTP/1.1" 200 1402
INFO 2026-07-21 12:47:03,647 basehttp 21324 23564 "GET /api/code-review/submissions/ HTTP/1.1" 200 1402
INFO 2026-07-21 12:47:07,761 basehttp 21324 5968 "OPTIONS /api/code-review/submissions/bba86d2f-3309-4afe-bd6d-9833890294c1/ HTTP/1.1" 200 0
INFO 2026-07-21 12:47:07,898 basehttp 21324 18256 "GET /api/code-review/submissions/bba86d2f-3309-4afe-bd6d-9833890294c1/ HTTP/1.1" 200 441
INFO 2026-07-21 12:47:07,905 basehttp 21324 23564 "DELETE /api/code-review/submissions/bba86d2f-3309-4afe-bd6d-9833890294c1/ HTTP/1.1" 204 0
WARNING 2026-07-21 12:47:08,014 basehttp 21324 18256 "GET /api/code-review/submissions/bba86d2f-3309-4afe-bd6d-9833890294c1/ HTTP/1.1" 404 55
INFO 2026-07-21 12:47:08,070 basehttp 21324 23564 "GET /api/code-review/stats/ HTTP/1.1" 200 140
INFO 2026-07-21 12:47:08,147 basehttp 21324 23564 "GET /api/code-review/stats/ HTTP/1.1" 200 140
INFO 2026-07-21 12:47:08,228 basehttp 21324 23564 "GET /api/code-review/submissions/ HTTP/1.1" 200 960
INFO 2026-07-21 12:47:11,124 basehttp 21324 23564 "GET /api/code-review/stats/ HTTP/1.1" 200 140
INFO 2026-07-21 12:47:11,213 basehttp 21324 23564 "GET /api/code-review/stats/ HTTP/1.1" 200 140
INFO 2026-07-21 12:47:11,222 basehttp 21324 18256 "GET /api/code-review/submissions/ HTTP/1.1" 200 960
INFO 2026-07-21 12:47:11,345 basehttp 21324 18256 "GET /api/code-review/submissions/ HTTP/1.1" 200 960
INFO 2026-07-21 12:47:15,207 basehttp 21324 5968 "OPTIONS /api/code-review/submissions/205eca0e-6000-4d38-98f6-014b3f66ca1a/ HTTP/1.1" 200 0
INFO 2026-07-21 12:47:15,331 basehttp 21324 18256 "DELETE /api/code-review/submissions/205eca0e-6000-4d38-98f6-014b3f66ca1a/ HTTP/1.1" 204 0
WARNING 2026-07-21 12:47:15,480 basehttp 21324 23564 "GET /api/code-review/submissions/205eca0e-6000-4d38-98f6-014b3f66ca1a/ HTTP/1.1" 404 55
INFO 2026-07-21 12:47:15,503 basehttp 21324 18256 "GET /api/code-review/stats/ HTTP/1.1" 200 140
WARNING 2026-07-21 12:47:15,555 basehttp 21324 23564 "GET /api/code-review/submissions/205eca0e-6000-4d38-98f6-014b3f66ca1a/ HTTP/1.1" 404 55
INFO 2026-07-21 12:47:15,575 basehttp 21324 18256 "GET /api/code-review/stats/ HTTP/1.1" 200 140
INFO 2026-07-21 12:47:15,647 basehttp 21324 18256 "GET /api/code-review/submissions/ HTTP/1.1" 200 508
INFO 2026-07-21 12:47:18,581 basehttp 21324 18256 "GET /api/code-review/stats/ HTTP/1.1" 200 140
INFO 2026-07-21 12:47:18,665 basehttp 21324 18256 "GET /api/code-review/stats/ HTTP/1.1" 200 140
INFO 2026-07-21 12:47:18,670 basehttp 21324 23564 "GET /api/code-review/submissions/ HTTP/1.1" 200 508
INFO 2026-07-21 12:47:18,759 basehttp 21324 23564 "GET /api/code-review/submissions/ HTTP/1.1" 200 508
INFO 2026-07-21 12:47:22,595 basehttp 21324 5968 "OPTIONS /api/code-review/submissions/677bf656-0ee6-46f3-9843-7e15edab59df/ HTTP/1.1" 200 0
INFO 2026-07-21 12:47:22,718 basehttp 21324 18256 "GET /api/code-review/submissions/677bf656-0ee6-46f3-9843-7e15edab59df/ HTTP/1.1" 200 456
INFO 2026-07-21 12:47:22,726 basehttp 21324 23564 "DELETE /api/code-review/submissions/677bf656-0ee6-46f3-9843-7e15edab59df/ HTTP/1.1" 204 0
INFO 2026-07-21 12:47:22,857 basehttp 21324 23564 "GET /api/code-review/stats/ HTTP/1.1" 200 140
WARNING 2026-07-21 12:47:22,937 basehttp 21324 18256 "GET /api/code-review/submissions/677bf656-0ee6-46f3-9843-7e15edab59df/ HTTP/1.1" 404 55
INFO 2026-07-21 12:47:22,981 basehttp 21324 23564 "GET /api/code-review/stats/ HTTP/1.1" 200 140
INFO 2026-07-21 12:47:23,048 basehttp 21324 23564 "GET /api/code-review/submissions/ HTTP/1.1" 200 52
INFO 2026-07-21 12:47:24,689 basehttp 21324 23564 "GET /api/code-review/stats/ HTTP/1.1" 200 140
INFO 2026-07-21 12:47:24,764 basehttp 21324 18256 "GET /api/code-review/submissions/ HTTP/1.1" 200 52
INFO 2026-07-21 12:47:24,764 basehttp 21324 23564 "GET /api/code-review/stats/ HTTP/1.1" 200 140
INFO 2026-07-21 12:47:24,842 basehttp 21324 18256 "GET /api/code-review/submissions/ HTTP/1.1" 200 52
INFO 2026-07-21 12:47:27,869 basehttp 21324 5968 "OPTIONS /api/code-review/languages/ HTTP/1.1" 200 0
INFO 2026-07-21 12:47:27,874 basehttp 21324 5968 "OPTIONS /api/code-review/languages/ HTTP/1.1" 200 0
INFO 2026-07-21 12:47:27,959 basehttp 21324 18256 "GET /api/code-review/languages/ HTTP/1.1" 200 1587
INFO 2026-07-21 12:47:28,030 basehttp 21324 18256 "GET /api/code-review/languages/ HTTP/1.1" 200 1587
INFO 2026-07-21 12:47:36,021 basehttp 21324 18256 "GET /api/code-review/stats/ HTTP/1.1" 200 140
INFO 2026-07-21 12:47:36,102 basehttp 21324 23564 "GET /api/code-review/submissions/ HTTP/1.1" 200 52
INFO 2026-07-21 12:47:36,104 basehttp 21324 18256 "GET /api/code-review/stats/ HTTP/1.1" 200 140
INFO 2026-07-21 12:47:36,213 basehttp 21324 18256 "GET /api/code-review/submissions/ HTTP/1.1" 200 52
INFO 2026-07-21 12:48:52,975 basehttp 21324 18256 "GET /api/code-review/languages/ HTTP/1.1" 200 1587
INFO 2026-07-21 12:48:53,183 basehttp 21324 18256 "GET /api/code-review/languages/ HTTP/1.1" 200 1587
INFO 2026-07-21 12:49:06,877 basehttp 21324 18256 "POST /api/code-review/submissions/ HTTP/1.1" 201 12741
INFO 2026-07-21 12:49:06,885 basehttp 21324 5968 "OPTIONS /api/code-review/initiate-review/ HTTP/1.1" 200 0
INFO 2026-07-21 12:49:07,015 basehttp 21324 18256 "POST /api/code-review/initiate-review/ HTTP/1.1" 200 2131
INFO 2026-07-21 12:49:10,194 basehttp 21324 18256 "GET /api/code-review/stats/ HTTP/1.1" 200 143
INFO 2026-07-21 12:49:10,296 basehttp 21324 18256 "GET /api/code-review/stats/ HTTP/1.1" 200 143
INFO 2026-07-21 12:49:10,305 basehttp 21324 23564 "GET /api/code-review/submissions/ HTTP/1.1" 200 14746
INFO 2026-07-21 12:49:10,556 basehttp 21324 23564 "GET /api/code-review/submissions/ HTTP/1.1" 200 14746
INFO 2026-07-21 12:49:25,868 basehttp 21324 5968 "OPTIONS /api/code-review/submissions/4e481fca-19f9-4c80-9c50-51de05f766a9/ HTTP/1.1" 200 0
INFO 2026-07-21 12:49:25,879 basehttp 21324 5968 "OPTIONS /api/code-review/submissions/4e481fca-19f9-4c80-9c50-51de05f766a9/ HTTP/1.1" 200 0
INFO 2026-07-21 12:49:25,979 basehttp 21324 23564 "GET /api/code-review/submissions/4e481fca-19f9-4c80-9c50-51de05f766a9/ HTTP/1.1" 200 14694
INFO 2026-07-21 12:49:26,215 basehttp 21324 23564 "GET /api/code-review/submissions/4e481fca-19f9-4c80-9c50-51de05f766a9/ HTTP/1.1" 200 14694
INFO 2026-07-21 12:58:26,242 basehttp 21324 18164 "GET /api/code-review/submissions/4e481fca-19f9-4c80-9c50-51de05f766a9/ HTTP/1.1" 200 14694
INFO 2026-07-21 12:58:26,327 basehttp 21324 18164 "GET /api/code-review/submissions/4e481fca-19f9-4c80-9c50-51de05f766a9/ HTTP/1.1" 200 14694
INFO 2026-07-21 12:59:13,319 autoreload 21324 21740 C:\ai-code-review-platform\backend\code_review\views.py changed, reloading.
INFO 2026-07-21 12:59:16,942 autoreload 6320 16232 Watching for file changes with StatReloader
INFO 2026-07-21 13:01:59,072 autoreload 6320 16232 C:\ai-code-review-platform\backend\code_review\views.py changed, reloading.
INFO 2026-07-21 13:02:00,896 autoreload 10168 22624 Watching for file changes with StatReloader
INFO 2026-07-21 13:02:05,536 autoreload 10168 22624 C:\ai-code-review-platform\backend\code_review\views.py changed, reloading.
INFO 2026-07-21 13:02:07,336 autoreload 4104 20872 Watching for file changes with StatReloader
WARNING 2026-07-21 13:03:29,964 basehttp 4104 16792 "GET /api/code-review/submissions/4e481fca-19f9-4c80-9c50-51de05f766a9/ HTTP/1.1" 401 58
INFO 2026-07-21 13:03:44,236 basehttp 4104 16792 "POST /api/accounts/login/ HTTP/1.1" 200 1212
INFO 2026-07-21 13:03:44,865 basehttp 4104 16792 "GET /api/code-review/stats/ HTTP/1.1" 200 143
INFO 2026-07-21 13:03:44,956 basehttp 4104 16792 "GET /api/code-review/stats/ HTTP/1.1" 200 143
INFO 2026-07-21 13:03:44,986 basehttp 4104 12396 "GET /api/code-review/submissions/ HTTP/1.1" 200 14746
INFO 2026-07-21 13:03:45,088 basehttp 4104 12396 "GET /api/code-review/submissions/ HTTP/1.1" 200 14746
INFO 2026-07-21 13:03:49,609 basehttp 4104 12396 "GET /api/code-review/submissions/4e481fca-19f9-4c80-9c50-51de05f766a9/ HTTP/1.1" 200 14694
INFO 2026-07-21 13:03:49,680 basehttp 4104 12396 "GET /api/code-review/submissions/4e481fca-19f9-4c80-9c50-51de05f766a9/ HTTP/1.1" 200 14694
INFO 2026-07-21 13:08:45,271 basehttp 4104 12396 "GET /api/code-review/submissions/4e481fca-19f9-4c80-9c50-51de05f766a9/ HTTP/1.1" 200 14694
INFO 2026-07-21 13:08:45,381 basehttp 4104 12396 "GET /api/code-review/submissions/4e481fca-19f9-4c80-9c50-51de05f766a9/ HTTP/1.1" 200 14694
INFO 2026-07-21 13:15:03,528 basehttp 4104 25952 "GET /api/code-review/submissions/4e481fca-19f9-4c80-9c50-51de05f766a9/ HTTP/1.1" 200 14694
WARNING 2026-07-21 13:18:57,926 basehttp 4104 25952 "GET /api/code-review/submissions/4e481fca-19f9-4c80-9c50-51de05f766a9/ HTTP/1.1" 401 58
INFO 2026-07-21 13:19:11,206 basehttp 4104 25952 "POST /api/accounts/login/ HTTP/1.1" 200 1212
INFO 2026-07-21 13:19:11,834 basehttp 4104 25952 "GET /api/code-review/stats/ HTTP/1.1" 200 143
INFO 2026-07-21 13:19:11,917 basehttp 4104 25952 "GET /api/code-review/stats/ HTTP/1.1" 200 143
INFO 2026-07-21 13:19:12,003 basehttp 4104 25952 "GET /api/code-review/submissions/ HTTP/1.1" 200 14746
INFO 2026-07-21 13:19:12,102 basehttp 4104 25952 "GET /api/code-review/submissions/ HTTP/1.1" 200 14746
INFO 2026-07-21 13:19:16,285 basehttp 4104 25952 "GET /api/code-review/submissions/4e481fca-19f9-4c80-9c50-51de05f766a9/ HTTP/1.1" 200 14694
INFO 2026-07-21 13:19:16,374 basehttp 4104 15804 "GET /api/code-review/submissions/4e481fca-19f9-4c80-9c50-51de05f766a9/ HTTP/1.1" 200 14694
INFO 2026-07-21 13:20:12,301 basehttp 4104 15804 "GET /api/code-review/submissions/ HTTP/1.1" 200 14746
INFO 2026-07-21 13:20:12,506 basehttp 4104 15804 "GET /api/code-review/submissions/ HTTP/1.1" 200 14746
INFO 2026-07-21 13:20:15,134 basehttp 4104 15804 "GET /api/code-review/submissions/4e481fca-19f9-4c80-9c50-51de05f766a9/ HTTP/1.1" 200 14694
INFO 2026-07-21 13:20:15,220 basehttp 4104 15804 "GET /api/code-review/submissions/4e481fca-19f9-4c80-9c50-51de05f766a9/ HTTP/1.1" 200 14694
INFO 2026-07-21 13:48:52,152 basehttp 4104 22308 "POST /api/accounts/login/ HTTP/1.1" 200 1212
INFO 2026-07-21 13:48:52,945 basehttp 4104 22308 "GET /api/code-review/stats/ HTTP/1.1" 200 143
INFO 2026-07-21 13:48:53,140 basehttp 4104 22308 "GET /api/code-review/stats/ HTTP/1.1" 200 143
INFO 2026-07-21 13:48:53,155 basehttp 4104 15456 "GET /api/code-review/submissions/ HTTP/1.1" 200 14746
INFO 2026-07-21 13:48:53,334 basehttp 4104 15456 "GET /api/code-review/submissions/ HTTP/1.1" 200 14746
INFO 2026-07-21 13:48:59,540 basehttp 4104 15456 "GET /api/code-review/submissions/4e481fca-19f9-4c80-9c50-51de05f766a9/ HTTP/1.1" 200 14694
INFO 2026-07-21 13:48:59,692 basehttp 4104 15456 "GET /api/code-review/submissions/4e481fca-19f9-4c80-9c50-51de05f766a9/ HTTP/1.1" 200 14694
INFO 2026-07-21 13:53:45,652 basehttp 4104 10896 "GET /api/code-review/languages/ HTTP/1.1" 200 1587
INFO 2026-07-21 13:53:45,892 basehttp 4104 10896 "GET /api/code-review/languages/ HTTP/1.1" 200 1587
INFO 2026-07-21 13:55:57,215 basehttp 4104 10896 "POST /api/code-review/submissions/ HTTP/1.1" 201 16754
INFO 2026-07-21 13:55:57,593 basehttp 4104 10896 "POST /api/code-review/initiate-review/ HTTP/1.1" 200 40298
INFO 2026-07-21 13:56:00,924 basehttp 4104 10896 "GET /api/code-review/stats/ HTTP/1.1" 200 144
INFO 2026-07-21 13:56:01,091 basehttp 4104 10896 "GET /api/code-review/stats/ HTTP/1.1" 200 144
INFO 2026-07-21 13:56:01,328 basehttp 4104 10896 "GET /api/code-review/submissions/ HTTP/1.1" 200 71625
INFO 2026-07-21 13:56:01,564 basehttp 4104 24668 "GET /api/code-review/submissions/ HTTP/1.1" 200 71625
INFO 2026-07-21 13:56:08,150 basehttp 4104 25196 "OPTIONS /api/code-review/submissions/1a2f3631-ca46-4b02-ab9c-4a1ec6ba6dc2/ HTTP/1.1" 200 0
INFO 2026-07-21 13:56:08,151 basehttp 4104 17640 "OPTIONS /api/code-review/submissions/1a2f3631-ca46-4b02-ab9c-4a1ec6ba6dc2/ HTTP/1.1" 200 0
INFO 2026-07-21 13:56:08,556 basehttp 4104 24668 "GET /api/code-review/submissions/1a2f3631-ca46-4b02-ab9c-4a1ec6ba6dc2/ HTTP/1.1" 200 56878
INFO 2026-07-21 13:56:08,706 basehttp 4104 24668 "GET /api/code-review/submissions/1a2f3631-ca46-4b02-ab9c-4a1ec6ba6dc2/ HTTP/1.1" 200 56878
INFO 2026-07-21 14:05:39,500 autoreload 4104 20872 C:\ai-code-review-platform\backend\code_review\views.py changed, reloading.
INFO 2026-07-21 14:05:44,146 autoreload 2276 1948 Watching for file changes with StatReloader
WARNING 2026-07-21 14:08:06,671 basehttp 2276 21072 "GET /api/code-review/submissions/1a2f3631-ca46-4b02-ab9c-4a1ec6ba6dc2/ HTTP/1.1" 401 58
INFO 2026-07-21 14:08:25,468 basehttp 2276 21072 "POST /api/accounts/login/ HTTP/1.1" 200 1212
INFO 2026-07-21 14:08:26,347 basehttp 2276 21072 "GET /api/code-review/stats/ HTTP/1.1" 200 144
INFO 2026-07-21 14:08:26,558 basehttp 2276 21072 "GET /api/code-review/stats/ HTTP/1.1" 200 144
INFO 2026-07-21 14:08:26,566 basehttp 2276 22212 "GET /api/code-review/submissions/ HTTP/1.1" 200 71625
INFO 2026-07-21 14:08:26,773 basehttp 2276 21072 "GET /api/code-review/submissions/ HTTP/1.1" 200 71625
INFO 2026-07-21 14:08:36,183 basehttp 2276 21072 "GET /api/code-review/submissions/1a2f3631-ca46-4b02-ab9c-4a1ec6ba6dc2/ HTTP/1.1" 200 56878
INFO 2026-07-21 14:08:36,413 basehttp 2276 21072 "GET /api/code-review/submissions/1a2f3631-ca46-4b02-ab9c-4a1ec6ba6dc2/ HTTP/1.1" 200 56878
INFO 2026-07-21 14:14:37,833 autoreload 2276 1948 C:\ai-code-review-platform\backend\code_review\views.py changed, reloading.
INFO 2026-07-21 14:14:42,153 autoreload 20284 9320 Watching for file changes with StatReloader
INFO 2026-07-21 14:15:09,008 basehttp 20284 17732 "GET /api/accounts/profile/ HTTP/1.1" 200 562
INFO 2026-07-21 14:15:09,214 basehttp 20284 17732 "GET /api/accounts/profile/ HTTP/1.1" 200 562
INFO 2026-07-21 14:15:09,399 basehttp 20284 17732 "GET /api/accounts/profile/ HTTP/1.1" 200 562
INFO 2026-07-21 14:15:09,723 basehttp 20284 17732 "GET /api/accounts/profile/ HTTP/1.1" 200 562
INFO 2026-07-21 14:15:24,083 basehttp 20284 17732 "POST /api/accounts/login/ HTTP/1.1" 200 1212
INFO 2026-07-21 14:15:24,847 basehttp 20284 17732 "GET /api/code-review/stats/ HTTP/1.1" 200 144
INFO 2026-07-21 14:15:25,053 basehttp 20284 17732 "GET /api/code-review/stats/ HTTP/1.1" 200 144
INFO 2026-07-21 14:15:25,078 basehttp 20284 23816 "GET /api/code-review/submissions/ HTTP/1.1" 200 71625
INFO 2026-07-21 14:15:25,258 basehttp 20284 17732 "GET /api/code-review/submissions/ HTTP/1.1" 200 71625
INFO 2026-07-21 14:15:30,293 basehttp 20284 17732 "GET /api/code-review/submissions/1a2f3631-ca46-4b02-ab9c-4a1ec6ba6dc2/ HTTP/1.1" 200 56878
INFO 2026-07-21 14:15:30,577 basehttp 20284 17732 "GET /api/code-review/submissions/1a2f3631-ca46-4b02-ab9c-4a1ec6ba6dc2/ HTTP/1.1" 200 56878
INFO 2026-07-21 14:18:02,265 basehttp 20284 17732 "GET /api/code-review/stats/ HTTP/1.1" 200 144
INFO 2026-07-21 14:18:02,428 basehttp 20284 17732 "GET /api/code-review/stats/ HTTP/1.1" 200 144
INFO 2026-07-21 14:18:02,445 basehttp 20284 23816 "GET /api/code-review/submissions/ HTTP/1.1" 200 71625
INFO 2026-07-21 14:18:02,628 basehttp 20284 17732 "GET /api/code-review/submissions/ HTTP/1.1" 200 71625
INFO 2026-07-21 14:18:06,250 basehttp 20284 17732 "GET /api/code-review/languages/ HTTP/1.1" 200 1587
INFO 2026-07-21 14:18:06,480 basehttp 20284 17732 "GET /api/code-review/languages/ HTTP/1.1" 200 1587
INFO 2026-07-21 14:18:35,280 basehttp 20284 17732 "POST /api/code-review/submissions/ HTTP/1.1" 201 16150
INFO 2026-07-21 14:18:35,609 basehttp 20284 17732 "POST /api/code-review/initiate-review/ HTTP/1.1" 200 8832
INFO 2026-07-21 14:18:38,881 basehttp 20284 17732 "GET /api/code-review/stats/ HTTP/1.1" 200 144
INFO 2026-07-21 14:18:39,085 basehttp 20284 17732 "GET /api/code-review/stats/ HTTP/1.1" 200 144
INFO 2026-07-21 14:18:39,119 basehttp 20284 23816 "GET /api/code-review/submissions/ HTTP/1.1" 200 96432
INFO 2026-07-21 14:18:39,476 basehttp 20284 17732 "GET /api/code-review/submissions/ HTTP/1.1" 200 96432
INFO 2026-07-21 14:18:44,747 basehttp 20284 16236 "OPTIONS /api/code-review/submissions/137518dc-4e5a-409d-ab38-684422effc57/ HTTP/1.1" 200 0
INFO 2026-07-21 14:18:44,763 basehttp 20284 26844 "OPTIONS /api/code-review/submissions/137518dc-4e5a-409d-ab38-684422effc57/ HTTP/1.1" 200 0
INFO 2026-07-21 14:18:45,083 basehttp 20284 17732 "GET /api/code-review/submissions/137518dc-4e5a-409d-ab38-684422effc57/ HTTP/1.1" 200 24806
INFO 2026-07-21 14:18:45,308 basehttp 20284 17732 "GET /api/code-review/submissions/137518dc-4e5a-409d-ab38-684422effc57/ HTTP/1.1" 200 24806
INFO 2026-07-21 14:26:47,811 autoreload 20284 9320 C:\ai-code-review-platform\backend\code_review\views.py changed, reloading.
INFO 2026-07-21 14:26:51,510 autoreload 3208 4520 Watching for file changes with StatReloader
INFO 2026-07-21 14:27:29,111 basehttp 3208 18804 "GET /api/code-review/submissions/137518dc-4e5a-409d-ab38-684422effc57/ HTTP/1.1" 200 24806
INFO 2026-07-21 14:27:52,325 basehttp 3208 18804 "GET /api/accounts/profile/ HTTP/1.1" 200 562
INFO 2026-07-21 14:27:52,483 basehttp 3208 18804 "GET /api/accounts/profile/ HTTP/1.1" 200 562
INFO 2026-07-21 14:27:52,615 basehttp 3208 18804 "GET /api/accounts/profile/ HTTP/1.1" 200 562
INFO 2026-07-21 14:27:52,795 basehttp 3208 18804 "GET /api/accounts/profile/ HTTP/1.1" 200 562
INFO 2026-07-21 14:28:11,845 basehttp 3208 18804 "POST /api/accounts/login/ HTTP/1.1" 200 1212
INFO 2026-07-21 14:28:12,591 basehttp 3208 18804 "GET /api/code-review/stats/ HTTP/1.1" 200 144
INFO 2026-07-21 14:28:12,778 basehttp 3208 18804 "GET /api/code-review/stats/ HTTP/1.1" 200 144
INFO 2026-07-21 14:28:12,816 basehttp 3208 18260 "GET /api/code-review/submissions/ HTTP/1.1" 200 96432
INFO 2026-07-21 14:28:13,018 basehttp 3208 18804 "GET /api/code-review/submissions/ HTTP/1.1" 200 96432
INFO 2026-07-21 14:28:19,602 basehttp 3208 18804 "GET /api/code-review/submissions/137518dc-4e5a-409d-ab38-684422effc57/ HTTP/1.1" 200 24806
INFO 2026-07-21 14:28:19,870 basehttp 3208 18804 "GET /api/code-review/submissions/137518dc-4e5a-409d-ab38-684422effc57/ HTTP/1.1" 200 24806
INFO 2026-07-21 14:28:36,621 basehttp 3208 18804 "GET /api/code-review/stats/ HTTP/1.1" 200 144
INFO 2026-07-21 14:28:36,906 basehttp 3208 18804 "GET /api/code-review/stats/ HTTP/1.1" 200 144
INFO 2026-07-21 14:28:37,044 basehttp 3208 18260 "GET /api/code-review/submissions/ HTTP/1.1" 200 96432
INFO 2026-07-21 14:28:37,328 basehttp 3208 18804 "GET /api/code-review/submissions/ HTTP/1.1" 200 96432
INFO 2026-07-21 14:28:42,110 basehttp 3208 18804 "DELETE /api/code-review/submissions/137518dc-4e5a-409d-ab38-684422effc57/ HTTP/1.1" 204 0
INFO 2026-07-21 14:28:42,458 basehttp 3208 18260 "GET /api/code-review/stats/ HTTP/1.1" 200 144
WARNING 2026-07-21 14:28:42,510 basehttp 3208 18804 "GET /api/code-review/submissions/137518dc-4e5a-409d-ab38-684422effc57/ HTTP/1.1" 404 55
WARNING 2026-07-21 14:28:42,699 basehttp 3208 18804 "GET /api/code-review/submissions/137518dc-4e5a-409d-ab38-684422effc57/ HTTP/1.1" 404 55
INFO 2026-07-21 14:28:42,700 basehttp 3208 18260 "GET /api/code-review/stats/ HTTP/1.1" 200 144
INFO 2026-07-21 14:28:42,927 basehttp 3208 18260 "GET /api/code-review/submissions/ HTTP/1.1" 200 71625
INFO 2026-07-21 14:28:45,188 basehttp 3208 18260 "GET /api/code-review/stats/ HTTP/1.1" 200 144
INFO 2026-07-21 14:28:45,461 basehttp 3208 18260 "GET /api/code-review/stats/ HTTP/1.1" 200 144
INFO 2026-07-21 14:28:45,479 basehttp 3208 18804 "GET /api/code-review/submissions/ HTTP/1.1" 200 71625
INFO 2026-07-21 14:28:45,691 basehttp 3208 18260 "GET /api/code-review/submissions/ HTTP/1.1" 200 71625
INFO 2026-07-21 14:28:51,784 basehttp 3208 18260 "GET /api/code-review/languages/ HTTP/1.1" 200 1587
INFO 2026-07-21 14:28:52,102 basehttp 3208 18260 "GET /api/code-review/languages/ HTTP/1.1" 200 1587
INFO 2026-07-21 14:29:19,294 basehttp 3208 18260 "POST /api/code-review/submissions/ HTTP/1.1" 201 16150
INFO 2026-07-21 14:29:19,663 basehttp 3208 18260 "POST /api/code-review/initiate-review/ HTTP/1.1" 200 8751
INFO 2026-07-21 14:29:22,972 basehttp 3208 18260 "GET /api/code-review/stats/ HTTP/1.1" 200 144
INFO 2026-07-21 14:29:23,148 basehttp 3208 18260 "GET /api/code-review/stats/ HTTP/1.1" 200 144
INFO 2026-07-21 14:29:23,170 basehttp 3208 18804 "GET /api/code-review/submissions/ HTTP/1.1" 200 96351
INFO 2026-07-21 14:29:23,375 basehttp 3208 18260 "GET /api/code-review/submissions/ HTTP/1.1" 200 96351
INFO 2026-07-21 14:29:27,425 basehttp 3208 11212 "OPTIONS /api/code-review/submissions/ca43a68a-117a-403f-90ef-4ecfdfffe04e/ HTTP/1.1" 200 0
INFO 2026-07-21 14:29:27,427 basehttp 3208 26224 "OPTIONS /api/code-review/submissions/ca43a68a-117a-403f-90ef-4ecfdfffe04e/ HTTP/1.1" 200 0
INFO 2026-07-21 14:29:27,723 basehttp 3208 18260 "GET /api/code-review/submissions/ca43a68a-117a-403f-90ef-4ecfdfffe04e/ HTTP/1.1" 200 24725
INFO 2026-07-21 14:29:27,948 basehttp 3208 18260 "GET /api/code-review/submissions/ca43a68a-117a-403f-90ef-4ecfdfffe04e/ HTTP/1.1" 200 24725
INFO 2026-07-21 14:30:51,140 basehttp 3208 26224 "OPTIONS /api/code-review/stats/ HTTP/1.1" 200 0
INFO 2026-07-21 14:30:51,142 basehttp 3208 11212 "OPTIONS /api/code-review/stats/ HTTP/1.1" 200 0
INFO 2026-07-21 14:30:51,482 basehttp 3208 18260 "GET /api/code-review/stats/ HTTP/1.1" 200 144
INFO 2026-07-21 14:30:51,504 basehttp 3208 11212 "OPTIONS /api/code-review/submissions/ HTTP/1.1" 200 0
INFO 2026-07-21 14:30:51,790 basehttp 3208 18260 "GET /api/code-review/stats/ HTTP/1.1" 200 144
INFO 2026-07-21 14:30:51,820 basehttp 3208 18804 "GET /api/code-review/submissions/ HTTP/1.1" 200 96351
INFO 2026-07-21 14:30:52,029 basehttp 3208 18260 "GET /api/code-review/submissions/ HTTP/1.1" 200 96351
INFO 2026-07-21 14:30:53,825 basehttp 3208 18260 "GET /api/code-review/languages/ HTTP/1.1" 200 1587
INFO 2026-07-21 14:30:54,009 basehttp 3208 18260 "GET /api/code-review/languages/ HTTP/1.1" 200 1587
INFO 2026-07-21 14:31:07,796 basehttp 3208 18260 "POST /api/code-review/submissions/ HTTP/1.1" 201 20881
INFO 2026-07-21 14:31:08,438 basehttp 3208 18260 "POST /api/code-review/initiate-review/ HTTP/1.1" 200 13099
INFO 2026-07-21 14:31:11,774 basehttp 3208 18260 "GET /api/code-review/stats/ HTTP/1.1" 200 144
INFO 2026-07-21 14:31:11,993 basehttp 3208 18804 "GET /api/code-review/submissions/ HTTP/1.1" 200 130156
INFO 2026-07-21 14:31:12,045 basehttp 3208 18260 "GET /api/code-review/stats/ HTTP/1.1" 200 144
INFO 2026-07-21 14:31:12,345 basehttp 3208 18260 "GET /api/code-review/submissions/ HTTP/1.1" 200 130156
INFO 2026-07-21 14:31:16,293 basehttp 3208 11212 "OPTIONS /api/code-review/submissions/eec46131-e450-4227-8e66-28cb7bb358da/ HTTP/1.1" 200 0
INFO 2026-07-21 14:31:16,299 basehttp 3208 26224 "OPTIONS /api/code-review/submissions/eec46131-e450-4227-8e66-28cb7bb358da/ HTTP/1.1" 200 0
INFO 2026-07-21 14:31:16,492 basehttp 3208 18260 "GET /api/code-review/submissions/eec46131-e450-4227-8e66-28cb7bb358da/ HTTP/1.1" 200 33804
INFO 2026-07-21 14:31:16,640 basehttp 3208 18260 "GET /api/code-review/submissions/eec46131-e450-4227-8e66-28cb7bb358da/ HTTP/1.1" 200 33804
INFO 2026-07-21 14:39:51,043 autoreload 3208 4520 C:\ai-code-review-platform\backend\code_review\views.py changed, reloading.
INFO 2026-07-21 14:39:56,391 autoreload 17216 26828 Watching for file changes with StatReloader
INFO 2026-07-21 14:40:13,431 basehttp 17216 996 "OPTIONS /api/accounts/login/ HTTP/1.1" 200 0
INFO 2026-07-21 14:40:15,921 basehttp 17216 21144 "POST /api/accounts/login/ HTTP/1.1" 200 1212
INFO 2026-07-21 14:40:16,661 basehttp 17216 21144 "GET /api/code-review/stats/ HTTP/1.1" 200 144
INFO 2026-07-21 14:40:16,856 basehttp 17216 21144 "GET /api/code-review/stats/ HTTP/1.1" 200 144
INFO 2026-07-21 14:40:16,897 basehttp 17216 26268 "GET /api/code-review/submissions/ HTTP/1.1" 200 130156
INFO 2026-07-21 14:40:17,104 basehttp 17216 21144 "GET /api/code-review/submissions/ HTTP/1.1" 200 130156
INFO 2026-07-21 14:40:23,195 basehttp 17216 21144 "DELETE /api/code-review/submissions/eec46131-e450-4227-8e66-28cb7bb358da/ HTTP/1.1" 204 0
WARNING 2026-07-21 14:40:23,474 basehttp 17216 21144 "GET /api/code-review/submissions/eec46131-e450-4227-8e66-28cb7bb358da/ HTTP/1.1" 404 55
INFO 2026-07-21 14:40:23,519 basehttp 17216 26268 "GET /api/code-review/stats/ HTTP/1.1" 200 144
WARNING 2026-07-21 14:40:23,726 basehttp 17216 21144 "GET /api/code-review/submissions/eec46131-e450-4227-8e66-28cb7bb358da/ HTTP/1.1" 404 55
INFO 2026-07-21 14:40:23,802 basehttp 17216 26268 "GET /api/code-review/stats/ HTTP/1.1" 200 144
INFO 2026-07-21 14:40:24,097 basehttp 17216 26268 "GET /api/code-review/submissions/ HTTP/1.1" 200 96351
INFO 2026-07-21 14:40:28,950 basehttp 17216 26268 "GET /api/code-review/stats/ HTTP/1.1" 200 144
INFO 2026-07-21 14:40:29,227 basehttp 17216 26268 "GET /api/code-review/stats/ HTTP/1.1" 200 144
INFO 2026-07-21 14:40:29,251 basehttp 17216 21144 "GET /api/code-review/submissions/ HTTP/1.1" 200 96351
INFO 2026-07-21 14:40:29,482 basehttp 17216 26268 "GET /api/code-review/submissions/ HTTP/1.1" 200 96351
INFO 2026-07-21 14:40:36,813 basehttp 17216 26268 "GET /api/code-review/languages/ HTTP/1.1" 200 1587
INFO 2026-07-21 14:40:36,955 basehttp 17216 26268 "GET /api/code-review/languages/ HTTP/1.1" 200 1587
INFO 2026-07-21 14:41:08,404 basehttp 17216 26268 "POST /api/code-review/submissions/ HTTP/1.1" 201 20881
INFO 2026-07-21 14:41:08,699 basehttp 17216 26268 "POST /api/code-review/initiate-review/ HTTP/1.1" 200 13131
INFO 2026-07-21 14:41:12,168 basehttp 17216 26268 "GET /api/code-review/stats/ HTTP/1.1" 200 144
INFO 2026-07-21 14:41:12,539 basehttp 17216 26268 "GET /api/code-review/stats/ HTTP/1.1" 200 144
INFO 2026-07-21 14:41:12,600 basehttp 17216 21144 "GET /api/code-review/submissions/ HTTP/1.1" 200 130188
INFO 2026-07-21 14:41:12,875 basehttp 17216 26268 "GET /api/code-review/submissions/ HTTP/1.1" 200 130188
INFO 2026-07-21 14:41:18,758 basehttp 17216 996 "OPTIONS /api/code-review/submissions/894cfa19-5e5f-42df-b696-1a1827b54811/ HTTP/1.1" 200 0
INFO 2026-07-21 14:41:18,779 basehttp 17216 996 "OPTIONS /api/code-review/submissions/894cfa19-5e5f-42df-b696-1a1827b54811/ HTTP/1.1" 200 0
INFO 2026-07-21 14:41:19,024 basehttp 17216 26268 "GET /api/code-review/submissions/894cfa19-5e5f-42df-b696-1a1827b54811/ HTTP/1.1" 200 33836
INFO 2026-07-21 14:41:19,264 basehttp 17216 26268 "GET /api/code-review/submissions/894cfa19-5e5f-42df-b696-1a1827b54811/ HTTP/1.1" 200 33836
INFO 2026-07-21 17:03:57,303 basehttp 17216 14124 "OPTIONS /api/accounts/login/ HTTP/1.1" 200 0
INFO 2026-07-21 17:03:59,871 basehttp 17216 13228 "POST /api/accounts/login/ HTTP/1.1" 200 1212
INFO 2026-07-21 17:04:00,548 basehttp 17216 25832 "OPTIONS /api/code-review/stats/ HTTP/1.1" 200 0
INFO 2026-07-21 17:04:00,551 basehttp 17216 14124 "OPTIONS /api/code-review/stats/ HTTP/1.1" 200 0
INFO 2026-07-21 17:04:00,759 basehttp 17216 13228 "GET /api/code-review/stats/ HTTP/1.1" 200 144
INFO 2026-07-21 17:04:00,792 basehttp 17216 14124 "OPTIONS /api/code-review/submissions/ HTTP/1.1" 200 0
INFO 2026-07-21 17:04:01,181 basehttp 17216 13224 "GET /api/code-review/submissions/ HTTP/1.1" 200 130188
INFO 2026-07-21 17:04:01,221 basehttp 17216 13228 "GET /api/code-review/stats/ HTTP/1.1" 200 144
INFO 2026-07-21 17:04:01,866 basehttp 17216 13228 "GET /api/code-review/submissions/ HTTP/1.1" 200 130188
INFO 2026-07-21 17:04:05,567 basehttp 17216 25832 "OPTIONS /api/code-review/submissions/894cfa19-5e5f-42df-b696-1a1827b54811/ HTTP/1.1" 200 0
INFO 2026-07-21 17:04:05,568 basehttp 17216 14124 "OPTIONS /api/code-review/submissions/894cfa19-5e5f-42df-b696-1a1827b54811/ HTTP/1.1" 200 0
INFO 2026-07-21 17:04:05,881 basehttp 17216 13228 "GET /api/code-review/submissions/894cfa19-5e5f-42df-b696-1a1827b54811/ HTTP/1.1" 200 33836
INFO 2026-07-21 17:04:06,122 basehttp 17216 13228 "GET /api/code-review/submissions/894cfa19-5e5f-42df-b696-1a1827b54811/ HTTP/1.1" 200 33836
INFO 2026-07-23 08:00:34,976 autoreload 8076 16224 Watching for file changes with StatReloader
INFO 2026-07-23 08:01:11,190 basehttp 8076 24492 "GET / HTTP/1.1" 200 515
WARNING 2026-07-23 08:01:12,249 basehttp 8076 24492 "GET /favicon.ico HTTP/1.1" 404 4652
INFO 2026-07-23 08:03:46,053 basehttp 8076 3580 "OPTIONS /api/accounts/login/ HTTP/1.1" 200 0
INFO 2026-07-23 08:03:48,850 basehttp 8076 24236 "POST /api/accounts/login/ HTTP/1.1" 200 1212
INFO 2026-07-23 08:03:49,465 basehttp 8076 3580 "OPTIONS /api/code-review/stats/ HTTP/1.1" 200 0
INFO 2026-07-23 08:03:49,465 basehttp 8076 18600 "OPTIONS /api/code-review/stats/ HTTP/1.1" 200 0
INFO 2026-07-23 08:03:49,756 basehttp 8076 24236 "GET /api/code-review/stats/ HTTP/1.1" 200 144
INFO 2026-07-23 08:03:49,771 basehttp 8076 3580 "OPTIONS /api/code-review/submissions/ HTTP/1.1" 200 0
INFO 2026-07-23 08:03:49,959 basehttp 8076 24236 "GET /api/code-review/stats/ HTTP/1.1" 200 144
INFO 2026-07-23 08:03:50,128 basehttp 8076 11208 "GET /api/code-review/submissions/ HTTP/1.1" 200 130188
INFO 2026-07-23 08:03:50,324 basehttp 8076 24236 "GET /api/code-review/submissions/ HTTP/1.1" 200 130188
INFO 2026-07-23 08:04:14,671 basehttp 8076 3580 "OPTIONS /api/code-review/submissions/894cfa19-5e5f-42df-b696-1a1827b54811/ HTTP/1.1" 200 0
INFO 2026-07-23 08:04:14,672 basehttp 8076 18600 "OPTIONS /api/code-review/submissions/894cfa19-5e5f-42df-b696-1a1827b54811/ HTTP/1.1" 200 0
INFO 2026-07-23 08:04:14,861 basehttp 8076 24236 "GET /api/code-review/submissions/894cfa19-5e5f-42df-b696-1a1827b54811/ HTTP/1.1" 200 33836
INFO 2026-07-23 08:04:15,030 basehttp 8076 11208 "GET /api/code-review/submissions/894cfa19-5e5f-42df-b696-1a1827b54811/ HTTP/1.1" 200 33836
INFO 2026-07-23 12:26:41,571 autoreload 20488 14488 Watching for file changes with StatReloader
INFO 2026-07-23 12:27:50,828 basehttp 20488 1616 "OPTIONS /api/accounts/login/ HTTP/1.1" 200 0
INFO 2026-07-23 12:27:53,365 basehttp 20488 18760 "POST /api/accounts/login/ HTTP/1.1" 200 1212
INFO 2026-07-23 12:27:53,936 basehttp 20488 1616 "OPTIONS /api/code-review/stats/ HTTP/1.1" 200 0
INFO 2026-07-23 12:27:53,936 basehttp 20488 9352 "OPTIONS /api/code-review/stats/ HTTP/1.1" 200 0
INFO 2026-07-23 12:27:54,049 basehttp 20488 18760 "GET /api/code-review/stats/ HTTP/1.1" 200 144
INFO 2026-07-23 12:27:54,058 basehttp 20488 9352 "OPTIONS /api/code-review/submissions/ HTTP/1.1" 200 0
INFO 2026-07-23 12:27:54,163 basehttp 20488 18760 "GET /api/code-review/stats/ HTTP/1.1" 200 144
INFO 2026-07-23 12:27:54,223 basehttp 20488 23940 "GET /api/code-review/submissions/ HTTP/1.1" 200 130188
INFO 2026-07-23 12:27:54,457 basehttp 20488 18760 "GET /api/code-review/submissions/ HTTP/1.1" 200 130188
INFO 2026-07-23 12:28:18,385 basehttp 20488 1616 "OPTIONS /api/code-review/submissions/894cfa19-5e5f-42df-b696-1a1827b54811/ HTTP/1.1" 200 0
INFO 2026-07-23 12:28:18,385 basehttp 20488 9352 "OPTIONS /api/code-review/submissions/894cfa19-5e5f-42df-b696-1a1827b54811/ HTTP/1.1" 200 0
INFO 2026-07-23 12:28:18,523 basehttp 20488 18760 "GET /api/code-review/submissions/894cfa19-5e5f-42df-b696-1a1827b54811/ HTTP/1.1" 200 33836
INFO 2026-07-23 12:28:18,709 basehttp 20488 18760 "GET /api/code-review/submissions/894cfa19-5e5f-42df-b696-1a1827b54811/ HTTP/1.1" 200 33836
INFO 2026-07-23 12:30:06,575 basehttp 20488 18760 "GET /api/code-review/stats/ HTTP/1.1" 200 144
INFO 2026-07-23 12:30:06,659 basehttp 20488 18760 "GET /api/code-review/stats/ HTTP/1.1" 200 144
INFO 2026-07-23 12:30:06,674 basehttp 20488 23940 "GET /api/code-review/submissions/ HTTP/1.1" 200 130188
INFO 2026-07-23 12:30:06,780 basehttp 20488 18760 "GET /api/code-review/submissions/ HTTP/1.1" 200 130188
INFO 2026-07-23 12:30:08,567 basehttp 20488 1616 "OPTIONS /api/code-review/languages/ HTTP/1.1" 200 0
INFO 2026-07-23 12:30:08,567 basehttp 20488 9352 "OPTIONS /api/code-review/languages/ HTTP/1.1" 200 0
INFO 2026-07-23 12:30:08,652 basehttp 20488 18760 "GET /api/code-review/languages/ HTTP/1.1" 200 1587
INFO 2026-07-23 12:30:08,723 basehttp 20488 18760 "GET /api/code-review/languages/ HTTP/1.1" 200 1587
INFO 2026-07-23 12:30:39,275 basehttp 20488 18760 "POST /api/code-review/submissions/ HTTP/1.1" 201 20125
INFO 2026-07-23 12:30:39,283 basehttp 20488 9352 "OPTIONS /api/code-review/initiate-review/ HTTP/1.1" 200 0
INFO 2026-07-23 12:30:39,518 basehttp 20488 18760 "POST /api/code-review/initiate-review/ HTTP/1.1" 200 10499
INFO 2026-07-23 12:30:42,639 basehttp 20488 18760 "GET /api/code-review/stats/ HTTP/1.1" 200 144
INFO 2026-07-23 12:30:42,725 basehttp 20488 18760 "GET /api/code-review/stats/ HTTP/1.1" 200 144
INFO 2026-07-23 12:30:42,764 basehttp 20488 23940 "GET /api/code-review/submissions/ HTTP/1.1" 200 160636
INFO 2026-07-23 12:30:42,892 basehttp 20488 18760 "GET /api/code-review/submissions/ HTTP/1.1" 200 160636
INFO 2026-07-23 12:30:46,834 basehttp 20488 1616 "OPTIONS /api/code-review/submissions/68c1fe23-5a3a-4bdd-9dff-771b22b0daec/ HTTP/1.1" 200 0
INFO 2026-07-23 12:30:46,834 basehttp 20488 9352 "OPTIONS /api/code-review/submissions/68c1fe23-5a3a-4bdd-9dff-771b22b0daec/ HTTP/1.1" 200 0
INFO 2026-07-23 12:30:46,916 basehttp 20488 18760 "GET /api/code-review/submissions/68c1fe23-5a3a-4bdd-9dff-771b22b0daec/ HTTP/1.1" 200 30447
INFO 2026-07-23 12:30:46,989 basehttp 20488 18760 "GET /api/code-review/submissions/68c1fe23-5a3a-4bdd-9dff-771b22b0daec/ HTTP/1.1" 200 30447
INFO 2026-07-23 12:34:06,289 basehttp 20488 18760 "GET /api/code-review/stats/ HTTP/1.1" 200 144
INFO 2026-07-23 12:34:06,373 basehttp 20488 23940 "GET /api/code-review/submissions/ HTTP/1.1" 200 160636
INFO 2026-07-23 12:34:06,497 basehttp 20488 18760 "GET /api/code-review/stats/ HTTP/1.1" 200 144
INFO 2026-07-23 12:34:06,634 basehttp 20488 18760 "GET /api/code-review/submissions/ HTTP/1.1" 200 160636
INFO 2026-07-23 12:34:08,826 basehttp 20488 18760 "GET /api/code-review/languages/ HTTP/1.1" 200 1587
INFO 2026-07-23 12:34:09,015 basehttp 20488 18760 "GET /api/code-review/languages/ HTTP/1.1" 200 1587
INFO 2026-07-23 12:34:23,949 basehttp 20488 18760 "POST /api/code-review/submissions/ HTTP/1.1" 201 16751
INFO 2026-07-23 12:34:24,078 basehttp 20488 18760 "POST /api/code-review/initiate-review/ HTTP/1.1" 200 595
INFO 2026-07-23 12:34:27,179 basehttp 20488 18760 "GET /api/code-review/stats/ HTTP/1.1" 200 145
INFO 2026-07-23 12:34:27,253 basehttp 20488 18760 "GET /api/code-review/stats/ HTTP/1.1" 200 145
INFO 2026-07-23 12:34:27,377 basehttp 20488 23940 "GET /api/code-review/submissions/ HTTP/1.1" 200 177805
INFO 2026-07-23 12:34:27,474 basehttp 20488 18760 "GET /api/code-review/submissions/ HTTP/1.1" 200 177805
INFO 2026-07-23 12:34:32,452 basehttp 20488 1616 "OPTIONS /api/code-review/submissions/4786260d-9e06-4d00-bfb0-afacc11ba4e3/ HTTP/1.1" 200 0
INFO 2026-07-23 12:34:32,453 basehttp 20488 9352 "OPTIONS /api/code-review/submissions/4786260d-9e06-4d00-bfb0-afacc11ba4e3/ HTTP/1.1" 200 0
INFO 2026-07-23 12:34:32,647 basehttp 20488 18760 "GET /api/code-review/submissions/4786260d-9e06-4d00-bfb0-afacc11ba4e3/ HTTP/1.1" 200 17168
INFO 2026-07-23 12:34:32,721 basehttp 20488 18760 "GET /api/code-review/submissions/4786260d-9e06-4d00-bfb0-afacc11ba4e3/ HTTP/1.1" 200 17168
INFO 2026-07-23 12:34:54,308 basehttp 20488 18760 "GET /api/code-review/stats/ HTTP/1.1" 200 145
INFO 2026-07-23 12:34:54,398 basehttp 20488 18760 "GET /api/code-review/stats/ HTTP/1.1" 200 145
INFO 2026-07-23 12:34:54,416 basehttp 20488 23940 "GET /api/code-review/submissions/ HTTP/1.1" 200 177805
INFO 2026-07-23 12:34:54,524 basehttp 20488 18760 "GET /api/code-review/submissions/ HTTP/1.1" 200 177805
INFO 2026-07-23 12:34:57,876 basehttp 20488 18760 "GET /api/code-review/submissions/4786260d-9e06-4d00-bfb0-afacc11ba4e3/ HTTP/1.1" 200 17168
INFO 2026-07-23 12:34:57,946 basehttp 20488 18760 "GET /api/code-review/submissions/4786260d-9e06-4d00-bfb0-afacc11ba4e3/ HTTP/1.1" 200 17168
INFO 2026-07-23 12:38:23,551 autoreload 20488 14488 C:\ai-code-review-platform\backend\code_review\views.py changed, reloading.
INFO 2026-07-23 12:38:26,357 autoreload 23448 13140 Watching for file changes with StatReloader
INFO 2026-07-23 12:38:50,086 basehttp 23448 21268 "GET /api/code-review/stats/ HTTP/1.1" 200 145
INFO 2026-07-23 12:38:50,152 basehttp 23448 21268 "GET /api/code-review/stats/ HTTP/1.1" 200 145
INFO 2026-07-23 12:38:50,323 basehttp 23448 21268 "GET /api/code-review/submissions/ HTTP/1.1" 200 177805
INFO 2026-07-23 12:38:50,517 basehttp 23448 24476 "GET /api/code-review/submissions/ HTTP/1.1" 200 177805
INFO 2026-07-23 12:39:48,440 basehttp 23448 24476 "GET /api/code-review/languages/ HTTP/1.1" 200 1587
INFO 2026-07-23 12:39:48,514 basehttp 23448 24476 "GET /api/code-review/languages/ HTTP/1.1" 200 1587
INFO 2026-07-23 12:39:59,977 basehttp 23448 24476 "POST /api/code-review/submissions/ HTTP/1.1" 201 13587
ERROR 2026-07-23 12:40:00,510 log 23448 24476 Internal Server Error: /api/code-review/initiate-review/
Traceback (most recent call last):
  File "C:\Users\DELL\AppData\Local\Programs\Python\Python310\lib\site-packages\django\core\handlers\exception.py", line 55, in inner
    response = get_response(request)
  File "C:\Users\DELL\AppData\Local\Programs\Python\Python310\lib\site-packages\django\core\handlers\base.py", line 197, in _get_response
    response = wrapped_callback(request, *callback_args, **callback_kwargs)
  File "C:\Users\DELL\AppData\Local\Programs\Python\Python310\lib\site-packages\django\views\decorators\csrf.py", line 65, in _view_wrapper
    return view_func(request, *args, **kwargs)
  File "C:\Users\DELL\AppData\Local\Programs\Python\Python310\lib\site-packages\django\views\generic\base.py", line 104, in view
    return self.dispatch(request, *args, **kwargs)
  File "C:\Users\DELL\AppData\Local\Programs\Python\Python310\lib\site-packages\rest_framework\views.py", line 509, in dispatch
    response = self.handle_exception(exc)
  File "C:\Users\DELL\AppData\Local\Programs\Python\Python310\lib\site-packages\rest_framework\views.py", line 469, in handle_exception
    self.raise_uncaught_exception(exc)
  File "C:\Users\DELL\AppData\Local\Programs\Python\Python310\lib\site-packages\rest_framework\views.py", line 480, in raise_uncaught_exception
    raise exc
  File "C:\Users\DELL\AppData\Local\Programs\Python\Python310\lib\site-packages\rest_framework\views.py", line 506, in dispatch
    response = handler(request, *args, **kwargs)
  File "C:\ai-code-review-platform\backend\code_review\views.py", line 225, in post
    analysis_result = self._analyze_code(submission.code, submission.language.name)
  File "C:\ai-code-review-platform\backend\code_review\views.py", line 296, in _analyze_code
    bugs = self._find_bugs(code, language, code_lines)
  File "C:\ai-code-review-platform\backend\code_review\views.py", line 463, in _find_bugs
    if 'ADMIN' in line_upper or 'PASSWORD' in line_upper or 'SECRET' in line_upper or 'API_KEY' in line_upper:
NameError: name 'line_upper' is not defined
ERROR 2026-07-23 12:40:00,524 basehttp 23448 24476 "POST /api/code-review/initiate-review/ HTTP/1.1" 500 141401
INFO 2026-07-23 12:40:03,669 basehttp 23448 24476 "GET /api/code-review/stats/ HTTP/1.1" 200 145
INFO 2026-07-23 12:40:03,767 basehttp 23448 24476 "GET /api/code-review/stats/ HTTP/1.1" 200 145
INFO 2026-07-23 12:40:03,794 basehttp 23448 21268 "GET /api/code-review/submissions/ HTTP/1.1" 200 191396
INFO 2026-07-23 12:40:03,914 basehttp 23448 24476 "GET /api/code-review/submissions/ HTTP/1.1" 200 191396
INFO 2026-07-23 12:40:08,889 basehttp 23448 15600 "OPTIONS /api/code-review/submissions/c0e59a8f-2a0c-4f78-94fe-502479d0894c/ HTTP/1.1" 200 0
INFO 2026-07-23 12:40:08,894 basehttp 23448 13968 "OPTIONS /api/code-review/submissions/c0e59a8f-2a0c-4f78-94fe-502479d0894c/ HTTP/1.1" 200 0
INFO 2026-07-23 12:40:08,973 basehttp 23448 24476 "GET /api/code-review/submissions/c0e59a8f-2a0c-4f78-94fe-502479d0894c/ HTTP/1.1" 200 13590
INFO 2026-07-23 12:40:09,054 basehttp 23448 24476 "GET /api/code-review/submissions/c0e59a8f-2a0c-4f78-94fe-502479d0894c/ HTTP/1.1" 200 13590
INFO 2026-07-23 12:41:54,190 basehttp 23448 7480 "GET /api/code-review/stats/ HTTP/1.1" 200 145
INFO 2026-07-23 12:41:54,268 basehttp 23448 7480 "GET /api/code-review/stats/ HTTP/1.1" 200 145
INFO 2026-07-23 12:41:54,393 basehttp 23448 7480 "GET /api/code-review/submissions/ HTTP/1.1" 200 191396
INFO 2026-07-23 12:41:54,536 basehttp 23448 8416 "GET /api/code-review/submissions/ HTTP/1.1" 200 191396
INFO 2026-07-23 12:41:58,239 basehttp 23448 8416 "GET /api/code-review/languages/ HTTP/1.1" 200 1587
INFO 2026-07-23 12:41:58,302 basehttp 23448 8416 "GET /api/code-review/languages/ HTTP/1.1" 200 1587
INFO 2026-07-23 12:42:07,285 basehttp 23448 8416 "GET /api/code-review/stats/ HTTP/1.1" 200 145
INFO 2026-07-23 12:42:07,362 basehttp 23448 8416 "GET /api/code-review/stats/ HTTP/1.1" 200 145
INFO 2026-07-23 12:42:07,384 basehttp 23448 7480 "GET /api/code-review/submissions/ HTTP/1.1" 200 191396
INFO 2026-07-23 12:42:07,497 basehttp 23448 8416 "GET /api/code-review/submissions/ HTTP/1.1" 200 191396
INFO 2026-07-23 12:42:11,711 basehttp 23448 8416 "GET /api/code-review/submissions/c0e59a8f-2a0c-4f78-94fe-502479d0894c/ HTTP/1.1" 200 13590
INFO 2026-07-23 12:42:11,953 basehttp 23448 8416 "GET /api/code-review/submissions/c0e59a8f-2a0c-4f78-94fe-502479d0894c/ HTTP/1.1" 200 13590
INFO 2026-07-23 12:42:27,942 basehttp 23448 8416 "GET /api/code-review/languages/ HTTP/1.1" 200 1587
INFO 2026-07-23 12:42:28,171 basehttp 23448 8416 "GET /api/code-review/languages/ HTTP/1.1" 200 1587
INFO 2026-07-23 12:42:36,236 basehttp 23448 8416 "POST /api/code-review/submissions/ HTTP/1.1" 201 13577
ERROR 2026-07-23 12:42:36,579 log 23448 8416 Internal Server Error: /api/code-review/initiate-review/
Traceback (most recent call last):
  File "C:\Users\DELL\AppData\Local\Programs\Python\Python310\lib\site-packages\django\core\handlers\exception.py", line 55, in inner
    response = get_response(request)
  File "C:\Users\DELL\AppData\Local\Programs\Python\Python310\lib\site-packages\django\core\handlers\base.py", line 197, in _get_response
    response = wrapped_callback(request, *callback_args, **callback_kwargs)
  File "C:\Users\DELL\AppData\Local\Programs\Python\Python310\lib\site-packages\django\views\decorators\csrf.py", line 65, in _view_wrapper
    return view_func(request, *args, **kwargs)
  File "C:\Users\DELL\AppData\Local\Programs\Python\Python310\lib\site-packages\django\views\generic\base.py", line 104, in view
    return self.dispatch(request, *args, **kwargs)
  File "C:\Users\DELL\AppData\Local\Programs\Python\Python310\lib\site-packages\rest_framework\views.py", line 509, in dispatch
    response = self.handle_exception(exc)
  File "C:\Users\DELL\AppData\Local\Programs\Python\Python310\lib\site-packages\rest_framework\views.py", line 469, in handle_exception
    self.raise_uncaught_exception(exc)
  File "C:\Users\DELL\AppData\Local\Programs\Python\Python310\lib\site-packages\rest_framework\views.py", line 480, in raise_uncaught_exception
    raise exc
  File "C:\Users\DELL\AppData\Local\Programs\Python\Python310\lib\site-packages\rest_framework\views.py", line 506, in dispatch
    response = handler(request, *args, **kwargs)
  File "C:\ai-code-review-platform\backend\code_review\views.py", line 225, in post
    analysis_result = self._analyze_code(submission.code, submission.language.name)
  File "C:\ai-code-review-platform\backend\code_review\views.py", line 296, in _analyze_code
    bugs = self._find_bugs(code, language, code_lines)
  File "C:\ai-code-review-platform\backend\code_review\views.py", line 463, in _find_bugs
    if 'ADMIN' in line_upper or 'PASSWORD' in line_upper or 'SECRET' in line_upper or 'API_KEY' in line_upper:
NameError: name 'line_upper' is not defined
ERROR 2026-07-23 12:42:36,585 basehttp 23448 8416 "POST /api/code-review/initiate-review/ HTTP/1.1" 500 141372
INFO 2026-07-23 12:42:39,928 basehttp 23448 8416 "GET /api/code-review/stats/ HTTP/1.1" 200 145
INFO 2026-07-23 12:42:40,025 basehttp 23448 8416 "GET /api/code-review/stats/ HTTP/1.1" 200 145
INFO 2026-07-23 12:42:40,055 basehttp 23448 7480 "GET /api/code-review/submissions/ HTTP/1.1" 200 204977
INFO 2026-07-23 12:42:40,163 basehttp 23448 8416 "GET /api/code-review/submissions/ HTTP/1.1" 200 204977
INFO 2026-07-23 12:42:48,959 basehttp 23448 17972 "OPTIONS /api/code-review/submissions/d4cf167d-536e-475b-8605-e49e6d9f5a0e/ HTTP/1.1" 200 0
INFO 2026-07-23 12:42:48,974 basehttp 23448 17972 "OPTIONS /api/code-review/submissions/d4cf167d-536e-475b-8605-e49e6d9f5a0e/ HTTP/1.1" 200 0
INFO 2026-07-23 12:42:48,975 basehttp 23448 14892 "OPTIONS /api/code-review/submissions/d4cf167d-536e-475b-8605-e49e6d9f5a0e/ HTTP/1.1" 200 0
INFO 2026-07-23 12:42:49,123 basehttp 23448 7480 "GET /api/code-review/submissions/d4cf167d-536e-475b-8605-e49e6d9f5a0e/ HTTP/1.1" 200 13580
INFO 2026-07-23 12:42:49,129 basehttp 23448 8416 "DELETE /api/code-review/submissions/d4cf167d-536e-475b-8605-e49e6d9f5a0e/ HTTP/1.1" 204 0
WARNING 2026-07-23 12:42:49,195 basehttp 23448 7416 "GET /api/code-review/submissions/d4cf167d-536e-475b-8605-e49e6d9f5a0e/ HTTP/1.1" 404 55
INFO 2026-07-23 12:42:49,291 basehttp 23448 8416 "GET /api/code-review/stats/ HTTP/1.1" 200 145
INFO 2026-07-23 12:42:49,365 basehttp 23448 8416 "GET /api/code-review/stats/ HTTP/1.1" 200 145
INFO 2026-07-23 12:42:49,461 basehttp 23448 8416 "GET /api/code-review/submissions/ HTTP/1.1" 200 191396
WARNING 2026-07-23 12:42:54,273 basehttp 23448 8416 "GET /api/code-review/stats/ HTTP/1.1" 401 183
INFO 2026-07-23 12:42:54,280 basehttp 23448 14892 "OPTIONS /api/token/refresh/ HTTP/1.1" 200 0
WARNING 2026-07-23 12:42:54,281 basehttp 23448 8416 "GET /api/code-review/stats/ HTTP/1.1" 401 183
INFO 2026-07-23 12:42:54,299 basehttp 23448 14892 "POST /api/token/refresh/ HTTP/1.1" 200 582
INFO 2026-07-23 12:42:54,299 basehttp 23448 17972 "POST /api/token/refresh/ HTTP/1.1" 200 582
INFO 2026-07-23 12:42:54,389 basehttp 23448 8416 "GET /api/code-review/stats/ HTTP/1.1" 200 145
INFO 2026-07-23 12:42:54,479 basehttp 23448 8416 "GET /api/code-review/stats/ HTTP/1.1" 200 145
INFO 2026-07-23 12:42:54,499 basehttp 23448 7416 "GET /api/code-review/submissions/ HTTP/1.1" 200 191396
INFO 2026-07-23 12:42:54,616 basehttp 23448 8416 "GET /api/code-review/submissions/ HTTP/1.1" 200 191396
INFO 2026-07-23 12:48:23,915 autoreload 23448 13140 C:\ai-code-review-platform\backend\code_review\views.py changed, reloading.
INFO 2026-07-23 12:48:26,019 autoreload 19872 11720 Watching for file changes with StatReloader
INFO 2026-07-23 12:48:54,187 basehttp 19872 20788 "OPTIONS /api/accounts/profile/ HTTP/1.1" 200 0
INFO 2026-07-23 12:48:54,204 basehttp 19872 6788 "OPTIONS /api/accounts/profile/ HTTP/1.1" 200 0
INFO 2026-07-23 12:48:54,216 basehttp 19872 5404 "OPTIONS /api/accounts/profile/ HTTP/1.1" 200 0
INFO 2026-07-23 12:48:54,222 basehttp 19872 10636 "OPTIONS /api/accounts/profile/ HTTP/1.1" 200 0
INFO 2026-07-23 12:48:54,804 basehttp 19872 18704 "GET /api/accounts/profile/ HTTP/1.1" 200 562
INFO 2026-07-23 12:48:55,155 basehttp 19872 18704 "GET /api/accounts/profile/ HTTP/1.1" 200 562
INFO 2026-07-23 12:48:55,265 basehttp 19872 18704 "GET /api/accounts/profile/ HTTP/1.1" 200 562
INFO 2026-07-23 12:48:55,389 basehttp 19872 18704 "GET /api/accounts/profile/ HTTP/1.1" 200 562
INFO 2026-07-23 12:49:07,677 basehttp 19872 18704 "POST /api/accounts/login/ HTTP/1.1" 200 1212
INFO 2026-07-23 12:49:08,305 basehttp 19872 18704 "GET /api/code-review/stats/ HTTP/1.1" 200 145
INFO 2026-07-23 12:49:08,382 basehttp 19872 18704 "GET /api/code-review/stats/ HTTP/1.1" 200 145
INFO 2026-07-23 12:49:08,521 basehttp 19872 8348 "GET /api/code-review/submissions/ HTTP/1.1" 200 191396
INFO 2026-07-23 12:49:08,631 basehttp 19872 18704 "GET /api/code-review/submissions/ HTTP/1.1" 200 191396
INFO 2026-07-23 12:49:17,575 basehttp 19872 18704 "DELETE /api/code-review/submissions/c0e59a8f-2a0c-4f78-94fe-502479d0894c/ HTTP/1.1" 204 0
WARNING 2026-07-23 12:49:17,651 basehttp 19872 18704 "GET /api/code-review/submissions/c0e59a8f-2a0c-4f78-94fe-502479d0894c/ HTTP/1.1" 404 55
INFO 2026-07-23 12:49:17,671 basehttp 19872 8348 "GET /api/code-review/stats/ HTTP/1.1" 200 145
WARNING 2026-07-23 12:49:17,730 basehttp 19872 18704 "GET /api/code-review/submissions/c0e59a8f-2a0c-4f78-94fe-502479d0894c/ HTTP/1.1" 404 55
INFO 2026-07-23 12:49:17,752 basehttp 19872 8348 "GET /api/code-review/stats/ HTTP/1.1" 200 145
INFO 2026-07-23 12:49:17,829 basehttp 19872 8348 "GET /api/code-review/submissions/ HTTP/1.1" 200 177805
INFO 2026-07-23 12:49:22,827 basehttp 19872 8348 "GET /api/code-review/stats/ HTTP/1.1" 200 145
INFO 2026-07-23 12:49:22,902 basehttp 19872 8348 "GET /api/code-review/stats/ HTTP/1.1" 200 145
INFO 2026-07-23 12:49:23,057 basehttp 19872 18704 "GET /api/code-review/submissions/ HTTP/1.1" 200 177805
INFO 2026-07-23 12:49:23,157 basehttp 19872 8348 "GET /api/code-review/submissions/ HTTP/1.1" 200 177805
INFO 2026-07-23 12:49:59,544 basehttp 19872 11752 "GET /api/code-review/languages/ HTTP/1.1" 200 1587
INFO 2026-07-23 12:49:59,636 basehttp 19872 11752 "GET /api/code-review/languages/ HTTP/1.1" 200 1587
INFO 2026-07-23 12:50:25,025 basehttp 19872 11752 "POST /api/code-review/submissions/ HTTP/1.1" 201 18328
ERROR 2026-07-23 12:50:25,345 log 19872 11752 Internal Server Error: /api/code-review/initiate-review/
Traceback (most recent call last):
  File "C:\Users\DELL\AppData\Local\Programs\Python\Python310\lib\site-packages\django\core\handlers\exception.py", line 55, in inner
    response = get_response(request)
  File "C:\Users\DELL\AppData\Local\Programs\Python\Python310\lib\site-packages\django\core\handlers\base.py", line 197, in _get_response
    response = wrapped_callback(request, *callback_args, **callback_kwargs)
  File "C:\Users\DELL\AppData\Local\Programs\Python\Python310\lib\site-packages\django\views\decorators\csrf.py", line 65, in _view_wrapper
    return view_func(request, *args, **kwargs)
  File "C:\Users\DELL\AppData\Local\Programs\Python\Python310\lib\site-packages\django\views\generic\base.py", line 104, in view
    return self.dispatch(request, *args, **kwargs)
  File "C:\Users\DELL\AppData\Local\Programs\Python\Python310\lib\site-packages\rest_framework\views.py", line 509, in dispatch
    response = self.handle_exception(exc)
  File "C:\Users\DELL\AppData\Local\Programs\Python\Python310\lib\site-packages\rest_framework\views.py", line 469, in handle_exception
    self.raise_uncaught_exception(exc)
  File "C:\Users\DELL\AppData\Local\Programs\Python\Python310\lib\site-packages\rest_framework\views.py", line 480, in raise_uncaught_exception
    raise exc
  File "C:\Users\DELL\AppData\Local\Programs\Python\Python310\lib\site-packages\rest_framework\views.py", line 506, in dispatch
    response = handler(request, *args, **kwargs)
  File "C:\ai-code-review-platform\backend\code_review\views.py", line 226, in post
    analysis_result = self._analyze_code(submission.code, submission.language.name)
  File "C:\ai-code-review-platform\backend\code_review\views.py", line 316, in _analyze_code
    bugs = self._find_bugs(code, lang, code_lines)
  File "C:\ai-code-review-platform\backend\code_review\views.py", line 562, in _find_bugs
    if 'ADMIN' in line_upper or 'PASSWORD' in line_upper or 'SECRET' in line_upper or 'API_KEY' in line_upper:
NameError: name 'line_upper' is not defined
ERROR 2026-07-23 12:50:25,368 basehttp 19872 11752 "POST /api/code-review/initiate-review/ HTTP/1.1" 500 140091
INFO 2026-07-23 12:50:28,523 basehttp 19872 11752 "GET /api/code-review/stats/ HTTP/1.1" 200 145
INFO 2026-07-23 12:50:28,615 basehttp 19872 11752 "GET /api/code-review/stats/ HTTP/1.1" 200 145
INFO 2026-07-23 12:50:28,641 basehttp 19872 11448 "GET /api/code-review/submissions/ HTTP/1.1" 200 196137
INFO 2026-07-23 12:50:28,755 basehttp 19872 11752 "GET /api/code-review/submissions/ HTTP/1.1" 200 196137
INFO 2026-07-23 12:50:40,129 basehttp 19872 12464 "OPTIONS /api/code-review/submissions/5f50b978-97f7-42df-9c7e-307c9c205fcc/ HTTP/1.1" 200 0
INFO 2026-07-23 12:50:40,130 basehttp 19872 14944 "OPTIONS /api/code-review/submissions/5f50b978-97f7-42df-9c7e-307c9c205fcc/ HTTP/1.1" 200 0
INFO 2026-07-23 12:50:40,213 basehttp 19872 11752 "GET /api/code-review/submissions/5f50b978-97f7-42df-9c7e-307c9c205fcc/ HTTP/1.1" 200 18331
INFO 2026-07-23 12:50:40,277 basehttp 19872 11752 "GET /api/code-review/submissions/5f50b978-97f7-42df-9c7e-307c9c205fcc/ HTTP/1.1" 200 18331
INFO 2026-07-23 12:53:06,165 autoreload 19872 11720 C:\ai-code-review-platform\backend\code_review\views.py changed, reloading.
INFO 2026-07-23 12:53:07,901 autoreload 14448 11848 Watching for file changes with StatReloader
INFO 2026-07-23 12:55:19,653 autoreload 14448 11848 C:\ai-code-review-platform\backend\code_review\views.py changed, reloading.
INFO 2026-07-23 12:55:21,049 autoreload 8352 13476 Watching for file changes with StatReloader
INFO 2026-07-23 12:55:32,295 basehttp 8352 8484 "GET /api/code-review/languages/ HTTP/1.1" 200 1587
INFO 2026-07-23 12:55:32,373 basehttp 8352 8484 "GET /api/code-review/languages/ HTTP/1.1" 200 1587
INFO 2026-07-23 12:55:48,320 basehttp 8352 8484 "POST /api/code-review/submissions/ HTTP/1.1" 201 48242
INFO 2026-07-23 12:55:48,561 basehttp 8352 8484 "POST /api/code-review/initiate-review/ HTTP/1.1" 200 8596
INFO 2026-07-23 12:55:51,730 basehttp 8352 8484 "GET /api/code-review/stats/ HTTP/1.1" 200 146
INFO 2026-07-23 12:55:51,952 basehttp 8352 8484 "GET /api/code-review/stats/ HTTP/1.1" 200 146
INFO 2026-07-23 12:55:51,981 basehttp 8352 10588 "GET /api/code-review/submissions/ HTTP/1.1" 200 252775
INFO 2026-07-23 12:55:52,238 basehttp 8352 8484 "GET /api/code-review/submissions/ HTTP/1.1" 200 252775
INFO 2026-07-23 12:55:55,824 basehttp 8352 11052 "OPTIONS /api/code-review/submissions/f11b8ea3-4b9f-4a4f-9299-45572eb2a588/ HTTP/1.1" 200 0
INFO 2026-07-23 12:55:55,827 basehttp 8352 13764 "OPTIONS /api/code-review/submissions/f11b8ea3-4b9f-4a4f-9299-45572eb2a588/ HTTP/1.1" 200 0
INFO 2026-07-23 12:55:55,933 basehttp 8352 8484 "GET /api/code-review/submissions/f11b8ea3-4b9f-4a4f-9299-45572eb2a588/ HTTP/1.1" 200 56637
INFO 2026-07-23 12:55:56,013 basehttp 8352 8484 "GET /api/code-review/submissions/f11b8ea3-4b9f-4a4f-9299-45572eb2a588/ HTTP/1.1" 200 56637
INFO 2026-07-23 12:59:06,554 autoreload 8352 13476 C:\ai-code-review-platform\backend\code_review\views.py changed, reloading.
INFO 2026-07-23 12:59:08,339 autoreload 20848 2624 Watching for file changes with StatReloader
INFO 2026-07-23 13:01:34,360 basehttp 20848 22324 "GET /api/code-review/languages/ HTTP/1.1" 200 1587
INFO 2026-07-23 13:01:36,650 basehttp 20848 22324 "GET /api/code-review/languages/ HTTP/1.1" 200 1587
INFO 2026-07-23 13:01:45,126 basehttp 20848 22324 "POST /api/code-review/submissions/ HTTP/1.1" 201 33062
INFO 2026-07-23 13:01:49,013 basehttp 20848 22324 "POST /api/code-review/initiate-review/ HTTP/1.1" 200 1799
INFO 2026-07-23 13:01:53,322 basehttp 20848 22324 "GET /api/code-review/stats/ HTTP/1.1" 200 146
INFO 2026-07-23 13:01:54,522 basehttp 20848 22324 "GET /api/code-review/stats/ HTTP/1.1" 200 146
INFO 2026-07-23 13:01:54,793 basehttp 20848 9692 "GET /api/code-review/submissions/ HTTP/1.1" 200 287411
INFO 2026-07-23 13:01:56,556 basehttp 20848 22324 "GET /api/code-review/submissions/ HTTP/1.1" 200 287411
INFO 2026-07-23 13:01:59,875 basehttp 20848 18260 "OPTIONS /api/code-review/submissions/52cbfe03-09dd-4f1e-8bc2-1dd4cbae66ae/ HTTP/1.1" 200 0
INFO 2026-07-23 13:01:59,900 basehttp 20848 24216 "OPTIONS /api/code-review/submissions/52cbfe03-09dd-4f1e-8bc2-1dd4cbae66ae/ HTTP/1.1" 200 0
INFO 2026-07-23 13:02:01,225 basehttp 20848 22324 "GET /api/code-review/submissions/52cbfe03-09dd-4f1e-8bc2-1dd4cbae66ae/ HTTP/1.1" 200 34635
INFO 2026-07-23 13:02:02,955 basehttp 20848 9692 "GET /api/code-review/submissions/52cbfe03-09dd-4f1e-8bc2-1dd4cbae66ae/ HTTP/1.1" 200 34635
INFO 2026-07-23 13:02:18,874 basehttp 20848 9692 "GET /api/accounts/profile/ HTTP/1.1" 200 562
INFO 2026-07-23 13:02:18,963 basehttp 20848 9692 "GET /api/accounts/profile/ HTTP/1.1" 200 562
INFO 2026-07-23 13:02:19,140 basehttp 20848 9692 "GET /api/accounts/profile/ HTTP/1.1" 200 562
INFO 2026-07-23 13:02:19,219 basehttp 20848 9692 "GET /api/accounts/profile/ HTTP/1.1" 200 562
INFO 2026-07-23 13:05:24,261 basehttp 20848 9692 "POST /api/accounts/login/ HTTP/1.1" 200 1212
INFO 2026-07-23 13:05:25,010 basehttp 20848 9692 "GET /api/code-review/stats/ HTTP/1.1" 200 146
INFO 2026-07-23 13:05:25,110 basehttp 20848 9692 "GET /api/code-review/stats/ HTTP/1.1" 200 146
INFO 2026-07-23 13:05:25,141 basehttp 20848 22324 "GET /api/code-review/submissions/ HTTP/1.1" 200 287411
INFO 2026-07-23 13:05:25,250 basehttp 20848 9692 "GET /api/code-review/submissions/ HTTP/1.1" 200 287411
INFO 2026-07-23 13:05:34,852 basehttp 20848 9692 "GET /api/code-review/languages/ HTTP/1.1" 200 1587
INFO 2026-07-23 13:05:34,919 basehttp 20848 9692 "GET /api/code-review/languages/ HTTP/1.1" 200 1587
INFO 2026-07-23 13:06:01,145 basehttp 20848 9692 "POST /api/code-review/submissions/ HTTP/1.1" 201 44296
INFO 2026-07-23 13:06:01,561 basehttp 20848 9692 "POST /api/code-review/initiate-review/ HTTP/1.1" 200 3945
INFO 2026-07-23 13:06:04,697 basehttp 20848 9692 "GET /api/code-review/stats/ HTTP/1.1" 200 147
INFO 2026-07-23 13:06:04,803 basehttp 20848 22324 "GET /api/code-review/submissions/ HTTP/1.1" 200 335411
INFO 2026-07-23 13:06:04,874 basehttp 20848 9692 "GET /api/code-review/stats/ HTTP/1.1" 200 147
INFO 2026-07-23 13:06:05,067 basehttp 20848 9692 "GET /api/code-review/submissions/ HTTP/1.1" 200 335411
INFO 2026-07-23 13:06:09,562 basehttp 20848 24216 "OPTIONS /api/code-review/submissions/8d1d5dfc-1de0-4b85-a9ce-009d498368cb/ HTTP/1.1" 200 0
INFO 2026-07-23 13:06:09,562 basehttp 20848 18260 "OPTIONS /api/code-review/submissions/8d1d5dfc-1de0-4b85-a9ce-009d498368cb/ HTTP/1.1" 200 0
INFO 2026-07-23 13:06:09,641 basehttp 20848 9692 "GET /api/code-review/submissions/8d1d5dfc-1de0-4b85-a9ce-009d498368cb/ HTTP/1.1" 200 47998
INFO 2026-07-23 13:06:09,727 basehttp 20848 9692 "GET /api/code-review/submissions/8d1d5dfc-1de0-4b85-a9ce-009d498368cb/ HTTP/1.1" 200 47998
INFO 2026-07-23 13:15:59,357 basehttp 20848 10484 "GET /api/accounts/profile/ HTTP/1.1" 200 562
INFO 2026-07-23 13:15:59,438 basehttp 20848 10484 "GET /api/accounts/profile/ HTTP/1.1" 200 562
INFO 2026-07-23 13:15:59,553 basehttp 20848 10484 "GET /api/accounts/profile/ HTTP/1.1" 200 562
INFO 2026-07-23 13:15:59,675 basehttp 20848 10484 "GET /api/accounts/profile/ HTTP/1.1" 200 562
INFO 2026-07-23 13:16:11,025 basehttp 20848 10484 "POST /api/accounts/login/ HTTP/1.1" 200 1212
INFO 2026-07-23 13:16:11,649 basehttp 20848 10484 "GET /api/code-review/stats/ HTTP/1.1" 200 147
INFO 2026-07-23 13:16:11,738 basehttp 20848 10484 "GET /api/code-review/stats/ HTTP/1.1" 200 147
INFO 2026-07-23 13:16:11,783 basehttp 20848 10908 "GET /api/code-review/submissions/ HTTP/1.1" 200 335411
INFO 2026-07-23 13:16:11,905 basehttp 20848 10484 "GET /api/code-review/submissions/ HTTP/1.1" 200 335411
INFO 2026-07-23 13:16:35,845 basehttp 20848 10484 "GET /api/code-review/languages/ HTTP/1.1" 200 1587
INFO 2026-07-23 13:16:35,909 basehttp 20848 10484 "GET /api/code-review/languages/ HTTP/1.1" 200 1587
INFO 2026-07-23 13:16:52,276 basehttp 20848 10484 "POST /api/code-review/submissions/ HTTP/1.1" 201 58320
INFO 2026-07-23 13:16:52,542 basehttp 20848 10484 "POST /api/code-review/initiate-review/ HTTP/1.1" 200 15230
INFO 2026-07-23 13:16:55,673 basehttp 20848 10484 "GET /api/code-review/stats/ HTTP/1.1" 200 147
INFO 2026-07-23 13:16:55,760 basehttp 20848 10484 "GET /api/code-review/stats/ HTTP/1.1" 200 147
INFO 2026-07-23 13:16:55,795 basehttp 20848 10908 "GET /api/code-review/submissions/ HTTP/1.1" 200 408720
INFO 2026-07-23 13:16:55,907 basehttp 20848 10484 "GET /api/code-review/submissions/ HTTP/1.1" 200 408720
INFO 2026-07-23 13:17:00,045 basehttp 20848 21796 "OPTIONS /api/code-review/submissions/aa509357-4267-495b-a4b1-acb36cbd3ed1/ HTTP/1.1" 200 0
INFO 2026-07-23 13:17:00,047 basehttp 20848 7032 "OPTIONS /api/code-review/submissions/aa509357-4267-495b-a4b1-acb36cbd3ed1/ HTTP/1.1" 200 0
INFO 2026-07-23 13:17:00,159 basehttp 20848 10484 "GET /api/code-review/submissions/aa509357-4267-495b-a4b1-acb36cbd3ed1/ HTTP/1.1" 200 73308
INFO 2026-07-23 13:17:00,229 basehttp 20848 10908 "GET /api/code-review/submissions/aa509357-4267-495b-a4b1-acb36cbd3ed1/ HTTP/1.1" 200 73308
INFO 2026-07-23 13:46:31,264 autoreload 20848 2624 C:\ai-code-review-platform\backend\dashboard\views.py changed, reloading.
INFO 2026-07-23 13:46:36,884 autoreload 23188 4652 Watching for file changes with StatReloader
INFO 2026-07-23 13:49:38,368 autoreload 17576 22880 Watching for file changes with StatReloader
INFO 2026-07-23 13:58:07,854 autoreload 17576 22880 C:\ai-code-review-platform\backend\dashboard\views.py changed, reloading.
INFO 2026-07-23 13:58:10,789 autoreload 5296 23880 Watching for file changes with StatReloader
INFO 2026-07-23 14:06:35,972 autoreload 15644 8100 Watching for file changes with StatReloader
INFO 2026-07-23 14:07:14,498 autoreload 15644 8100 C:\ai-code-review-platform\backend\dashboard\models.py changed, reloading.
INFO 2026-07-23 14:07:18,160 autoreload 21256 20704 Watching for file changes with StatReloader
INFO 2026-07-23 14:11:22,155 autoreload 21256 20704 C:\ai-code-review-platform\backend\dashboard\models.py changed, reloading.
INFO 2026-07-23 14:11:26,552 autoreload 19488 13740 Watching for file changes with StatReloader
INFO 2026-07-23 14:12:25,012 autoreload 19488 13740 C:\ai-code-review-platform\backend\dashboard\admin.py changed, reloading.
INFO 2026-07-23 14:12:28,646 autoreload 21700 964 Watching for file changes with StatReloader
INFO 2026-07-23 14:31:06,748 autoreload 9700 16232 Watching for file changes with StatReloader
INFO 2026-07-23 14:32:54,709 autoreload 9700 16232 C:\ai-code-review-platform\backend\dashboard\views.py changed, reloading.
INFO 2026-07-23 14:32:59,391 autoreload 1032 3176 Watching for file changes with StatReloader
INFO 2026-07-23 14:33:11,374 autoreload 1032 3176 C:\ai-code-review-platform\backend\dashboard\views.py changed, reloading.
INFO 2026-07-23 14:33:14,807 autoreload 20252 20900 Watching for file changes with StatReloader
INFO 2026-07-23 14:34:17,096 autoreload 20252 20900 C:\ai-code-review-platform\backend\dashboard\views.py changed, reloading.
INFO 2026-07-23 14:34:21,097 autoreload 24684 15236 Watching for file changes with StatReloader
INFO 2026-07-23 14:34:32,644 autoreload 24684 15236 C:\ai-code-review-platform\backend\dashboard\views.py changed, reloading.
INFO 2026-07-23 14:34:36,644 autoreload 24384 21176 Watching for file changes with StatReloader
INFO 2026-07-23 14:35:16,362 autoreload 24384 21176 C:\ai-code-review-platform\backend\dashboard\urls.py changed, reloading.
INFO 2026-07-23 14:35:20,352 autoreload 4396 25212 Watching for file changes with StatReloader
INFO 2026-07-23 14:38:04,119 autoreload 4396 25212 C:\ai-code-review-platform\backend\dashboard\models.py changed, reloading.
INFO 2026-07-23 14:38:08,552 autoreload 6600 22720 Watching for file changes with StatReloader
INFO 2026-07-23 14:38:26,736 autoreload 6600 22720 C:\ai-code-review-platform\backend\dashboard\admin.py changed, reloading.
INFO 2026-07-23 14:38:30,727 autoreload 18416 11512 Watching for file changes with StatReloader
INFO 2026-07-23 14:38:52,295 basehttp 18416 6516 "OPTIONS /api/accounts/login/ HTTP/1.1" 200 0
INFO 2026-07-23 14:38:55,142 basehttp 18416 24828 "POST /api/accounts/login/ HTTP/1.1" 200 1212
INFO 2026-07-23 14:38:55,763 basehttp 18416 12792 "OPTIONS /api/code-review/stats/ HTTP/1.1" 200 0
INFO 2026-07-23 14:38:55,765 basehttp 18416 6516 "OPTIONS /api/code-review/stats/ HTTP/1.1" 200 0
INFO 2026-07-23 14:38:55,962 basehttp 18416 24828 "GET /api/code-review/stats/ HTTP/1.1" 200 147
INFO 2026-07-23 14:38:55,978 basehttp 18416 6516 "OPTIONS /api/code-review/submissions/ HTTP/1.1" 200 0
INFO 2026-07-23 14:38:56,191 basehttp 18416 24828 "GET /api/code-review/stats/ HTTP/1.1" 200 147
INFO 2026-07-23 14:38:56,325 basehttp 18416 6900 "GET /api/code-review/submissions/ HTTP/1.1" 200 408720
INFO 2026-07-23 14:38:56,614 basehttp 18416 24828 "GET /api/code-review/submissions/ HTTP/1.1" 200 408720
INFO 2026-07-23 14:39:01,465 basehttp 18416 24828 "GET /api/code-review/submissions/aa509357-4267-495b-a4b1-acb36cbd3ed1/ HTTP/1.1" 200 73308
INFO 2026-07-23 14:39:01,712 basehttp 18416 6900 "GET /api/code-review/submissions/aa509357-4267-495b-a4b1-acb36cbd3ed1/ HTTP/1.1" 200 73308
INFO 2026-07-23 14:41:25,016 autoreload 18416 11512 C:\ai-code-review-platform\backend\code_review\views.py changed, reloading.
INFO 2026-07-23 14:41:28,683 autoreload 15976 9948 Watching for file changes with StatReloader
INFO 2026-07-23 14:44:47,479 autoreload 15976 9948 C:\ai-code-review-platform\backend\code_review\views.py changed, reloading.
INFO 2026-07-23 14:44:51,334 autoreload 19684 8832 Watching for file changes with StatReloader
INFO 2026-07-23 14:45:07,386 basehttp 19684 23548 "OPTIONS /api/code-review/languages/ HTTP/1.1" 200 0
INFO 2026-07-23 14:45:07,387 basehttp 19684 24868 "OPTIONS /api/code-review/languages/ HTTP/1.1" 200 0
INFO 2026-07-23 14:45:08,083 basehttp 19684 14608 "GET /api/code-review/languages/ HTTP/1.1" 200 1587
INFO 2026-07-23 14:45:08,521 basehttp 19684 14608 "GET /api/code-review/languages/ HTTP/1.1" 200 1587
INFO 2026-07-23 14:45:24,056 basehttp 19684 14608 "POST /api/code-review/submissions/ HTTP/1.1" 201 60705
INFO 2026-07-23 14:45:24,067 basehttp 19684 24868 "OPTIONS /api/code-review/initiate-review/ HTTP/1.1" 200 0
INFO 2026-07-23 14:45:24,457 basehttp 19684 14608 "POST /api/code-review/initiate-review/ HTTP/1.1" 200 3899
INFO 2026-07-23 14:45:27,719 basehttp 19684 14608 "GET /api/code-review/stats/ HTTP/1.1" 200 148
INFO 2026-07-23 14:45:27,911 basehttp 19684 14608 "GET /api/code-review/stats/ HTTP/1.1" 200 148
INFO 2026-07-23 14:45:28,012 basehttp 19684 4352 "GET /api/code-review/submissions/ HTTP/1.1" 200 473115
INFO 2026-07-23 14:45:28,286 basehttp 19684 14608 "GET /api/code-review/submissions/ HTTP/1.1" 200 473115
INFO 2026-07-23 14:45:31,840 basehttp 19684 24868 "OPTIONS /api/code-review/submissions/eca28fa1-71f4-4eb1-9e9e-c623a0a21741/ HTTP/1.1" 200 0
INFO 2026-07-23 14:45:31,841 basehttp 19684 23548 "OPTIONS /api/code-review/submissions/eca28fa1-71f4-4eb1-9e9e-c623a0a21741/ HTTP/1.1" 200 0
INFO 2026-07-23 14:45:32,035 basehttp 19684 14608 "GET /api/code-review/submissions/eca28fa1-71f4-4eb1-9e9e-c623a0a21741/ HTTP/1.1" 200 64394
INFO 2026-07-23 14:45:32,175 basehttp 19684 14608 "GET /api/code-review/submissions/eca28fa1-71f4-4eb1-9e9e-c623a0a21741/ HTTP/1.1" 200 64394
INFO 2026-07-23 14:48:31,096 basehttp 19684 14608 "GET /api/code-review/languages/ HTTP/1.1" 200 1587
INFO 2026-07-23 14:48:31,265 basehttp 19684 14608 "GET /api/code-review/languages/ HTTP/1.1" 200 1587
INFO 2026-07-23 14:48:38,745 basehttp 19684 14608 "POST /api/code-review/submissions/ HTTP/1.1" 201 523
INFO 2026-07-23 14:48:39,086 basehttp 19684 14608 "POST /api/code-review/initiate-review/ HTTP/1.1" 200 681
INFO 2026-07-23 14:48:42,338 basehttp 19684 14608 "GET /api/code-review/stats/ HTTP/1.1" 200 148
INFO 2026-07-23 14:48:42,707 basehttp 19684 14608 "GET /api/code-review/stats/ HTTP/1.1" 200 148
INFO 2026-07-23 14:48:42,772 basehttp 19684 4352 "GET /api/code-review/submissions/ HTTP/1.1" 200 474118
INFO 2026-07-23 14:48:43,048 basehttp 19684 14608 "GET /api/code-review/submissions/ HTTP/1.1" 200 474118
INFO 2026-07-23 14:48:46,880 basehttp 19684 24868 "OPTIONS /api/code-review/submissions/b0f0ff6b-5151-4f67-9d1d-59faaf466cd5/ HTTP/1.1" 200 0
INFO 2026-07-23 14:48:46,882 basehttp 19684 23548 "OPTIONS /api/code-review/submissions/b0f0ff6b-5151-4f67-9d1d-59faaf466cd5/ HTTP/1.1" 200 0
INFO 2026-07-23 14:48:47,104 basehttp 19684 14608 "GET /api/code-review/submissions/b0f0ff6b-5151-4f67-9d1d-59faaf466cd5/ HTTP/1.1" 200 1002
INFO 2026-07-23 14:48:47,362 basehttp 19684 14608 "GET /api/code-review/submissions/b0f0ff6b-5151-4f67-9d1d-59faaf466cd5/ HTTP/1.1" 200 1002
INFO 2026-07-23 14:49:45,914 basehttp 19684 14608 "GET /api/code-review/languages/ HTTP/1.1" 200 1587
INFO 2026-07-23 14:49:46,058 basehttp 19684 14608 "GET /api/code-review/languages/ HTTP/1.1" 200 1587
INFO 2026-07-23 14:49:53,601 basehttp 19684 14608 "POST /api/code-review/submissions/ HTTP/1.1" 201 822
INFO 2026-07-23 14:49:53,911 basehttp 19684 14608 "POST /api/code-review/initiate-review/ HTTP/1.1" 200 1042
INFO 2026-07-23 14:49:57,210 basehttp 19684 14608 "GET /api/code-review/stats/ HTTP/1.1" 200 148
INFO 2026-07-23 14:49:57,419 basehttp 19684 14608 "GET /api/code-review/stats/ HTTP/1.1" 200 148
INFO 2026-07-23 14:49:57,538 basehttp 19684 4352 "GET /api/code-review/submissions/ HTTP/1.1" 200 475781
INFO 2026-07-23 14:49:57,827 basehttp 19684 14608 "GET /api/code-review/submissions/ HTTP/1.1" 200 475781
INFO 2026-07-23 14:50:02,778 basehttp 19684 23548 "OPTIONS /api/code-review/submissions/91d3b21c-bd78-4aec-9555-562f63f9fa13/ HTTP/1.1" 200 0
INFO 2026-07-23 14:50:02,779 basehttp 19684 24868 "OPTIONS /api/code-review/submissions/91d3b21c-bd78-4aec-9555-562f63f9fa13/ HTTP/1.1" 200 0
INFO 2026-07-23 14:50:03,030 basehttp 19684 14608 "GET /api/code-review/submissions/91d3b21c-bd78-4aec-9555-562f63f9fa13/ HTTP/1.1" 200 1662
INFO 2026-07-23 14:50:03,200 basehttp 19684 14608 "GET /api/code-review/submissions/91d3b21c-bd78-4aec-9555-562f63f9fa13/ HTTP/1.1" 200 1662
INFO 2026-07-23 15:15:43,606 basehttp 19684 15520 "POST /api/accounts/login/ HTTP/1.1" 200 1212
INFO 2026-07-23 15:15:44,545 basehttp 19684 15520 "GET /api/code-review/stats/ HTTP/1.1" 200 148
INFO 2026-07-23 15:15:44,796 basehttp 19684 15520 "GET /api/code-review/stats/ HTTP/1.1" 200 148
INFO 2026-07-23 15:15:44,922 basehttp 19684 17776 "GET /api/code-review/submissions/ HTTP/1.1" 200 475781
INFO 2026-07-23 15:15:45,306 basehttp 19684 15520 "GET /api/code-review/submissions/ HTTP/1.1" 200 475781
INFO 2026-07-23 15:15:48,599 basehttp 19684 15520 "GET /api/code-review/languages/ HTTP/1.1" 200 1587
INFO 2026-07-23 15:15:48,710 basehttp 19684 15520 "GET /api/code-review/languages/ HTTP/1.1" 200 1587
INFO 2026-07-23 15:18:07,563 basehttp 19684 15520 "GET /api/code-review/languages/ HTTP/1.1" 200 1587
INFO 2026-07-23 15:18:13,413 basehttp 19684 21224 "OPTIONS /api/accounts/profile/ HTTP/1.1" 200 0
INFO 2026-07-23 15:18:13,413 basehttp 19684 25456 "OPTIONS /api/accounts/profile/ HTTP/1.1" 200 0
INFO 2026-07-23 15:18:13,416 basehttp 19684 17684 "OPTIONS /api/accounts/profile/ HTTP/1.1" 200 0
INFO 2026-07-23 15:18:13,424 basehttp 19684 22668 "OPTIONS /api/accounts/profile/ HTTP/1.1" 200 0
INFO 2026-07-23 15:18:13,569 basehttp 19684 15520 "GET /api/accounts/profile/ HTTP/1.1" 200 562
INFO 2026-07-23 15:18:13,798 basehttp 19684 15520 "GET /api/accounts/profile/ HTTP/1.1" 200 562
INFO 2026-07-23 15:18:14,005 basehttp 19684 15520 "GET /api/accounts/profile/ HTTP/1.1" 200 562
INFO 2026-07-23 15:18:14,162 basehttp 19684 15520 "GET /api/accounts/profile/ HTTP/1.1" 200 562
INFO 2026-07-23 15:18:32,610 basehttp 19684 15520 "POST /api/accounts/login/ HTTP/1.1" 200 1212
INFO 2026-07-23 15:18:33,450 basehttp 19684 15520 "GET /api/code-review/stats/ HTTP/1.1" 200 148
INFO 2026-07-23 15:18:33,623 basehttp 19684 15520 "GET /api/code-review/stats/ HTTP/1.1" 200 148
INFO 2026-07-23 15:18:33,724 basehttp 19684 17776 "GET /api/code-review/submissions/ HTTP/1.1" 200 475781
INFO 2026-07-23 15:18:34,015 basehttp 19684 15520 "GET /api/code-review/submissions/ HTTP/1.1" 200 475781
INFO 2026-07-23 15:18:44,826 basehttp 19684 15520 "GET /api/code-review/languages/ HTTP/1.1" 200 1587
INFO 2026-07-23 15:18:44,963 basehttp 19684 15520 "GET /api/code-review/languages/ HTTP/1.1" 200 1587
INFO 2026-07-23 15:25:06,009 basehttp 19684 9500 "GET /api/accounts/profile/ HTTP/1.1" 200 562
INFO 2026-07-23 15:25:06,262 basehttp 19684 9500 "GET /api/accounts/profile/ HTTP/1.1" 200 562
INFO 2026-07-23 15:25:08,910 basehttp 19684 21192 "GET /api/accounts/profile/ HTTP/1.1" 200 562
INFO 2026-07-23 15:25:09,044 basehttp 19684 21192 "GET /api/accounts/profile/ HTTP/1.1" 200 562
INFO 2026-07-26 11:22:42,682 autoreload 10740 5436 Watching for file changes with StatReloader
INFO 2026-07-26 11:27:16,702 basehttp 10740 14904 "OPTIONS /api/accounts/login/ HTTP/1.1" 200 0
INFO 2026-07-26 11:27:19,200 basehttp 10740 10756 "POST /api/accounts/login/ HTTP/1.1" 200 1212
INFO 2026-07-26 11:27:19,799 basehttp 10740 14904 "OPTIONS /api/code-review/stats/ HTTP/1.1" 200 0
INFO 2026-07-26 11:27:19,800 basehttp 10740 2460 "OPTIONS /api/code-review/stats/ HTTP/1.1" 200 0
INFO 2026-07-26 11:27:20,028 basehttp 10740 10756 "GET /api/code-review/stats/ HTTP/1.1" 200 148
INFO 2026-07-26 11:27:20,045 basehttp 10740 14904 "OPTIONS /api/code-review/submissions/ HTTP/1.1" 200 0
INFO 2026-07-26 11:27:20,240 basehttp 10740 10756 "GET /api/code-review/stats/ HTTP/1.1" 200 148
INFO 2026-07-26 11:27:20,398 basehttp 10740 10996 "GET /api/code-review/submissions/ HTTP/1.1" 200 475781
INFO 2026-07-26 11:27:20,723 basehttp 10740 10756 "GET /api/code-review/submissions/ HTTP/1.1" 200 475781
INFO 2026-07-26 11:27:34,355 basehttp 10740 2460 "OPTIONS /api/code-review/submissions/91d3b21c-bd78-4aec-9555-562f63f9fa13/ HTTP/1.1" 200 0
INFO 2026-07-26 11:27:34,356 basehttp 10740 14904 "OPTIONS /api/code-review/submissions/91d3b21c-bd78-4aec-9555-562f63f9fa13/ HTTP/1.1" 200 0
INFO 2026-07-26 11:27:34,700 basehttp 10740 10756 "GET /api/code-review/submissions/91d3b21c-bd78-4aec-9555-562f63f9fa13/ HTTP/1.1" 200 1662
INFO 2026-07-26 11:27:34,979 basehttp 10740 10756 "GET /api/code-review/submissions/91d3b21c-bd78-4aec-9555-562f63f9fa13/ HTTP/1.1" 200 1662
INFO 2026-07-26 11:27:46,176 basehttp 10740 10756 "GET /api/code-review/stats/ HTTP/1.1" 200 148
INFO 2026-07-26 11:27:46,485 basehttp 10740 10756 "GET /api/code-review/stats/ HTTP/1.1" 200 148
INFO 2026-07-26 11:27:46,649 basehttp 10740 10996 "GET /api/code-review/submissions/ HTTP/1.1" 200 475781
INFO 2026-07-26 11:27:47,005 basehttp 10740 10756 "GET /api/code-review/submissions/ HTTP/1.1" 200 475781
INFO 2026-07-26 11:30:31,776 autoreload 10740 5436 C:\ai-code-review-platform\backend\code_review\views.py changed, reloading.
INFO 2026-07-26 11:30:36,773 autoreload 4028 7400 Watching for file changes with StatReloader
INFO 2026-07-26 11:30:46,429 basehttp 4028 13208 "GET /api/code-review/submissions/91d3b21c-bd78-4aec-9555-562f63f9fa13/ HTTP/1.1" 200 1662
INFO 2026-07-26 11:30:51,074 basehttp 4028 13208 "GET /api/code-review/stats/ HTTP/1.1" 200 148
INFO 2026-07-26 11:30:51,285 basehttp 4028 13208 "GET /api/code-review/stats/ HTTP/1.1" 200 148
INFO 2026-07-26 11:30:51,422 basehttp 4028 15256 "GET /api/code-review/submissions/ HTTP/1.1" 200 475781
INFO 2026-07-26 11:30:51,816 basehttp 4028 13208 "GET /api/code-review/submissions/ HTTP/1.1" 200 475781
INFO 2026-07-26 11:30:54,566 basehttp 4028 14180 "OPTIONS /api/code-review/submissions/b0f0ff6b-5151-4f67-9d1d-59faaf466cd5/ HTTP/1.1" 200 0
INFO 2026-07-26 11:30:54,566 basehttp 4028 13224 "OPTIONS /api/code-review/submissions/b0f0ff6b-5151-4f67-9d1d-59faaf466cd5/ HTTP/1.1" 200 0
INFO 2026-07-26 11:30:54,865 basehttp 4028 13208 "GET /api/code-review/submissions/b0f0ff6b-5151-4f67-9d1d-59faaf466cd5/ HTTP/1.1" 200 1002
INFO 2026-07-26 11:30:55,162 basehttp 4028 13208 "GET /api/code-review/submissions/b0f0ff6b-5151-4f67-9d1d-59faaf466cd5/ HTTP/1.1" 200 1002
INFO 2026-07-26 11:31:03,096 basehttp 4028 13208 "GET /api/code-review/stats/ HTTP/1.1" 200 148
INFO 2026-07-26 11:31:03,329 basehttp 4028 13208 "GET /api/code-review/stats/ HTTP/1.1" 200 148
INFO 2026-07-26 11:31:03,547 basehttp 4028 15256 "GET /api/code-review/submissions/ HTTP/1.1" 200 475781
INFO 2026-07-26 11:31:04,095 basehttp 4028 13208 "GET /api/code-review/submissions/ HTTP/1.1" 200 475781
INFO 2026-07-26 11:31:56,200 basehttp 4028 13224 "OPTIONS /api/code-review/languages/ HTTP/1.1" 200 0
INFO 2026-07-26 11:31:56,201 basehttp 4028 14180 "OPTIONS /api/code-review/languages/ HTTP/1.1" 200 0
INFO 2026-07-26 11:31:56,408 basehttp 4028 13208 "GET /api/code-review/languages/ HTTP/1.1" 200 1587
INFO 2026-07-26 11:31:56,565 basehttp 4028 13208 "GET /api/code-review/languages/ HTTP/1.1" 200 1587
INFO 2026-07-26 11:32:06,212 basehttp 4028 13208 "POST /api/code-review/submissions/ HTTP/1.1" 201 1327
INFO 2026-07-26 11:32:06,231 basehttp 4028 13224 "OPTIONS /api/code-review/initiate-review/ HTTP/1.1" 200 0
INFO 2026-07-26 11:32:06,755 basehttp 4028 13208 "POST /api/code-review/initiate-review/ HTTP/1.1" 200 2112
INFO 2026-07-26 11:32:10,194 basehttp 4028 13208 "GET /api/code-review/stats/ HTTP/1.1" 200 148
INFO 2026-07-26 11:32:10,454 basehttp 4028 13208 "GET /api/code-review/stats/ HTTP/1.1" 200 148
INFO 2026-07-26 11:32:10,565 basehttp 4028 15256 "GET /api/code-review/submissions/ HTTP/1.1" 200 479019
INFO 2026-07-26 11:32:10,860 basehttp 4028 13208 "GET /api/code-review/submissions/ HTTP/1.1" 200 479019
INFO 2026-07-26 11:32:14,402 basehttp 4028 13224 "OPTIONS /api/code-review/submissions/8190fd71-5657-4ba4-a863-e706efd93bc5/ HTTP/1.1" 200 0
INFO 2026-07-26 11:32:14,404 basehttp 4028 14180 "OPTIONS /api/code-review/submissions/8190fd71-5657-4ba4-a863-e706efd93bc5/ HTTP/1.1" 200 0
INFO 2026-07-26 11:32:14,821 basehttp 4028 13208 "GET /api/code-review/submissions/8190fd71-5657-4ba4-a863-e706efd93bc5/ HTTP/1.1" 200 3237
INFO 2026-07-26 11:32:15,087 basehttp 4028 13208 "GET /api/code-review/submissions/8190fd71-5657-4ba4-a863-e706efd93bc5/ HTTP/1.1" 200 3237
INFO 2026-07-26 11:35:54,661 autoreload 4028 7400 C:\ai-code-review-platform\backend\code_review\views.py changed, reloading.
INFO 2026-07-26 11:35:58,740 autoreload 19576 16328 Watching for file changes with StatReloader
INFO 2026-07-26 11:36:19,084 autoreload 19576 16328 C:\ai-code-review-platform\backend\code_review\views.py changed, reloading.
INFO 2026-07-26 11:36:23,249 autoreload 14672 19740 Watching for file changes with StatReloader
INFO 2026-07-26 11:36:30,945 autoreload 14672 19740 C:\ai-code-review-platform\backend\code_review\views.py changed, reloading.
INFO 2026-07-26 11:36:34,861 autoreload 4184 4920 Watching for file changes with StatReloader
INFO 2026-07-26 11:37:20,390 autoreload 4184 4920 C:\ai-code-review-platform\backend\code_review\views.py changed, reloading.
INFO 2026-07-26 11:37:23,398 autoreload 8368 15016 Watching for file changes with StatReloader
INFO 2026-07-26 11:38:54,169 basehttp 8368 1880 "GET /api/code-review/languages/ HTTP/1.1" 200 1587
INFO 2026-07-26 11:38:54,485 basehttp 8368 1880 "GET /api/code-review/languages/ HTTP/1.1" 200 1587
INFO 2026-07-26 11:39:12,062 basehttp 8368 1880 "POST /api/code-review/submissions/ HTTP/1.1" 201 3521
INFO 2026-07-26 11:39:12,737 basehttp 8368 1880 "POST /api/code-review/initiate-review/ HTTP/1.1" 200 3685
INFO 2026-07-26 11:39:16,039 basehttp 8368 1880 "GET /api/code-review/stats/ HTTP/1.1" 200 147
INFO 2026-07-26 11:39:16,281 basehttp 8368 1880 "GET /api/code-review/stats/ HTTP/1.1" 200 147
INFO 2026-07-26 11:39:16,486 basehttp 8368 3048 "GET /api/code-review/submissions/ HTTP/1.1" 200 486020
INFO 2026-07-26 11:39:16,787 basehttp 8368 1880 "GET /api/code-review/submissions/ HTTP/1.1" 200 486020
INFO 2026-07-26 11:39:22,182 basehttp 8368 14652 "OPTIONS /api/code-review/submissions/2e9470f1-34da-4062-9e25-bf9fca830bbc/ HTTP/1.1" 200 0
INFO 2026-07-26 11:39:22,184 basehttp 8368 3696 "OPTIONS /api/code-review/submissions/2e9470f1-34da-4062-9e25-bf9fca830bbc/ HTTP/1.1" 200 0
INFO 2026-07-26 11:39:22,611 basehttp 8368 1880 "GET /api/code-review/submissions/2e9470f1-34da-4062-9e25-bf9fca830bbc/ HTTP/1.1" 200 7000
INFO 2026-07-26 11:39:22,833 basehttp 8368 1880 "GET /api/code-review/submissions/2e9470f1-34da-4062-9e25-bf9fca830bbc/ HTTP/1.1" 200 7000
INFO 2026-07-26 11:43:56,919 autoreload 8368 15016 C:\ai-code-review-platform\backend\code_review\views.py changed, reloading.
INFO 2026-07-26 11:44:01,977 autoreload 5696 19884 Watching for file changes with StatReloader
INFO 2026-07-26 11:44:59,458 autoreload 5696 19884 C:\ai-code-review-platform\backend\code_review\views.py changed, reloading.
INFO 2026-07-26 11:45:03,091 autoreload 10488 13520 Watching for file changes with StatReloader
INFO 2026-07-26 11:52:38,742 autoreload 10488 13520 C:\ai-code-review-platform\backend\code_review\views.py changed, reloading.
INFO 2026-07-26 11:52:43,258 autoreload 6128 324 Watching for file changes with StatReloader
INFO 2026-07-26 11:56:06,713 autoreload 6128 324 C:\ai-code-review-platform\backend\code_review\views.py changed, reloading.
INFO 2026-07-26 11:56:11,131 autoreload 6540 16120 Watching for file changes with StatReloader
INFO 2026-07-26 11:56:33,604 autoreload 6540 16120 C:\ai-code-review-platform\backend\code_review\views.py changed, reloading.
INFO 2026-07-26 11:56:36,392 autoreload 13492 16156 Watching for file changes with StatReloader
INFO 2026-07-26 11:56:45,420 autoreload 13492 16156 C:\ai-code-review-platform\backend\code_review\views.py changed, reloading.
INFO 2026-07-26 11:56:50,509 autoreload 7240 20292 Watching for file changes with StatReloader
INFO 2026-07-26 11:59:49,168 autoreload 7240 20292 C:\ai-code-review-platform\backend\code_review\views.py changed, reloading.
INFO 2026-07-26 11:59:51,734 autoreload 9336 6068 Watching for file changes with StatReloader
INFO 2026-07-26 12:02:50,900 autoreload 9336 6068 C:\ai-code-review-platform\backend\code_review\views.py changed, reloading.
INFO 2026-07-26 12:02:53,769 autoreload 19688 5788 Watching for file changes with StatReloader
INFO 2026-07-26 12:03:22,771 autoreload 19688 5788 C:\ai-code-review-platform\backend\code_review\views.py changed, reloading.
INFO 2026-07-26 12:03:26,396 autoreload 12796 13240 Watching for file changes with StatReloader
INFO 2026-07-26 12:03:29,897 autoreload 12796 13240 C:\ai-code-review-platform\backend\code_review\views.py changed, reloading.
INFO 2026-07-26 12:03:34,750 autoreload 15588 20388 Watching for file changes with StatReloader
INFO 2026-07-26 12:06:43,845 autoreload 15588 20388 C:\ai-code-review-platform\backend\code_review\views.py changed, reloading.
INFO 2026-07-26 12:06:47,136 autoreload 16560 21996 Watching for file changes with StatReloader
INFO 2026-07-26 12:27:14,551 autoreload 16560 21996 C:\ai-code-review-platform\backend\code_review\views.py changed, reloading.
INFO 2026-07-26 12:27:17,876 autoreload 4624 14596 Watching for file changes with StatReloader
INFO 2026-07-26 12:27:44,080 basehttp 4624 15992 "POST /api/accounts/login/ HTTP/1.1" 200 1212
INFO 2026-07-26 12:27:44,951 basehttp 4624 15992 "GET /api/code-review/stats/ HTTP/1.1" 200 147
INFO 2026-07-26 12:27:45,209 basehttp 4624 15992 "GET /api/code-review/stats/ HTTP/1.1" 200 147
INFO 2026-07-26 12:27:45,368 basehttp 4624 9488 "GET /api/code-review/submissions/ HTTP/1.1" 200 486020
INFO 2026-07-26 12:27:45,728 basehttp 4624 15992 "GET /api/code-review/submissions/ HTTP/1.1" 200 486020
INFO 2026-07-26 12:27:48,849 basehttp 4624 15992 "GET /api/code-review/submissions/2e9470f1-34da-4062-9e25-bf9fca830bbc/ HTTP/1.1" 200 7000
INFO 2026-07-26 12:27:49,022 basehttp 4624 15992 "GET /api/code-review/submissions/2e9470f1-34da-4062-9e25-bf9fca830bbc/ HTTP/1.1" 200 7000
INFO 2026-07-26 12:28:01,421 basehttp 4624 15992 "GET /api/code-review/stats/ HTTP/1.1" 200 147
INFO 2026-07-26 12:28:01,709 basehttp 4624 15992 "GET /api/code-review/stats/ HTTP/1.1" 200 147
INFO 2026-07-26 12:28:01,813 basehttp 4624 9488 "GET /api/code-review/submissions/ HTTP/1.1" 200 486020
INFO 2026-07-26 12:28:02,074 basehttp 4624 15992 "GET /api/code-review/submissions/ HTTP/1.1" 200 486020
INFO 2026-07-26 12:28:08,393 basehttp 4624 15992 "DELETE /api/code-review/submissions/2e9470f1-34da-4062-9e25-bf9fca830bbc/ HTTP/1.1" 204 0
WARNING 2026-07-26 12:28:08,584 basehttp 4624 15992 "GET /api/code-review/submissions/2e9470f1-34da-4062-9e25-bf9fca830bbc/ HTTP/1.1" 404 55
INFO 2026-07-26 12:28:08,652 basehttp 4624 9488 "GET /api/code-review/stats/ HTTP/1.1" 200 148
WARNING 2026-07-26 12:28:08,762 basehttp 4624 15992 "GET /api/code-review/submissions/2e9470f1-34da-4062-9e25-bf9fca830bbc/ HTTP/1.1" 404 55
INFO 2026-07-26 12:28:08,827 basehttp 4624 9488 "GET /api/code-review/stats/ HTTP/1.1" 200 148
INFO 2026-07-26 12:28:09,473 basehttp 4624 9488 "GET /api/code-review/submissions/ HTTP/1.1" 200 479019
INFO 2026-07-26 12:28:11,012 basehttp 4624 9488 "GET /api/code-review/stats/ HTTP/1.1" 200 148
INFO 2026-07-26 12:28:11,348 basehttp 4624 9488 "GET /api/code-review/stats/ HTTP/1.1" 200 148
INFO 2026-07-26 12:28:11,480 basehttp 4624 15992 "GET /api/code-review/submissions/ HTTP/1.1" 200 479019
INFO 2026-07-26 12:28:11,849 basehttp 4624 9488 "GET /api/code-review/submissions/ HTTP/1.1" 200 479019
INFO 2026-07-26 12:28:16,660 basehttp 4624 9488 "DELETE /api/code-review/submissions/8190fd71-5657-4ba4-a863-e706efd93bc5/ HTTP/1.1" 204 0
WARNING 2026-07-26 12:28:16,914 basehttp 4624 9488 "GET /api/code-review/submissions/8190fd71-5657-4ba4-a863-e706efd93bc5/ HTTP/1.1" 404 55
INFO 2026-07-26 12:28:16,977 basehttp 4624 15992 "GET /api/code-review/stats/ HTTP/1.1" 200 148
WARNING 2026-07-26 12:28:17,097 basehttp 4624 9488 "GET /api/code-review/submissions/8190fd71-5657-4ba4-a863-e706efd93bc5/ HTTP/1.1" 404 55
INFO 2026-07-26 12:28:17,166 basehttp 4624 15992 "GET /api/code-review/stats/ HTTP/1.1" 200 148
INFO 2026-07-26 12:28:17,569 basehttp 4624 15992 "GET /api/code-review/submissions/ HTTP/1.1" 200 475781
INFO 2026-07-26 12:28:18,736 basehttp 4624 15992 "GET /api/code-review/stats/ HTTP/1.1" 200 148
INFO 2026-07-26 12:28:19,022 basehttp 4624 15992 "GET /api/code-review/stats/ HTTP/1.1" 200 148
INFO 2026-07-26 12:28:19,166 basehttp 4624 9488 "GET /api/code-review/submissions/ HTTP/1.1" 200 475781
INFO 2026-07-26 12:28:19,479 basehttp 4624 15992 "GET /api/code-review/submissions/ HTTP/1.1" 200 475781
INFO 2026-07-26 12:28:24,320 basehttp 4624 15992 "DELETE /api/code-review/submissions/91d3b21c-bd78-4aec-9555-562f63f9fa13/ HTTP/1.1" 204 0
WARNING 2026-07-26 12:28:24,657 basehttp 4624 15992 "GET /api/code-review/submissions/91d3b21c-bd78-4aec-9555-562f63f9fa13/ HTTP/1.1" 404 55
INFO 2026-07-26 12:28:24,756 basehttp 4624 9488 "GET /api/code-review/stats/ HTTP/1.1" 200 148
WARNING 2026-07-26 12:28:24,885 basehttp 4624 15992 "GET /api/code-review/submissions/91d3b21c-bd78-4aec-9555-562f63f9fa13/ HTTP/1.1" 404 55
INFO 2026-07-26 12:28:24,957 basehttp 4624 9488 "GET /api/code-review/stats/ HTTP/1.1" 200 148
INFO 2026-07-26 12:28:25,376 basehttp 4624 9488 "GET /api/code-review/submissions/ HTTP/1.1" 200 474118
INFO 2026-07-26 12:28:28,454 basehttp 4624 9488 "GET /api/code-review/stats/ HTTP/1.1" 200 148
INFO 2026-07-26 12:28:28,745 basehttp 4624 9488 "GET /api/code-review/stats/ HTTP/1.1" 200 148
INFO 2026-07-26 12:28:28,867 basehttp 4624 15992 "GET /api/code-review/submissions/ HTTP/1.1" 200 474118
INFO 2026-07-26 12:28:29,259 basehttp 4624 9488 "GET /api/code-review/submissions/ HTTP/1.1" 200 474118
INFO 2026-07-26 12:29:11,313 basehttp 4624 9488 "GET /api/code-review/languages/ HTTP/1.1" 200 1587
INFO 2026-07-26 12:29:11,572 basehttp 4624 9488 "GET /api/code-review/languages/ HTTP/1.1" 200 1587
INFO 2026-07-26 12:29:24,936 basehttp 4624 9488 "POST /api/code-review/submissions/ HTTP/1.1" 201 1024
INFO 2026-07-26 12:29:25,312 basehttp 4624 9488 "POST /api/code-review/initiate-review/ HTTP/1.1" 200 8838
INFO 2026-07-26 12:29:28,663 basehttp 4624 9488 "GET /api/code-review/stats/ HTTP/1.1" 200 147
INFO 2026-07-26 12:29:29,012 basehttp 4624 9488 "GET /api/code-review/stats/ HTTP/1.1" 200 147
INFO 2026-07-26 12:29:29,013 basehttp 4624 15992 "GET /api/code-review/submissions/ HTTP/1.1" 200 483774
INFO 2026-07-26 12:29:29,349 basehttp 4624 9488 "GET /api/code-review/submissions/ HTTP/1.1" 200 483774
INFO 2026-07-26 12:29:32,883 basehttp 4624 13832 "OPTIONS /api/code-review/submissions/a8b4cb75-65a5-45ec-a844-fa57b2716056/ HTTP/1.1" 200 0
INFO 2026-07-26 12:29:32,885 basehttp 4624 14604 "OPTIONS /api/code-review/submissions/a8b4cb75-65a5-45ec-a844-fa57b2716056/ HTTP/1.1" 200 0
INFO 2026-07-26 12:29:33,216 basehttp 4624 9488 "GET /api/code-review/submissions/a8b4cb75-65a5-45ec-a844-fa57b2716056/ HTTP/1.1" 200 9655
INFO 2026-07-26 12:29:33,457 basehttp 4624 15992 "GET /api/code-review/submissions/a8b4cb75-65a5-45ec-a844-fa57b2716056/ HTTP/1.1" 200 9655
INFO 2026-07-26 12:30:39,348 basehttp 4624 26224 "OPTIONS /api/accounts/profile/ HTTP/1.1" 200 0
INFO 2026-07-26 12:30:39,349 basehttp 4624 26228 "OPTIONS /api/accounts/profile/ HTTP/1.1" 200 0
INFO 2026-07-26 12:30:39,364 basehttp 4624 26220 "OPTIONS /api/accounts/profile/ HTTP/1.1" 200 0
INFO 2026-07-26 12:30:39,365 basehttp 4624 26232 "OPTIONS /api/accounts/profile/ HTTP/1.1" 200 0
INFO 2026-07-26 12:30:39,911 basehttp 4624 26272 "GET /api/accounts/profile/ HTTP/1.1" 200 562
INFO 2026-07-26 12:30:40,212 basehttp 4624 26272 "GET /api/accounts/profile/ HTTP/1.1" 200 562
INFO 2026-07-26 12:30:40,713 basehttp 4624 26272 "GET /api/accounts/profile/ HTTP/1.1" 200 562
INFO 2026-07-26 12:30:41,155 basehttp 4624 26272 "GET /api/accounts/profile/ HTTP/1.1" 200 562
INFO 2026-07-26 12:30:57,920 basehttp 4624 26272 "POST /api/accounts/login/ HTTP/1.1" 200 1212
INFO 2026-07-26 12:30:58,661 basehttp 4624 26272 "GET /api/code-review/stats/ HTTP/1.1" 200 147
INFO 2026-07-26 12:30:58,842 basehttp 4624 26272 "GET /api/code-review/stats/ HTTP/1.1" 200 147
INFO 2026-07-26 12:30:58,915 basehttp 4624 26308 "GET /api/code-review/submissions/ HTTP/1.1" 200 483774
INFO 2026-07-26 12:30:59,179 basehttp 4624 26272 "GET /api/code-review/submissions/ HTTP/1.1" 200 483774
INFO 2026-07-26 12:31:11,696 basehttp 4624 26272 "GET /api/code-review/languages/ HTTP/1.1" 200 1587
INFO 2026-07-26 12:31:11,840 basehttp 4624 26272 "GET /api/code-review/languages/ HTTP/1.1" 200 1587
INFO 2026-07-26 12:31:31,516 basehttp 4624 26272 "GET /api/code-review/stats/ HTTP/1.1" 200 147
INFO 2026-07-26 12:31:31,687 basehttp 4624 26272 "GET /api/code-review/stats/ HTTP/1.1" 200 147
INFO 2026-07-26 12:31:31,748 basehttp 4624 26308 "GET /api/code-review/submissions/ HTTP/1.1" 200 483774
INFO 2026-07-26 12:31:31,975 basehttp 4624 26272 "GET /api/code-review/submissions/ HTTP/1.1" 200 483774
INFO 2026-07-26 12:31:35,540 basehttp 4624 26272 "GET /api/code-review/submissions/a8b4cb75-65a5-45ec-a844-fa57b2716056/ HTTP/1.1" 200 9655
INFO 2026-07-26 12:31:35,690 basehttp 4624 26308 "GET /api/code-review/submissions/a8b4cb75-65a5-45ec-a844-fa57b2716056/ HTTP/1.1" 200 9655
INFO 2026-07-26 13:10:47,803 basehttp 4624 20848 "POST /api/accounts/login/ HTTP/1.1" 200 1212
INFO 2026-07-26 13:10:48,470 basehttp 4624 20848 "GET /api/code-review/stats/ HTTP/1.1" 200 147
INFO 2026-07-26 13:10:48,621 basehttp 4624 11652 "GET /api/code-review/submissions/ HTTP/1.1" 200 483774
INFO 2026-07-26 13:10:48,682 basehttp 4624 20848 "GET /api/code-review/stats/ HTTP/1.1" 200 147
INFO 2026-07-26 13:10:48,957 basehttp 4624 20848 "GET /api/code-review/submissions/ HTTP/1.1" 200 483774
INFO 2026-07-26 13:12:16,560 basehttp 4624 20848 "GET /api/code-review/submissions/a8b4cb75-65a5-45ec-a844-fa57b2716056/ HTTP/1.1" 200 9655
INFO 2026-07-26 13:12:16,653 basehttp 4624 11652 "GET /api/code-review/submissions/a8b4cb75-65a5-45ec-a844-fa57b2716056/ HTTP/1.1" 200 9655
INFO 2026-07-26 13:18:28,376 autoreload 4624 14596 C:\ai-code-review-platform\backend\code_review\views.py changed, reloading.
INFO 2026-07-26 13:18:30,278 autoreload 25268 3096 Watching for file changes with StatReloader
INFO 2026-07-26 13:18:54,712 autoreload 25268 3096 C:\ai-code-review-platform\backend\code_review\views.py changed, reloading.
INFO 2026-07-26 13:18:56,106 autoreload 21324 26312 Watching for file changes with StatReloader
INFO 2026-07-26 13:25:41,291 autoreload 21324 26312 C:\ai-code-review-platform\backend\code_review\views.py changed, reloading.
INFO 2026-07-26 13:25:42,803 autoreload 1980 7156 Watching for file changes with StatReloader
WARNING 2026-07-26 13:26:09,976 basehttp 1980 25968 "GET /api/code-review/languages/ HTTP/1.1" 401 183
WARNING 2026-07-26 13:26:09,980 basehttp 1980 25968 "GET /api/code-review/languages/ HTTP/1.1" 401 183
INFO 2026-07-26 13:26:10,301 basehttp 1980 23840 "OPTIONS /api/token/refresh/ HTTP/1.1" 200 0
INFO 2026-07-26 13:26:10,303 basehttp 1980 23664 "OPTIONS /api/token/refresh/ HTTP/1.1" 200 0
INFO 2026-07-26 13:26:10,364 basehttp 1980 23840 "POST /api/token/refresh/ HTTP/1.1" 200 582
INFO 2026-07-26 13:26:10,366 basehttp 1980 23664 "POST /api/token/refresh/ HTTP/1.1" 200 582
INFO 2026-07-26 13:26:10,490 basehttp 1980 25968 "GET /api/code-review/languages/ HTTP/1.1" 200 1587
INFO 2026-07-26 13:26:10,779 basehttp 1980 25968 "GET /api/code-review/languages/ HTTP/1.1" 200 1587
INFO 2026-07-26 13:26:23,571 basehttp 1980 25968 "POST /api/code-review/submissions/ HTTP/1.1" 201 917
INFO 2026-07-26 13:26:23,867 basehttp 1980 25968 "POST /api/code-review/initiate-review/ HTTP/1.1" 200 8899
INFO 2026-07-26 13:26:27,014 basehttp 1980 25968 "GET /api/code-review/stats/ HTTP/1.1" 200 148
INFO 2026-07-26 13:26:27,136 basehttp 1980 25968 "GET /api/code-review/stats/ HTTP/1.1" 200 148
INFO 2026-07-26 13:26:27,202 basehttp 1980 5752 "GET /api/code-review/submissions/ HTTP/1.1" 200 493384
INFO 2026-07-26 13:26:27,375 basehttp 1980 25968 "GET /api/code-review/submissions/ HTTP/1.1" 200 493384
INFO 2026-07-26 13:26:30,499 basehttp 1980 23664 "OPTIONS /api/code-review/submissions/5b6de2d9-216f-48d3-a718-cf70eae9c785/ HTTP/1.1" 200 0
INFO 2026-07-26 13:26:30,499 basehttp 1980 23840 "OPTIONS /api/code-review/submissions/5b6de2d9-216f-48d3-a718-cf70eae9c785/ HTTP/1.1" 200 0
INFO 2026-07-26 13:26:30,592 basehttp 1980 25968 "GET /api/code-review/submissions/5b6de2d9-216f-48d3-a718-cf70eae9c785/ HTTP/1.1" 200 9609
INFO 2026-07-26 13:26:30,669 basehttp 1980 5752 "GET /api/code-review/submissions/5b6de2d9-216f-48d3-a718-cf70eae9c785/ HTTP/1.1" 200 9609
INFO 2026-07-26 13:27:26,432 basehttp 1980 5752 "GET /api/code-review/languages/ HTTP/1.1" 200 1587
INFO 2026-07-26 13:27:26,508 basehttp 1980 5752 "GET /api/code-review/languages/ HTTP/1.1" 200 1587
INFO 2026-07-26 13:27:37,919 basehttp 1980 23840 "OPTIONS /api/code-review/submissions/ HTTP/1.1" 200 0
INFO 2026-07-26 13:27:38,078 basehttp 1980 5752 "POST /api/code-review/submissions/ HTTP/1.1" 201 1919
INFO 2026-07-26 13:27:38,260 basehttp 1980 5752 "POST /api/code-review/initiate-review/ HTTP/1.1" 200 10585
INFO 2026-07-26 13:27:41,303 basehttp 1980 23840 "OPTIONS /api/code-review/stats/ HTTP/1.1" 200 0
INFO 2026-07-26 13:27:41,304 basehttp 1980 23664 "OPTIONS /api/code-review/stats/ HTTP/1.1" 200 0
INFO 2026-07-26 13:27:41,422 basehttp 1980 5752 "GET /api/code-review/stats/ HTTP/1.1" 200 147
INFO 2026-07-26 13:27:41,521 basehttp 1980 5752 "GET /api/code-review/stats/ HTTP/1.1" 200 147
INFO 2026-07-26 13:27:41,580 basehttp 1980 25968 "GET /api/code-review/submissions/ HTTP/1.1" 200 505682
INFO 2026-07-26 13:27:41,718 basehttp 1980 5752 "GET /api/code-review/submissions/ HTTP/1.1" 200 505682
INFO 2026-07-26 13:27:44,965 basehttp 1980 23840 "OPTIONS /api/code-review/submissions/19b30153-1900-49c2-a16a-579b974890d3/ HTTP/1.1" 200 0
INFO 2026-07-26 13:27:44,965 basehttp 1980 23664 "OPTIONS /api/code-review/submissions/19b30153-1900-49c2-a16a-579b974890d3/ HTTP/1.1" 200 0
INFO 2026-07-26 13:27:45,062 basehttp 1980 5752 "GET /api/code-review/submissions/19b30153-1900-49c2-a16a-579b974890d3/ HTTP/1.1" 200 12297
INFO 2026-07-26 13:27:45,140 basehttp 1980 5752 "GET /api/code-review/submissions/19b30153-1900-49c2-a16a-579b974890d3/ HTTP/1.1" 200 12297
INFO 2026-07-26 13:37:18,299 autoreload 1980 7156 C:\ai-code-review-platform\backend\code_review\views.py changed, reloading.
INFO 2026-07-26 13:37:19,907 autoreload 24980 7380 Watching for file changes with StatReloader
INFO 2026-07-26 13:37:53,677 basehttp 24980 25424 "GET /api/code-review/stats/ HTTP/1.1" 200 147
INFO 2026-07-26 13:37:53,844 basehttp 24980 25424 "GET /api/code-review/stats/ HTTP/1.1" 200 147
INFO 2026-07-26 13:37:54,094 basehttp 24980 8748 "GET /api/code-review/submissions/ HTTP/1.1" 200 505682
INFO 2026-07-26 13:37:54,348 basehttp 24980 25424 "GET /api/code-review/submissions/ HTTP/1.1" 200 505682
INFO 2026-07-26 13:37:56,936 basehttp 24980 24340 "OPTIONS /api/code-review/languages/ HTTP/1.1" 200 0
INFO 2026-07-26 13:37:56,940 basehttp 24980 25332 "OPTIONS /api/code-review/languages/ HTTP/1.1" 200 0
INFO 2026-07-26 13:37:57,014 basehttp 24980 25424 "GET /api/code-review/languages/ HTTP/1.1" 200 1587
INFO 2026-07-26 13:37:57,095 basehttp 24980 25424 "GET /api/code-review/languages/ HTTP/1.1" 200 1587
INFO 2026-07-26 13:38:07,223 basehttp 24980 25424 "POST /api/code-review/submissions/ HTTP/1.1" 201 2063
INFO 2026-07-26 13:38:07,238 basehttp 24980 25332 "OPTIONS /api/code-review/initiate-review/ HTTP/1.1" 200 0
INFO 2026-07-26 13:38:07,580 basehttp 24980 25424 "POST /api/code-review/initiate-review/ HTTP/1.1" 200 10649
INFO 2026-07-26 13:38:10,820 basehttp 24980 25424 "GET /api/code-review/stats/ HTTP/1.1" 200 148
INFO 2026-07-26 13:38:10,920 basehttp 24980 25424 "GET /api/code-review/stats/ HTTP/1.1" 200 148
INFO 2026-07-26 13:38:10,974 basehttp 24980 8748 "GET /api/code-review/submissions/ HTTP/1.1" 200 518188
INFO 2026-07-26 13:38:11,104 basehttp 24980 25424 "GET /api/code-review/submissions/ HTTP/1.1" 200 518188
INFO 2026-07-26 13:38:15,371 basehttp 24980 25332 "OPTIONS /api/code-review/submissions/0e7643d9-fd2e-46db-96d9-a5d8bc78d3b6/ HTTP/1.1" 200 0
INFO 2026-07-26 13:38:15,371 basehttp 24980 24340 "OPTIONS /api/code-review/submissions/0e7643d9-fd2e-46db-96d9-a5d8bc78d3b6/ HTTP/1.1" 200 0
INFO 2026-07-26 13:38:15,461 basehttp 24980 25424 "GET /api/code-review/submissions/0e7643d9-fd2e-46db-96d9-a5d8bc78d3b6/ HTTP/1.1" 200 12505
INFO 2026-07-26 13:38:15,678 basehttp 24980 25424 "GET /api/code-review/submissions/0e7643d9-fd2e-46db-96d9-a5d8bc78d3b6/ HTTP/1.1" 200 12505
INFO 2026-07-26 13:39:39,906 basehttp 24980 25424 "GET /api/code-review/languages/ HTTP/1.1" 200 1587
INFO 2026-07-26 13:39:40,121 basehttp 24980 25424 "GET /api/code-review/languages/ HTTP/1.1" 200 1587
INFO 2026-07-26 13:39:48,922 basehttp 24980 25424 "POST /api/code-review/submissions/ HTTP/1.1" 201 2427
INFO 2026-07-26 13:39:49,262 basehttp 24980 25424 "POST /api/code-review/initiate-review/ HTTP/1.1" 200 9174
INFO 2026-07-26 13:39:52,387 basehttp 24980 25424 "GET /api/code-review/stats/ HTTP/1.1" 200 148
INFO 2026-07-26 13:39:52,477 basehttp 24980 25424 "GET /api/code-review/stats/ HTTP/1.1" 200 148
INFO 2026-07-26 13:39:52,535 basehttp 24980 8748 "GET /api/code-review/submissions/ HTTP/1.1" 200 529583
INFO 2026-07-26 13:39:52,793 basehttp 24980 25424 "GET /api/code-review/submissions/ HTTP/1.1" 200 529583
INFO 2026-07-26 13:39:56,081 basehttp 24980 24340 "OPTIONS /api/code-review/submissions/8ba25fa1-c6f6-4610-9814-5adfd3769a4d/ HTTP/1.1" 200 0
INFO 2026-07-26 13:39:56,081 basehttp 24980 25332 "OPTIONS /api/code-review/submissions/8ba25fa1-c6f6-4610-9814-5adfd3769a4d/ HTTP/1.1" 200 0
INFO 2026-07-26 13:39:56,176 basehttp 24980 25424 "GET /api/code-review/submissions/8ba25fa1-c6f6-4610-9814-5adfd3769a4d/ HTTP/1.1" 200 11394
INFO 2026-07-26 13:39:56,246 basehttp 24980 25424 "GET /api/code-review/submissions/8ba25fa1-c6f6-4610-9814-5adfd3769a4d/ HTTP/1.1" 200 11394
WARNING 2026-07-26 13:42:55,148 basehttp 24980 25424 "GET /api/code-review/languages/ HTTP/1.1" 401 183
WARNING 2026-07-26 13:42:55,151 basehttp 24980 25424 "GET /api/code-review/languages/ HTTP/1.1" 401 183
INFO 2026-07-26 13:42:55,178 basehttp 24980 25332 "POST /api/token/refresh/ HTTP/1.1" 200 582
INFO 2026-07-26 13:42:55,178 basehttp 24980 24340 "POST /api/token/refresh/ HTTP/1.1" 200 582
INFO 2026-07-26 13:42:55,260 basehttp 24980 25424 "GET /api/code-review/languages/ HTTP/1.1" 200 1587
INFO 2026-07-26 13:42:55,330 basehttp 24980 25424 "GET /api/code-review/languages/ HTTP/1.1" 200 1587
INFO 2026-07-26 13:43:05,304 basehttp 24980 25424 "POST /api/code-review/submissions/ HTTP/1.1" 201 1087
INFO 2026-07-26 13:43:05,672 basehttp 24980 25424 "POST /api/code-review/initiate-review/ HTTP/1.1" 200 6573
INFO 2026-07-26 13:43:08,808 basehttp 24980 25424 "GET /api/code-review/stats/ HTTP/1.1" 200 148
INFO 2026-07-26 13:43:08,905 basehttp 24980 25424 "GET /api/code-review/stats/ HTTP/1.1" 200 148
INFO 2026-07-26 13:43:08,964 basehttp 24980 8748 "GET /api/code-review/submissions/ HTTP/1.1" 200 537037
INFO 2026-07-26 13:43:09,104 basehttp 24980 25424 "GET /api/code-review/submissions/ HTTP/1.1" 200 537037
INFO 2026-07-26 13:43:12,659 basehttp 24980 24340 "OPTIONS /api/code-review/submissions/a8a1bebf-de13-4243-8a5e-403f44e85c6e/ HTTP/1.1" 200 0
INFO 2026-07-26 13:43:12,661 basehttp 24980 25332 "OPTIONS /api/code-review/submissions/a8a1bebf-de13-4243-8a5e-403f44e85c6e/ HTTP/1.1" 200 0
INFO 2026-07-26 13:43:12,746 basehttp 24980 25424 "GET /api/code-review/submissions/a8a1bebf-de13-4243-8a5e-403f44e85c6e/ HTTP/1.1" 200 7453
INFO 2026-07-26 13:43:12,818 basehttp 24980 25424 "GET /api/code-review/submissions/a8a1bebf-de13-4243-8a5e-403f44e85c6e/ HTTP/1.1" 200 7453
INFO 2026-07-26 13:44:06,431 basehttp 24980 25424 "GET /api/code-review/languages/ HTTP/1.1" 200 1587
INFO 2026-07-26 13:44:06,508 basehttp 24980 25424 "GET /api/code-review/languages/ HTTP/1.1" 200 1587
INFO 2026-07-26 13:44:15,682 basehttp 24980 25424 "POST /api/code-review/submissions/ HTTP/1.1" 201 2493
INFO 2026-07-26 13:44:15,884 basehttp 24980 25424 "POST /api/code-review/initiate-review/ HTTP/1.1" 200 5358
INFO 2026-07-26 13:44:19,010 basehttp 24980 25424 "GET /api/code-review/stats/ HTTP/1.1" 200 148
INFO 2026-07-26 13:44:19,102 basehttp 24980 25424 "GET /api/code-review/stats/ HTTP/1.1" 200 148
INFO 2026-07-26 13:44:19,167 basehttp 24980 8748 "GET /api/code-review/submissions/ HTTP/1.1" 200 544678
INFO 2026-07-26 13:44:19,327 basehttp 24980 25424 "GET /api/code-review/submissions/ HTTP/1.1" 200 544678
INFO 2026-07-26 13:44:22,705 basehttp 24980 25332 "OPTIONS /api/code-review/submissions/ab7c8476-ce4b-4c1e-a8f9-670757b088d8/ HTTP/1.1" 200 0
INFO 2026-07-26 13:44:22,705 basehttp 24980 24340 "OPTIONS /api/code-review/submissions/ab7c8476-ce4b-4c1e-a8f9-670757b088d8/ HTTP/1.1" 200 0
INFO 2026-07-26 13:44:22,789 basehttp 24980 25424 "GET /api/code-review/submissions/ab7c8476-ce4b-4c1e-a8f9-670757b088d8/ HTTP/1.1" 200 7640
INFO 2026-07-26 13:44:22,854 basehttp 24980 8748 "GET /api/code-review/submissions/ab7c8476-ce4b-4c1e-a8f9-670757b088d8/ HTTP/1.1" 200 7640
INFO 2026-07-26 13:53:00,766 basehttp 24980 12228 "GET /api/accounts/profile/ HTTP/1.1" 200 562
INFO 2026-07-26 13:53:00,936 basehttp 24980 12228 "GET /api/accounts/profile/ HTTP/1.1" 200 562
INFO 2026-07-26 13:53:01,093 basehttp 24980 12228 "GET /api/accounts/profile/ HTTP/1.1" 200 562
INFO 2026-07-26 13:53:01,288 basehttp 24980 12228 "GET /api/accounts/profile/ HTTP/1.1" 200 562
INFO 2026-07-26 14:00:25,565 basehttp 24980 23660 "OPTIONS /api/accounts/login/ HTTP/1.1" 200 0
WARNING 2026-07-26 14:00:25,888 basehttp 24980 16544 "POST /api/accounts/login/ HTTP/1.1" 401 183
INFO 2026-07-26 14:00:25,915 basehttp 24980 23660 "POST /api/token/refresh/ HTTP/1.1" 200 582
INFO 2026-07-26 14:00:27,910 basehttp 24980 16544 "POST /api/accounts/login/ HTTP/1.1" 200 1212
INFO 2026-07-26 14:00:29,150 basehttp 24980 16544 "GET /api/code-review/stats/ HTTP/1.1" 200 148
INFO 2026-07-26 14:00:29,468 basehttp 24980 16544 "GET /api/code-review/stats/ HTTP/1.1" 200 148
INFO 2026-07-26 14:00:29,528 basehttp 24980 25684 "GET /api/code-review/submissions/ HTTP/1.1" 200 544678
INFO 2026-07-26 14:00:30,029 basehttp 24980 16544 "GET /api/code-review/submissions/ HTTP/1.1" 200 544678
INFO 2026-07-26 14:01:06,311 basehttp 24980 16544 "GET /api/code-review/languages/ HTTP/1.1" 200 1587
INFO 2026-07-26 14:01:06,481 basehttp 24980 16544 "GET /api/code-review/languages/ HTTP/1.1" 200 1587
INFO 2026-07-26 14:01:18,679 basehttp 24980 16544 "POST /api/code-review/submissions/ HTTP/1.1" 201 3486
INFO 2026-07-26 14:01:19,156 basehttp 24980 16544 "POST /api/code-review/initiate-review/ HTTP/1.1" 200 7857
INFO 2026-07-26 14:01:22,397 basehttp 24980 16544 "GET /api/code-review/stats/ HTTP/1.1" 200 147
INFO 2026-07-26 14:01:22,627 basehttp 24980 16544 "GET /api/code-review/stats/ HTTP/1.1" 200 147
INFO 2026-07-26 14:01:22,844 basehttp 24980 25684 "GET /api/code-review/submissions/ HTTP/1.1" 200 541175
INFO 2026-07-26 14:01:23,253 basehttp 24980 16544 "GET /api/code-review/submissions/ HTTP/1.1" 200 541175
INFO 2026-07-26 14:01:27,260 basehttp 24980 23660 "OPTIONS /api/code-review/submissions/a41be18b-40db-48f3-8232-90af13c7935d/ HTTP/1.1" 200 0
INFO 2026-07-26 14:01:27,272 basehttp 24980 23660 "OPTIONS /api/code-review/submissions/a41be18b-40db-48f3-8232-90af13c7935d/ HTTP/1.1" 200 0
INFO 2026-07-26 14:01:27,462 basehttp 24980 16544 "GET /api/code-review/submissions/a41be18b-40db-48f3-8232-90af13c7935d/ HTTP/1.1" 200 11136
INFO 2026-07-26 14:01:27,695 basehttp 24980 16544 "GET /api/code-review/submissions/a41be18b-40db-48f3-8232-90af13c7935d/ HTTP/1.1" 200 11136
INFO 2026-07-26 14:03:09,097 basehttp 24980 16544 "GET /api/code-review/languages/ HTTP/1.1" 200 1587
INFO 2026-07-26 14:03:09,272 basehttp 24980 16544 "GET /api/code-review/languages/ HTTP/1.1" 200 1587
INFO 2026-07-26 14:03:18,167 basehttp 24980 16544 "POST /api/code-review/submissions/ HTTP/1.1" 201 9240
INFO 2026-07-26 14:03:18,470 basehttp 24980 16544 "POST /api/code-review/initiate-review/ HTTP/1.1" 200 5085
INFO 2026-07-26 14:03:22,057 basehttp 24980 16544 "GET /api/code-review/stats/ HTTP/1.1" 200 148
INFO 2026-07-26 14:03:22,276 basehttp 24980 16544 "GET /api/code-review/stats/ HTTP/1.1" 200 148
INFO 2026-07-26 14:03:22,431 basehttp 24980 25684 "GET /api/code-review/submissions/ HTTP/1.1" 200 498415
INFO 2026-07-26 14:03:22,988 basehttp 24980 16544 "GET /api/code-review/submissions/ HTTP/1.1" 200 498415
INFO 2026-07-26 14:03:27,079 basehttp 24980 23660 "OPTIONS /api/code-review/submissions/55c89f3f-d8f6-45c2-b36a-604cc92050b9/ HTTP/1.1" 200 0
INFO 2026-07-26 14:03:27,109 basehttp 24980 23660 "OPTIONS /api/code-review/submissions/55c89f3f-d8f6-45c2-b36a-604cc92050b9/ HTTP/1.1" 200 0
INFO 2026-07-26 14:03:27,280 basehttp 24980 16544 "GET /api/code-review/submissions/55c89f3f-d8f6-45c2-b36a-604cc92050b9/ HTTP/1.1" 200 14118
INFO 2026-07-26 14:03:27,481 basehttp 24980 25684 "GET /api/code-review/submissions/55c89f3f-d8f6-45c2-b36a-604cc92050b9/ HTTP/1.1" 200 14118
INFO 2026-07-26 14:08:04,980 autoreload 24980 7380 C:\ai-code-review-platform\backend\code_review\views.py changed, reloading.
INFO 2026-07-26 14:08:08,575 autoreload 24372 25372 Watching for file changes with StatReloader
INFO 2026-07-26 14:08:18,658 basehttp 24372 23764 "GET /api/code-review/languages/ HTTP/1.1" 200 1587
INFO 2026-07-26 14:08:19,033 basehttp 24372 23764 "GET /api/code-review/languages/ HTTP/1.1" 200 1587
INFO 2026-07-26 14:09:16,764 basehttp 24372 23764 "POST /api/code-review/submissions/ HTTP/1.1" 201 7834
INFO 2026-07-26 14:09:17,137 basehttp 24372 23764 "POST /api/code-review/initiate-review/ HTTP/1.1" 200 4904
INFO 2026-07-26 14:09:20,389 basehttp 24372 23764 "GET /api/code-review/stats/ HTTP/1.1" 200 148
INFO 2026-07-26 14:09:20,599 basehttp 24372 23764 "GET /api/code-review/stats/ HTTP/1.1" 200 148
INFO 2026-07-26 14:09:21,141 basehttp 24372 23764 "GET /api/code-review/submissions/ HTTP/1.1" 200 486221
INFO 2026-07-26 14:09:21,515 basehttp 24372 26360 "GET /api/code-review/submissions/ HTTP/1.1" 200 486221
INFO 2026-07-26 14:09:25,831 basehttp 24372 832 "OPTIONS /api/code-review/submissions/47ed9649-d141-41ba-b5f6-167ef058a1f3/ HTTP/1.1" 200 0
INFO 2026-07-26 14:09:25,842 basehttp 24372 23796 "OPTIONS /api/code-review/submissions/47ed9649-d141-41ba-b5f6-167ef058a1f3/ HTTP/1.1" 200 0
INFO 2026-07-26 14:09:26,102 basehttp 24372 26360 "GET /api/code-review/submissions/47ed9649-d141-41ba-b5f6-167ef058a1f3/ HTTP/1.1" 200 12531
INFO 2026-07-26 14:09:26,355 basehttp 24372 26360 "GET /api/code-review/submissions/47ed9649-d141-41ba-b5f6-167ef058a1f3/ HTTP/1.1" 200 12531
INFO 2026-07-26 14:16:43,642 autoreload 24372 25372 C:\ai-code-review-platform\backend\code_review\views.py changed, reloading.
INFO 2026-07-26 14:16:48,432 autoreload 24408 17444 Watching for file changes with StatReloader
INFO 2026-07-26 14:17:02,076 autoreload 24408 17444 C:\ai-code-review-platform\backend\code_review\views.py changed, reloading.
INFO 2026-07-26 14:17:06,250 autoreload 23584 5900 Watching for file changes with StatReloader
WARNING 2026-07-26 14:17:36,045 basehttp 23584 11088 "GET /api/code-review/stats/ HTTP/1.1" 401 183
WARNING 2026-07-26 14:17:36,061 basehttp 23584 11088 "GET /api/code-review/stats/ HTTP/1.1" 401 183
INFO 2026-07-26 14:17:36,435 basehttp 23584 25780 "POST /api/token/refresh/ HTTP/1.1" 200 582
INFO 2026-07-26 14:17:36,437 basehttp 23584 4812 "POST /api/token/refresh/ HTTP/1.1" 200 582
INFO 2026-07-26 14:17:37,217 basehttp 23584 11088 "GET /api/code-review/stats/ HTTP/1.1" 200 148
INFO 2026-07-26 14:17:37,574 basehttp 23584 11088 "GET /api/code-review/stats/ HTTP/1.1" 200 148
INFO 2026-07-26 14:17:37,893 basehttp 23584 7820 "GET /api/code-review/submissions/ HTTP/1.1" 200 486221
INFO 2026-07-26 14:17:38,477 basehttp 23584 11088 "GET /api/code-review/submissions/ HTTP/1.1" 200 486221
INFO 2026-07-26 14:17:40,696 basehttp 23584 11088 "GET /api/code-review/languages/ HTTP/1.1" 200 1587
INFO 2026-07-26 14:17:40,914 basehttp 23584 11088 "GET /api/code-review/languages/ HTTP/1.1" 200 1587
INFO 2026-07-26 14:17:52,412 basehttp 23584 11088 "POST /api/code-review/submissions/ HTTP/1.1" 201 7861
INFO 2026-07-26 14:17:52,998 basehttp 23584 11088 "POST /api/code-review/initiate-review/ HTTP/1.1" 200 2820
INFO 2026-07-26 14:17:56,563 basehttp 23584 11088 "GET /api/code-review/stats/ HTTP/1.1" 200 148
INFO 2026-07-26 14:17:57,056 basehttp 23584 11088 "GET /api/code-review/stats/ HTTP/1.1" 200 148
INFO 2026-07-26 14:17:57,372 basehttp 23584 7820 "GET /api/code-review/submissions/ HTTP/1.1" 200 462859
INFO 2026-07-26 14:17:57,731 basehttp 23584 11088 "GET /api/code-review/submissions/ HTTP/1.1" 200 462859
INFO 2026-07-26 14:18:01,088 basehttp 23584 25780 "OPTIONS /api/code-review/submissions/35712155-8dad-4e5f-9e84-788305149c0d/ HTTP/1.1" 200 0
INFO 2026-07-26 14:18:01,090 basehttp 23584 4812 "OPTIONS /api/code-review/submissions/35712155-8dad-4e5f-9e84-788305149c0d/ HTTP/1.1" 200 0
INFO 2026-07-26 14:18:01,298 basehttp 23584 11088 "GET /api/code-review/submissions/35712155-8dad-4e5f-9e84-788305149c0d/ HTTP/1.1" 200 10474
INFO 2026-07-26 14:18:01,523 basehttp 23584 7820 "GET /api/code-review/submissions/35712155-8dad-4e5f-9e84-788305149c0d/ HTTP/1.1" 200 10474
INFO 2026-07-26 14:23:54,875 autoreload 23584 5900 C:\ai-code-review-platform\backend\code_review\views.py changed, reloading.
INFO 2026-07-26 14:23:59,900 autoreload 13268 7868 Watching for file changes with StatReloader
INFO 2026-07-26 14:24:26,248 basehttp 13268 26312 "GET /api/code-review/stats/ HTTP/1.1" 200 148
INFO 2026-07-26 14:24:26,746 basehttp 13268 26312 "GET /api/code-review/stats/ HTTP/1.1" 200 148
INFO 2026-07-26 14:24:27,120 basehttp 13268 26080 "GET /api/code-review/submissions/ HTTP/1.1" 200 462859
INFO 2026-07-26 14:24:27,554 basehttp 13268 26312 "GET /api/code-review/submissions/ HTTP/1.1" 200 462859
INFO 2026-07-26 14:24:29,750 basehttp 13268 26312 "GET /api/code-review/languages/ HTTP/1.1" 200 1587
INFO 2026-07-26 14:24:29,944 basehttp 13268 26312 "GET /api/code-review/languages/ HTTP/1.1" 200 1587
INFO 2026-07-26 14:24:38,426 basehttp 13268 26312 "POST /api/code-review/submissions/ HTTP/1.1" 201 7945
INFO 2026-07-26 14:24:38,827 basehttp 13268 26312 "POST /api/code-review/initiate-review/ HTTP/1.1" 200 3633
INFO 2026-07-26 14:24:42,261 basehttp 13268 26312 "GET /api/code-review/stats/ HTTP/1.1" 200 148
INFO 2026-07-26 14:24:42,597 basehttp 13268 26312 "GET /api/code-review/stats/ HTTP/1.1" 200 148
INFO 2026-07-26 14:24:42,806 basehttp 13268 26080 "GET /api/code-review/submissions/ HTTP/1.1" 200 443783
INFO 2026-07-26 14:24:43,124 basehttp 13268 26312 "GET /api/code-review/submissions/ HTTP/1.1" 200 443783
INFO 2026-07-26 14:24:47,624 basehttp 13268 3016 "OPTIONS /api/code-review/submissions/0fc6307b-9352-4a60-9845-2d8e41e2dc00/ HTTP/1.1" 200 0
INFO 2026-07-26 14:24:47,624 basehttp 13268 18088 "OPTIONS /api/code-review/submissions/0fc6307b-9352-4a60-9845-2d8e41e2dc00/ HTTP/1.1" 200 0
INFO 2026-07-26 14:24:47,823 basehttp 13268 26312 "GET /api/code-review/submissions/0fc6307b-9352-4a60-9845-2d8e41e2dc00/ HTTP/1.1" 200 11371
INFO 2026-07-26 14:24:47,954 basehttp 13268 26312 "GET /api/code-review/submissions/0fc6307b-9352-4a60-9845-2d8e41e2dc00/ HTTP/1.1" 200 11371
INFO 2026-07-26 15:16:22,559 autoreload 24468 25516 Watching for file changes with StatReloader
INFO 2026-07-26 15:16:47,792 basehttp 24468 23588 "POST /api/accounts/login/ HTTP/1.1" 200 1212
INFO 2026-07-26 15:16:48,617 basehttp 24468 23588 "GET /api/code-review/stats/ HTTP/1.1" 200 148
INFO 2026-07-26 15:16:48,855 basehttp 24468 23588 "GET /api/code-review/stats/ HTTP/1.1" 200 148
INFO 2026-07-26 15:16:49,017 basehttp 24468 22716 "GET /api/code-review/submissions/ HTTP/1.1" 200 443783
INFO 2026-07-26 15:16:49,345 basehttp 24468 23588 "GET /api/code-review/submissions/ HTTP/1.1" 200 443783
INFO 2026-07-26 15:16:52,772 basehttp 24468 23588 "GET /api/code-review/languages/ HTTP/1.1" 200 1587
INFO 2026-07-26 15:16:52,996 basehttp 24468 23588 "GET /api/code-review/languages/ HTTP/1.1" 200 1587
INFO 2026-07-26 15:17:18,371 basehttp 24468 23588 "POST /api/code-review/submissions/ HTTP/1.1" 201 7699
INFO 2026-07-26 15:17:18,731 basehttp 24468 23588 "POST /api/code-review/initiate-review/ HTTP/1.1" 200 4806
INFO 2026-07-26 15:17:22,179 basehttp 24468 23588 "GET /api/code-review/stats/ HTTP/1.1" 200 147
INFO 2026-07-26 15:17:22,456 basehttp 24468 23588 "GET /api/code-review/stats/ HTTP/1.1" 200 147
INFO 2026-07-26 15:17:22,621 basehttp 24468 22716 "GET /api/code-review/submissions/ HTTP/1.1" 200 438914
INFO 2026-07-26 15:17:22,982 basehttp 24468 23588 "GET /api/code-review/submissions/ HTTP/1.1" 200 438914
INFO 2026-07-26 15:17:26,508 basehttp 24468 5380 "OPTIONS /api/code-review/submissions/d62c80b9-d096-4bea-aeae-8a73518a5719/ HTTP/1.1" 200 0
INFO 2026-07-26 15:17:26,520 basehttp 24468 10108 "OPTIONS /api/code-review/submissions/d62c80b9-d096-4bea-aeae-8a73518a5719/ HTTP/1.1" 200 0
INFO 2026-07-26 15:17:26,812 basehttp 24468 23588 "GET /api/code-review/submissions/d62c80b9-d096-4bea-aeae-8a73518a5719/ HTTP/1.1" 200 12299
INFO 2026-07-26 15:17:27,058 basehttp 24468 23588 "GET /api/code-review/submissions/d62c80b9-d096-4bea-aeae-8a73518a5719/ HTTP/1.1" 200 12299
INFO 2026-07-26 15:24:10,755 autoreload 24468 25516 C:\ai-code-review-platform\backend\code_review\views.py changed, reloading.
INFO 2026-07-26 15:24:15,079 autoreload 26548 15868 Watching for file changes with StatReloader
INFO 2026-07-26 15:25:07,880 basehttp 26548 9000 "GET /api/code-review/languages/ HTTP/1.1" 200 1587
INFO 2026-07-26 15:25:08,064 basehttp 26548 9000 "GET /api/code-review/languages/ HTTP/1.1" 200 1587
INFO 2026-07-26 15:25:22,075 basehttp 26548 9000 "POST /api/code-review/submissions/ HTTP/1.1" 201 11284
INFO 2026-07-26 15:25:22,460 basehttp 26548 9000 "POST /api/code-review/initiate-review/ HTTP/1.1" 200 5893
INFO 2026-07-26 15:25:25,734 basehttp 26548 9000 "GET /api/code-review/stats/ HTTP/1.1" 200 148
INFO 2026-07-26 15:25:25,965 basehttp 26548 9000 "GET /api/code-review/stats/ HTTP/1.1" 200 148
INFO 2026-07-26 15:25:26,141 basehttp 26548 7484 "GET /api/code-review/submissions/ HTTP/1.1" 200 437554
INFO 2026-07-26 15:25:26,589 basehttp 26548 9000 "GET /api/code-review/submissions/ HTTP/1.1" 200 437554
INFO 2026-07-26 15:25:29,252 basehttp 26548 8780 "OPTIONS /api/code-review/submissions/6b3c49df-8d54-4c0b-8dcd-652146325f62/ HTTP/1.1" 200 0
INFO 2026-07-26 15:25:29,253 basehttp 26548 20400 "OPTIONS /api/code-review/submissions/6b3c49df-8d54-4c0b-8dcd-652146325f62/ HTTP/1.1" 200 0
INFO 2026-07-26 15:25:29,541 basehttp 26548 9000 "GET /api/code-review/submissions/6b3c49df-8d54-4c0b-8dcd-652146325f62/ HTTP/1.1" 200 16971
INFO 2026-07-26 15:25:29,779 basehttp 26548 7484 "GET /api/code-review/submissions/6b3c49df-8d54-4c0b-8dcd-652146325f62/ HTTP/1.1" 200 16971
INFO 2026-07-26 15:39:12,481 autoreload 26548 15868 C:\ai-code-review-platform\backend\code_review\views.py changed, reloading.
INFO 2026-07-26 15:39:16,604 autoreload 14700 2960 Watching for file changes with StatReloader
INFO 2026-07-26 15:40:16,959 basehttp 14700 23652 "OPTIONS /api/code-review/languages/ HTTP/1.1" 200 0
INFO 2026-07-26 15:40:16,960 basehttp 14700 7884 "OPTIONS /api/code-review/languages/ HTTP/1.1" 200 0
WARNING 2026-07-26 15:40:17,329 basehttp 14700 10036 "GET /api/code-review/languages/ HTTP/1.1" 401 183
INFO 2026-07-26 15:40:17,338 basehttp 14700 7884 "OPTIONS /api/token/refresh/ HTTP/1.1" 200 0
WARNING 2026-07-26 15:40:17,352 basehttp 14700 10036 "GET /api/code-review/languages/ HTTP/1.1" 401 183
INFO 2026-07-26 15:40:17,369 basehttp 14700 23652 "POST /api/token/refresh/ HTTP/1.1" 200 582
INFO 2026-07-26 15:40:17,370 basehttp 14700 7884 "POST /api/token/refresh/ HTTP/1.1" 200 582
INFO 2026-07-26 15:40:17,678 basehttp 14700 10036 "GET /api/code-review/languages/ HTTP/1.1" 200 1587
INFO 2026-07-26 15:40:17,802 basehttp 14700 10036 "GET /api/code-review/languages/ HTTP/1.1" 200 1587
INFO 2026-07-26 15:40:27,469 basehttp 14700 7884 "OPTIONS /api/code-review/submissions/ HTTP/1.1" 200 0
INFO 2026-07-26 15:40:27,799 basehttp 14700 10036 "POST /api/code-review/submissions/ HTTP/1.1" 201 13003
INFO 2026-07-26 15:40:27,815 basehttp 14700 7884 "OPTIONS /api/code-review/initiate-review/ HTTP/1.1" 200 0
INFO 2026-07-26 15:40:28,244 basehttp 14700 10036 "POST /api/code-review/initiate-review/ HTTP/1.1" 200 5731
INFO 2026-07-26 15:40:31,294 basehttp 14700 7884 "OPTIONS /api/code-review/stats/ HTTP/1.1" 200 0
INFO 2026-07-26 15:40:31,294 basehttp 14700 23652 "OPTIONS /api/code-review/stats/ HTTP/1.1" 200 0
INFO 2026-07-26 15:40:31,482 basehttp 14700 10036 "GET /api/code-review/stats/ HTTP/1.1" 200 148
INFO 2026-07-26 15:40:31,685 basehttp 14700 10036 "GET /api/code-review/stats/ HTTP/1.1" 200 148
INFO 2026-07-26 15:40:31,805 basehttp 14700 2396 "GET /api/code-review/submissions/ HTTP/1.1" 200 399445
INFO 2026-07-26 15:40:32,146 basehttp 14700 10036 "GET /api/code-review/submissions/ HTTP/1.1" 200 399445
INFO 2026-07-26 15:40:35,923 basehttp 14700 7884 "OPTIONS /api/code-review/submissions/9ccc40df-2b39-4329-a3a7-0c909bcdc1e1/ HTTP/1.1" 200 0
INFO 2026-07-26 15:40:35,924 basehttp 14700 23652 "OPTIONS /api/code-review/submissions/9ccc40df-2b39-4329-a3a7-0c909bcdc1e1/ HTTP/1.1" 200 0
INFO 2026-07-26 15:40:36,122 basehttp 14700 10036 "GET /api/code-review/submissions/9ccc40df-2b39-4329-a3a7-0c909bcdc1e1/ HTTP/1.1" 200 18528
INFO 2026-07-26 15:40:36,406 basehttp 14700 2396 "GET /api/code-review/submissions/9ccc40df-2b39-4329-a3a7-0c909bcdc1e1/ HTTP/1.1" 200 18528
INFO 2026-07-26 16:19:35,841 autoreload 26028 3848 Watching for file changes with StatReloader
INFO 2026-07-26 16:19:51,560 basehttp 26028 4360 "OPTIONS /api/accounts/login/ HTTP/1.1" 200 0
INFO 2026-07-26 16:19:54,339 basehttp 26028 9432 "POST /api/accounts/login/ HTTP/1.1" 200 1212
INFO 2026-07-26 16:19:55,138 basehttp 26028 9432 "GET /api/code-review/stats/ HTTP/1.1" 200 148
INFO 2026-07-26 16:19:55,360 basehttp 26028 9432 "GET /api/code-review/stats/ HTTP/1.1" 200 148
INFO 2026-07-26 16:19:55,536 basehttp 26028 2436 "GET /api/code-review/submissions/ HTTP/1.1" 200 399445
INFO 2026-07-26 16:19:55,848 basehttp 26028 9432 "GET /api/code-review/submissions/ HTTP/1.1" 200 399445
INFO 2026-07-26 16:20:01,809 basehttp 26028 9432 "GET /api/code-review/submissions/9ccc40df-2b39-4329-a3a7-0c909bcdc1e1/ HTTP/1.1" 200 18528
INFO 2026-07-26 16:20:01,973 basehttp 26028 9432 "GET /api/code-review/submissions/9ccc40df-2b39-4329-a3a7-0c909bcdc1e1/ HTTP/1.1" 200 18528
INFO 2026-07-26 16:20:12,108 basehttp 26028 9432 "GET /api/code-review/stats/ HTTP/1.1" 200 148
INFO 2026-07-26 16:20:12,387 basehttp 26028 9432 "GET /api/code-review/stats/ HTTP/1.1" 200 148
INFO 2026-07-26 16:20:12,572 basehttp 26028 2436 "GET /api/code-review/submissions/ HTTP/1.1" 200 399445
INFO 2026-07-26 16:20:12,939 basehttp 26028 9432 "GET /api/code-review/submissions/ HTTP/1.1" 200 399445
INFO 2026-07-26 16:20:54,285 basehttp 26028 9432 "GET /api/code-review/languages/ HTTP/1.1" 200 1587
INFO 2026-07-26 16:20:54,567 basehttp 26028 9432 "GET /api/code-review/languages/ HTTP/1.1" 200 1587
INFO 2026-07-26 16:21:10,545 basehttp 26028 9432 "POST /api/code-review/submissions/ HTTP/1.1" 201 9770
INFO 2026-07-26 16:21:10,855 basehttp 26028 9432 "POST /api/code-review/initiate-review/ HTTP/1.1" 200 4944
INFO 2026-07-26 16:21:14,072 basehttp 26028 9432 "GET /api/code-review/stats/ HTTP/1.1" 200 148
INFO 2026-07-26 16:21:14,284 basehttp 26028 9432 "GET /api/code-review/stats/ HTTP/1.1" 200 148
INFO 2026-07-26 16:21:14,485 basehttp 26028 2436 "GET /api/code-review/submissions/ HTTP/1.1" 200 379318
INFO 2026-07-26 16:21:15,001 basehttp 26028 9432 "GET /api/code-review/submissions/ HTTP/1.1" 200 379318
INFO 2026-07-26 16:21:18,653 basehttp 26028 4360 "OPTIONS /api/code-review/submissions/7b13e0fe-2f97-4cd4-8ad3-f3e0f73ddbf0/ HTTP/1.1" 200 0
INFO 2026-07-26 16:21:18,676 basehttp 26028 4360 "OPTIONS /api/code-review/submissions/7b13e0fe-2f97-4cd4-8ad3-f3e0f73ddbf0/ HTTP/1.1" 200 0
INFO 2026-07-26 16:21:18,880 basehttp 26028 9432 "GET /api/code-review/submissions/7b13e0fe-2f97-4cd4-8ad3-f3e0f73ddbf0/ HTTP/1.1" 200 14508
INFO 2026-07-26 16:21:19,031 basehttp 26028 2436 "GET /api/code-review/submissions/7b13e0fe-2f97-4cd4-8ad3-f3e0f73ddbf0/ HTTP/1.1" 200 14508
INFO 2026-07-26 16:28:23,455 autoreload 26028 3848 C:\ai-code-review-platform\backend\code_review\views.py changed, reloading.
INFO 2026-07-26 16:28:28,402 autoreload 15020 15596 Watching for file changes with StatReloader
INFO 2026-07-26 16:30:44,549 autoreload 15960 6856 Watching for file changes with StatReloader
INFO 2026-07-26 16:31:04,964 basehttp 15960 3684 "OPTIONS /api/accounts/profile/ HTTP/1.1" 200 0
INFO 2026-07-26 16:31:04,968 basehttp 15960 19636 "OPTIONS /api/accounts/profile/ HTTP/1.1" 200 0
INFO 2026-07-26 16:31:04,971 basehttp 15960 22380 "OPTIONS /api/accounts/profile/ HTTP/1.1" 200 0
INFO 2026-07-26 16:31:04,986 basehttp 15960 3708 "OPTIONS /api/accounts/profile/ HTTP/1.1" 200 0
INFO 2026-07-26 16:31:05,544 basehttp 15960 26116 "GET /api/accounts/profile/ HTTP/1.1" 200 562
INFO 2026-07-26 16:31:05,808 basehttp 15960 26116 "GET /api/accounts/profile/ HTTP/1.1" 200 562
INFO 2026-07-26 16:31:05,979 basehttp 15960 26116 "GET /api/accounts/profile/ HTTP/1.1" 200 562
INFO 2026-07-26 16:31:06,155 basehttp 15960 26116 "GET /api/accounts/profile/ HTTP/1.1" 200 562
INFO 2026-07-26 16:31:28,862 basehttp 15960 26116 "POST /api/accounts/login/ HTTP/1.1" 200 1212
INFO 2026-07-26 16:31:29,767 basehttp 15960 26116 "GET /api/code-review/stats/ HTTP/1.1" 200 148
INFO 2026-07-26 16:31:29,976 basehttp 15960 26116 "GET /api/code-review/stats/ HTTP/1.1" 200 148
INFO 2026-07-26 16:31:30,173 basehttp 15960 22816 "GET /api/code-review/submissions/ HTTP/1.1" 200 379318
INFO 2026-07-26 16:31:30,537 basehttp 15960 26116 "GET /api/code-review/submissions/ HTTP/1.1" 200 379318
INFO 2026-07-26 16:31:38,553 basehttp 15960 26116 "GET /api/code-review/languages/ HTTP/1.1" 200 1587
INFO 2026-07-26 16:31:38,726 basehttp 15960 26116 "GET /api/code-review/languages/ HTTP/1.1" 200 1587
INFO 2026-07-26 16:31:51,263 basehttp 15960 26116 "POST /api/code-review/submissions/ HTTP/1.1" 201 9416
INFO 2026-07-26 16:31:51,560 basehttp 15960 26116 "POST /api/code-review/initiate-review/ HTTP/1.1" 200 6174
INFO 2026-07-26 16:31:54,784 basehttp 15960 26116 "GET /api/code-review/stats/ HTTP/1.1" 200 148
INFO 2026-07-26 16:31:54,997 basehttp 15960 26116 "GET /api/code-review/stats/ HTTP/1.1" 200 148
INFO 2026-07-26 16:31:55,252 basehttp 15960 22816 "GET /api/code-review/submissions/ HTTP/1.1" 200 346704
INFO 2026-07-26 16:31:55,532 basehttp 15960 26116 "GET /api/code-review/submissions/ HTTP/1.1" 200 346704
INFO 2026-07-26 16:31:58,314 basehttp 15960 3708 "OPTIONS /api/code-review/submissions/e921a6b8-2194-4f1d-a46a-28f618bffb09/ HTTP/1.1" 200 0
INFO 2026-07-26 16:31:58,316 basehttp 15960 22380 "OPTIONS /api/code-review/submissions/e921a6b8-2194-4f1d-a46a-28f618bffb09/ HTTP/1.1" 200 0
INFO 2026-07-26 16:31:58,684 basehttp 15960 26116 "GET /api/code-review/submissions/e921a6b8-2194-4f1d-a46a-28f618bffb09/ HTTP/1.1" 200 15384
INFO 2026-07-26 16:31:58,902 basehttp 15960 22816 "GET /api/code-review/submissions/e921a6b8-2194-4f1d-a46a-28f618bffb09/ HTTP/1.1" 200 15384
INFO 2026-07-26 16:34:16,335 basehttp 15960 22816 "GET /api/code-review/languages/ HTTP/1.1" 200 1587
INFO 2026-07-26 16:34:16,477 basehttp 15960 22816 "GET /api/code-review/languages/ HTTP/1.1" 200 1587
INFO 2026-07-26 16:34:27,763 basehttp 15960 22816 "POST /api/code-review/submissions/ HTTP/1.1" 201 11286
INFO 2026-07-26 16:34:28,152 basehttp 15960 22816 "POST /api/code-review/initiate-review/ HTTP/1.1" 200 6944
INFO 2026-07-26 16:34:31,385 basehttp 15960 22816 "GET /api/code-review/stats/ HTTP/1.1" 200 148
INFO 2026-07-26 16:34:31,676 basehttp 15960 22816 "GET /api/code-review/stats/ HTTP/1.1" 200 148
INFO 2026-07-26 16:34:31,703 basehttp 15960 26116 "GET /api/code-review/submissions/ HTTP/1.1" 200 291420
INFO 2026-07-26 16:34:32,034 basehttp 15960 22816 "GET /api/code-review/submissions/ HTTP/1.1" 200 291420
INFO 2026-07-26 16:34:35,483 basehttp 15960 22380 "OPTIONS /api/code-review/submissions/008b1f40-ca7f-470d-93fa-b706bb628a7f/ HTTP/1.1" 200 0
INFO 2026-07-26 16:34:35,486 basehttp 15960 3708 "OPTIONS /api/code-review/submissions/008b1f40-ca7f-470d-93fa-b706bb628a7f/ HTTP/1.1" 200 0
INFO 2026-07-26 16:34:35,705 basehttp 15960 22816 "GET /api/code-review/submissions/008b1f40-ca7f-470d-93fa-b706bb628a7f/ HTTP/1.1" 200 18024
INFO 2026-07-26 16:34:35,871 basehttp 15960 22816 "GET /api/code-review/submissions/008b1f40-ca7f-470d-93fa-b706bb628a7f/ HTTP/1.1" 200 18024
INFO 2026-07-26 16:38:49,229 basehttp 15960 22816 "GET /api/code-review/languages/ HTTP/1.1" 200 1587
INFO 2026-07-26 16:38:49,369 basehttp 15960 22816 "GET /api/code-review/languages/ HTTP/1.1" 200 1587
INFO 2026-07-26 16:39:03,713 basehttp 15960 22816 "POST /api/code-review/submissions/ HTTP/1.1" 201 33496
INFO 2026-07-26 16:39:04,318 basehttp 15960 22816 "POST /api/code-review/initiate-review/ HTTP/1.1" 200 3391
INFO 2026-07-26 16:39:07,671 basehttp 15960 22816 "GET /api/code-review/stats/ HTTP/1.1" 200 148
INFO 2026-07-26 16:39:07,880 basehttp 15960 22816 "GET /api/code-review/stats/ HTTP/1.1" 200 148
INFO 2026-07-26 16:39:08,067 basehttp 15960 26116 "GET /api/code-review/submissions/ HTTP/1.1" 200 263706
INFO 2026-07-26 16:39:08,504 basehttp 15960 22816 "GET /api/code-review/submissions/ HTTP/1.1" 200 263706
INFO 2026-07-26 16:39:14,763 basehttp 15960 3708 "OPTIONS /api/code-review/submissions/92665d91-c5b1-43d0-8154-5fd9a2a31ea4/ HTTP/1.1" 200 0
INFO 2026-07-26 16:39:14,765 basehttp 15960 22380 "OPTIONS /api/code-review/submissions/92665d91-c5b1-43d0-8154-5fd9a2a31ea4/ HTTP/1.1" 200 0
INFO 2026-07-26 16:39:15,075 basehttp 15960 22816 "GET /api/code-review/submissions/92665d91-c5b1-43d0-8154-5fd9a2a31ea4/ HTTP/1.1" 200 36680
INFO 2026-07-26 16:39:15,321 basehttp 15960 26116 "GET /api/code-review/submissions/92665d91-c5b1-43d0-8154-5fd9a2a31ea4/ HTTP/1.1" 200 36680
INFO 2026-07-26 16:50:18,059 autoreload 15960 6856 C:\ai-code-review-platform\backend\code_review\views.py changed, reloading.
INFO 2026-07-26 16:50:22,445 autoreload 6068 9408 Watching for file changes with StatReloader
WARNING 2026-07-26 16:51:02,738 basehttp 6068 19520 "GET /api/code-review/languages/ HTTP/1.1" 401 183
WARNING 2026-07-26 16:51:02,758 basehttp 6068 19520 "GET /api/code-review/languages/ HTTP/1.1" 401 183
INFO 2026-07-26 16:51:03,127 basehttp 6068 24432 "POST /api/token/refresh/ HTTP/1.1" 200 582
INFO 2026-07-26 16:51:03,128 basehttp 6068 14416 "POST /api/token/refresh/ HTTP/1.1" 200 582
INFO 2026-07-26 16:51:03,431 basehttp 6068 19520 "GET /api/code-review/languages/ HTTP/1.1" 200 1587
INFO 2026-07-26 16:51:03,646 basehttp 6068 19520 "GET /api/code-review/languages/ HTTP/1.1" 200 1587
INFO 2026-07-26 16:51:13,065 basehttp 6068 19520 "POST /api/code-review/submissions/ HTTP/1.1" 201 33529
INFO 2026-07-26 16:51:13,632 basehttp 6068 19520 "POST /api/code-review/initiate-review/ HTTP/1.1" 200 2690
INFO 2026-07-26 16:51:16,885 basehttp 6068 19520 "GET /api/code-review/stats/ HTTP/1.1" 200 148
INFO 2026-07-26 16:51:17,171 basehttp 6068 19520 "GET /api/code-review/stats/ HTTP/1.1" 200 148
INFO 2026-07-26 16:51:17,366 basehttp 6068 4964 "GET /api/code-review/submissions/ HTTP/1.1" 200 298716
INFO 2026-07-26 16:51:17,882 basehttp 6068 19520 "GET /api/code-review/submissions/ HTTP/1.1" 200 298716
INFO 2026-07-26 16:51:21,931 basehttp 6068 24432 "OPTIONS /api/code-review/submissions/7cbada68-8b2c-4304-9140-1b674cddd3e8/ HTTP/1.1" 200 0
INFO 2026-07-26 16:51:21,932 basehttp 6068 14416 "OPTIONS /api/code-review/submissions/7cbada68-8b2c-4304-9140-1b674cddd3e8/ HTTP/1.1" 200 0
INFO 2026-07-26 16:51:22,344 basehttp 6068 19520 "GET /api/code-review/submissions/7cbada68-8b2c-4304-9140-1b674cddd3e8/ HTTP/1.1" 200 36012
INFO 2026-07-26 16:51:22,580 basehttp 6068 4964 "GET /api/code-review/submissions/7cbada68-8b2c-4304-9140-1b674cddd3e8/ HTTP/1.1" 200 36012
INFO 2026-07-26 16:53:08,936 basehttp 6068 4964 "GET /api/code-review/languages/ HTTP/1.1" 200 1587
INFO 2026-07-26 16:53:09,116 basehttp 6068 4964 "GET /api/code-review/languages/ HTTP/1.1" 200 1587
INFO 2026-07-26 16:53:25,707 basehttp 6068 4964 "POST /api/code-review/submissions/ HTTP/1.1" 201 26455
INFO 2026-07-26 16:53:26,061 basehttp 6068 4964 "POST /api/code-review/initiate-review/ HTTP/1.1" 200 2591
INFO 2026-07-26 16:53:29,526 basehttp 6068 4964 "GET /api/code-review/stats/ HTTP/1.1" 200 148
INFO 2026-07-26 16:53:29,806 basehttp 6068 4964 "GET /api/code-review/stats/ HTTP/1.1" 200 148
INFO 2026-07-26 16:53:29,942 basehttp 6068 19520 "GET /api/code-review/submissions/ HTTP/1.1" 200 317900
INFO 2026-07-26 16:53:30,305 basehttp 6068 4964 "GET /api/code-review/submissions/ HTTP/1.1" 200 317900
INFO 2026-07-26 16:53:33,760 basehttp 6068 14416 "OPTIONS /api/code-review/submissions/f46f20af-a750-4977-9028-78a365b9e22d/ HTTP/1.1" 200 0
INFO 2026-07-26 16:53:33,762 basehttp 6068 24432 "OPTIONS /api/code-review/submissions/f46f20af-a750-4977-9028-78a365b9e22d/ HTTP/1.1" 200 0
INFO 2026-07-26 16:53:34,130 basehttp 6068 4964 "GET /api/code-review/submissions/f46f20af-a750-4977-9028-78a365b9e22d/ HTTP/1.1" 200 28839
INFO 2026-07-26 16:53:34,329 basehttp 6068 19520 "GET /api/code-review/submissions/f46f20af-a750-4977-9028-78a365b9e22d/ HTTP/1.1" 200 28839
INFO 2026-07-26 17:19:55,413 autoreload 23852 26516 Watching for file changes with StatReloader
INFO 2026-07-26 17:29:11,615 autoreload 23852 26516 C:\ai-code-review-platform\backend\code_review\views.py changed, reloading.
INFO 2026-07-26 17:29:14,984 autoreload 25216 26444 Watching for file changes with StatReloader
INFO 2026-07-26 17:29:28,968 basehttp 25216 16488 "POST /api/accounts/login/ HTTP/1.1" 200 1212
INFO 2026-07-26 17:29:29,835 basehttp 25216 16488 "GET /api/code-review/stats/ HTTP/1.1" 200 148
INFO 2026-07-26 17:29:30,243 basehttp 25216 16488 "GET /api/code-review/stats/ HTTP/1.1" 200 148
INFO 2026-07-26 17:29:30,471 basehttp 25216 23396 "GET /api/code-review/submissions/ HTTP/1.1" 200 317900
INFO 2026-07-26 17:29:30,736 basehttp 25216 16488 "GET /api/code-review/submissions/ HTTP/1.1" 200 317900
INFO 2026-07-26 17:29:34,492 basehttp 25216 16488 "GET /api/code-review/submissions/f46f20af-a750-4977-9028-78a365b9e22d/ HTTP/1.1" 200 28839
INFO 2026-07-26 17:29:34,665 basehttp 25216 23396 "GET /api/code-review/submissions/f46f20af-a750-4977-9028-78a365b9e22d/ HTTP/1.1" 200 28839
INFO 2026-07-26 17:30:15,798 basehttp 25216 23396 "GET /api/code-review/stats/ HTTP/1.1" 200 148
INFO 2026-07-26 17:30:16,046 basehttp 25216 23396 "GET /api/code-review/stats/ HTTP/1.1" 200 148
INFO 2026-07-26 17:30:16,227 basehttp 25216 16488 "GET /api/code-review/submissions/ HTTP/1.1" 200 317900
INFO 2026-07-26 17:30:16,782 basehttp 25216 23396 "GET /api/code-review/submissions/ HTTP/1.1" 200 317900
INFO 2026-07-26 17:30:18,786 basehttp 25216 23396 "GET /api/code-review/languages/ HTTP/1.1" 200 1587
INFO 2026-07-26 17:30:18,951 basehttp 25216 23396 "GET /api/code-review/languages/ HTTP/1.1" 200 1587
INFO 2026-07-26 17:30:54,873 basehttp 25216 23396 "POST /api/code-review/submissions/ HTTP/1.1" 201 19805
INFO 2026-07-26 17:30:55,392 basehttp 25216 23396 "POST /api/code-review/initiate-review/ HTTP/1.1" 200 2423
INFO 2026-07-26 17:30:58,621 basehttp 25216 23396 "GET /api/code-review/stats/ HTTP/1.1" 200 148
INFO 2026-07-26 17:30:59,061 basehttp 25216 23396 "GET /api/code-review/stats/ HTTP/1.1" 200 148
INFO 2026-07-26 17:30:59,159 basehttp 25216 16488 "GET /api/code-review/submissions/ HTTP/1.1" 200 330312
INFO 2026-07-26 17:30:59,654 basehttp 25216 23396 "GET /api/code-review/submissions/ HTTP/1.1" 200 330312
INFO 2026-07-26 17:31:03,380 basehttp 25216 4904 "OPTIONS /api/code-review/submissions/d8844490-330d-451a-8aa3-6dd8276e11fa/ HTTP/1.1" 200 0
INFO 2026-07-26 17:31:03,381 basehttp 25216 24700 "OPTIONS /api/code-review/submissions/d8844490-330d-451a-8aa3-6dd8276e11fa/ HTTP/1.1" 200 0
INFO 2026-07-26 17:31:03,689 basehttp 25216 23396 "GET /api/code-review/submissions/d8844490-330d-451a-8aa3-6dd8276e11fa/ HTTP/1.1" 200 22021
INFO 2026-07-26 17:31:03,891 basehttp 25216 23396 "GET /api/code-review/submissions/d8844490-330d-451a-8aa3-6dd8276e11fa/ HTTP/1.1" 200 22021
INFO 2026-07-26 17:35:51,609 autoreload 25216 26444 C:\ai-code-review-platform\backend\code_review\views.py changed, reloading.
INFO 2026-07-26 17:35:56,089 autoreload 14984 18740 Watching for file changes with StatReloader
INFO 2026-07-26 17:36:17,900 basehttp 14984 25756 "GET /api/code-review/stats/ HTTP/1.1" 200 148
INFO 2026-07-26 17:36:18,201 basehttp 14984 25756 "GET /api/code-review/stats/ HTTP/1.1" 200 148
INFO 2026-07-26 17:36:18,414 basehttp 14984 13872 "GET /api/code-review/submissions/ HTTP/1.1" 200 330312
INFO 2026-07-26 17:36:18,780 basehttp 14984 25756 "GET /api/code-review/submissions/ HTTP/1.1" 200 330312
INFO 2026-07-26 17:36:21,258 basehttp 14984 25756 "GET /api/code-review/languages/ HTTP/1.1" 200 1587
INFO 2026-07-26 17:36:21,420 basehttp 14984 25756 "GET /api/code-review/languages/ HTTP/1.1" 200 1587
INFO 2026-07-26 17:36:43,296 basehttp 14984 25756 "POST /api/code-review/submissions/ HTTP/1.1" 201 17040
INFO 2026-07-26 17:36:43,694 basehttp 14984 25756 "POST /api/code-review/initiate-review/ HTTP/1.1" 200 2542
INFO 2026-07-26 17:36:47,009 basehttp 14984 25756 "GET /api/code-review/stats/ HTTP/1.1" 200 148
INFO 2026-07-26 17:36:47,350 basehttp 14984 25756 "GET /api/code-review/stats/ HTTP/1.1" 200 148
INFO 2026-07-26 17:36:47,464 basehttp 14984 13872 "GET /api/code-review/submissions/ HTTP/1.1" 200 337390
INFO 2026-07-26 17:36:47,914 basehttp 14984 25756 "GET /api/code-review/submissions/ HTTP/1.1" 200 337390
INFO 2026-07-26 17:36:52,323 basehttp 14984 9448 "OPTIONS /api/code-review/submissions/2b545cf3-0bc9-47d7-9df0-4c5a9a20b851/ HTTP/1.1" 200 0
INFO 2026-07-26 17:36:52,324 basehttp 14984 20136 "OPTIONS /api/code-review/submissions/2b545cf3-0bc9-47d7-9df0-4c5a9a20b851/ HTTP/1.1" 200 0
INFO 2026-07-26 17:36:52,695 basehttp 14984 25756 "GET /api/code-review/submissions/2b545cf3-0bc9-47d7-9df0-4c5a9a20b851/ HTTP/1.1" 200 19375
INFO 2026-07-26 17:36:52,952 basehttp 14984 13872 "GET /api/code-review/submissions/2b545cf3-0bc9-47d7-9df0-4c5a9a20b851/ HTTP/1.1" 200 19375
INFO 2026-07-26 17:38:11,031 basehttp 14984 13872 "GET /api/code-review/languages/ HTTP/1.1" 200 1587
INFO 2026-07-26 17:38:11,169 basehttp 14984 13872 "GET /api/code-review/languages/ HTTP/1.1" 200 1587
INFO 2026-07-26 17:38:34,252 basehttp 14984 13872 "POST /api/code-review/submissions/ HTTP/1.1" 201 18395
INFO 2026-07-26 17:38:34,655 basehttp 14984 13872 "POST /api/code-review/initiate-review/ HTTP/1.1" 200 2823
INFO 2026-07-26 17:38:38,100 basehttp 14984 13872 "GET /api/code-review/stats/ HTTP/1.1" 200 148
INFO 2026-07-26 17:38:38,447 basehttp 14984 13872 "GET /api/code-review/stats/ HTTP/1.1" 200 148
INFO 2026-07-26 17:38:38,551 basehttp 14984 25756 "GET /api/code-review/submissions/ HTTP/1.1" 200 345896
INFO 2026-07-26 17:38:39,102 basehttp 14984 13872 "GET /api/code-review/submissions/ HTTP/1.1" 200 345896
INFO 2026-07-26 17:38:42,275 basehttp 14984 9448 "OPTIONS /api/code-review/submissions/36b947ad-940e-43e5-af5a-404c71202826/ HTTP/1.1" 200 0
INFO 2026-07-26 17:38:42,282 basehttp 14984 20136 "OPTIONS /api/code-review/submissions/36b947ad-940e-43e5-af5a-404c71202826/ HTTP/1.1" 200 0
INFO 2026-07-26 17:38:42,490 basehttp 14984 13872 "GET /api/code-review/submissions/36b947ad-940e-43e5-af5a-404c71202826/ HTTP/1.1" 200 21011
INFO 2026-07-26 17:38:42,702 basehttp 14984 13872 "GET /api/code-review/submissions/36b947ad-940e-43e5-af5a-404c71202826/ HTTP/1.1" 200 21011
INFO 2026-07-26 17:39:38,567 basehttp 14984 13872 "GET /api/code-review/languages/ HTTP/1.1" 200 1587
INFO 2026-07-26 17:39:38,832 basehttp 14984 13872 "GET /api/code-review/languages/ HTTP/1.1" 200 1587
INFO 2026-07-26 17:39:57,331 basehttp 14984 13872 "POST /api/code-review/submissions/ HTTP/1.1" 201 445
INFO 2026-07-26 17:39:57,622 basehttp 14984 13872 "POST /api/code-review/initiate-review/ HTTP/1.1" 200 576
INFO 2026-07-26 17:40:01,159 basehttp 14984 13872 "GET /api/code-review/stats/ HTTP/1.1" 200 148
INFO 2026-07-26 17:40:01,435 basehttp 14984 13872 "GET /api/code-review/stats/ HTTP/1.1" 200 148
INFO 2026-07-26 17:40:01,583 basehttp 14984 25756 "GET /api/code-review/submissions/ HTTP/1.1" 200 335316
INFO 2026-07-26 17:40:02,049 basehttp 14984 13872 "GET /api/code-review/submissions/ HTTP/1.1" 200 335316
INFO 2026-07-26 17:40:05,812 basehttp 14984 9448 "OPTIONS /api/code-review/submissions/0253093d-1299-4efd-8743-36bf6f5bc39f/ HTTP/1.1" 200 0
INFO 2026-07-26 17:40:05,814 basehttp 14984 20136 "OPTIONS /api/code-review/submissions/0253093d-1299-4efd-8743-36bf6f5bc39f/ HTTP/1.1" 200 0
INFO 2026-07-26 17:40:06,056 basehttp 14984 13872 "GET /api/code-review/submissions/0253093d-1299-4efd-8743-36bf6f5bc39f/ HTTP/1.1" 200 814
INFO 2026-07-26 17:40:06,322 basehttp 14984 13872 "GET /api/code-review/submissions/0253093d-1299-4efd-8743-36bf6f5bc39f/ HTTP/1.1" 200 814
INFO 2026-07-26 17:44:25,508 basehttp 14984 6600 "OPTIONS /api/code-review/stats/ HTTP/1.1" 200 0
INFO 2026-07-26 17:44:25,510 basehttp 14984 25988 "OPTIONS /api/code-review/stats/ HTTP/1.1" 200 0
INFO 2026-07-26 17:44:26,053 basehttp 14984 3440 "GET /api/code-review/stats/ HTTP/1.1" 200 148
INFO 2026-07-26 17:44:26,060 basehttp 14984 25988 "OPTIONS /api/code-review/submissions/ HTTP/1.1" 200 0
INFO 2026-07-26 17:44:26,153 basehttp 14984 3440 "GET /api/code-review/stats/ HTTP/1.1" 200 148
INFO 2026-07-26 17:44:26,232 basehttp 14984 13692 "GET /api/code-review/submissions/ HTTP/1.1" 200 335316
INFO 2026-07-26 17:44:26,375 basehttp 14984 3440 "GET /api/code-review/submissions/ HTTP/1.1" 200 335316
INFO 2026-07-26 17:44:28,299 basehttp 14984 25988 "OPTIONS /api/code-review/languages/ HTTP/1.1" 200 0
INFO 2026-07-26 17:44:28,301 basehttp 14984 6600 "OPTIONS /api/code-review/languages/ HTTP/1.1" 200 0
WARNING 2026-07-26 17:44:28,308 basehttp 14984 3440 "GET /api/code-review/languages/ HTTP/1.1" 401 183
WARNING 2026-07-26 17:44:28,312 basehttp 14984 3440 "GET /api/code-review/languages/ HTTP/1.1" 401 183
INFO 2026-07-26 17:44:28,333 basehttp 14984 6600 "OPTIONS /api/token/refresh/ HTTP/1.1" 200 0
INFO 2026-07-26 17:44:28,334 basehttp 14984 25988 "OPTIONS /api/token/refresh/ HTTP/1.1" 200 0
INFO 2026-07-26 17:44:28,356 basehttp 14984 25988 "POST /api/token/refresh/ HTTP/1.1" 200 582
INFO 2026-07-26 17:44:28,356 basehttp 14984 6600 "POST /api/token/refresh/ HTTP/1.1" 200 582
INFO 2026-07-26 17:44:28,442 basehttp 14984 3440 "GET /api/code-review/languages/ HTTP/1.1" 200 1587
INFO 2026-07-26 17:44:28,521 basehttp 14984 3440 "GET /api/code-review/languages/ HTTP/1.1" 200 1587
INFO 2026-07-26 17:44:37,618 autoreload 14984 18740 C:\ai-code-review-platform\backend\code_review\views.py changed, reloading.
INFO 2026-07-26 17:44:39,461 autoreload 6184 8468 Watching for file changes with StatReloader
INFO 2026-07-26 17:44:56,576 basehttp 6184 6868 "POST /api/code-review/submissions/ HTTP/1.1" 201 441
INFO 2026-07-26 17:44:56,908 basehttp 6184 19984 "OPTIONS /api/code-review/initiate-review/ HTTP/1.1" 200 0
INFO 2026-07-26 17:44:57,199 basehttp 6184 6868 "POST /api/code-review/initiate-review/ HTTP/1.1" 200 576
INFO 2026-07-26 17:45:00,338 basehttp 6184 6868 "GET /api/code-review/stats/ HTTP/1.1" 200 148
INFO 2026-07-26 17:45:00,497 basehttp 6184 25384 "GET /api/code-review/submissions/ HTTP/1.1" 200 328673
INFO 2026-07-26 17:45:00,545 basehttp 6184 6868 "GET /api/code-review/stats/ HTTP/1.1" 200 148
INFO 2026-07-26 17:45:00,808 basehttp 6184 6868 "GET /api/code-review/submissions/ HTTP/1.1" 200 328673
INFO 2026-07-26 17:45:03,547 basehttp 6184 19984 "OPTIONS /api/code-review/submissions/f76d5dba-3b5d-4d13-af96-6259b815dbc6/ HTTP/1.1" 200 0
INFO 2026-07-26 17:45:03,548 basehttp 6184 6700 "OPTIONS /api/code-review/submissions/f76d5dba-3b5d-4d13-af96-6259b815dbc6/ HTTP/1.1" 200 0
INFO 2026-07-26 17:45:03,637 basehttp 6184 6868 "GET /api/code-review/submissions/f76d5dba-3b5d-4d13-af96-6259b815dbc6/ HTTP/1.1" 200 810
INFO 2026-07-26 17:45:03,862 basehttp 6184 6868 "GET /api/code-review/submissions/f76d5dba-3b5d-4d13-af96-6259b815dbc6/ HTTP/1.1" 200 810
INFO 2026-07-26 17:52:30,569 autoreload 6184 8468 C:\ai-code-review-platform\backend\code_review\views.py changed, reloading.
INFO 2026-07-26 17:52:32,400 autoreload 10016 22616 Watching for file changes with StatReloader
INFO 2026-07-26 17:52:45,441 basehttp 10016 9948 "GET /api/code-review/stats/ HTTP/1.1" 200 148
INFO 2026-07-26 17:52:45,528 basehttp 10016 9948 "GET /api/code-review/stats/ HTTP/1.1" 200 148
INFO 2026-07-26 17:52:45,663 basehttp 10016 9948 "GET /api/code-review/submissions/ HTTP/1.1" 200 328673
INFO 2026-07-26 17:52:45,805 basehttp 10016 18308 "GET /api/code-review/submissions/ HTTP/1.1" 200 328673
INFO 2026-07-26 17:52:47,130 basehttp 10016 18308 "GET /api/code-review/languages/ HTTP/1.1" 200 1587
INFO 2026-07-26 17:52:47,213 basehttp 10016 18308 "GET /api/code-review/languages/ HTTP/1.1" 200 1587
INFO 2026-07-26 17:53:00,375 basehttp 10016 18308 "POST /api/code-review/submissions/ HTTP/1.1" 201 441
INFO 2026-07-26 17:53:00,571 basehttp 10016 18308 "POST /api/code-review/initiate-review/ HTTP/1.1" 200 749
INFO 2026-07-26 17:53:03,714 basehttp 10016 18308 "GET /api/code-review/stats/ HTTP/1.1" 200 148
INFO 2026-07-26 17:53:03,831 basehttp 10016 18308 "GET /api/code-review/stats/ HTTP/1.1" 200 148
INFO 2026-07-26 17:53:03,961 basehttp 10016 9948 "GET /api/code-review/submissions/ HTTP/1.1" 200 322016
INFO 2026-07-26 17:53:04,107 basehttp 10016 18308 "GET /api/code-review/submissions/ HTTP/1.1" 200 322016
INFO 2026-07-26 17:53:08,057 basehttp 10016 19316 "OPTIONS /api/code-review/submissions/4294470c-ec1c-47d6-846d-5f2fc56fb506/ HTTP/1.1" 200 0
INFO 2026-07-26 17:53:08,058 basehttp 10016 26068 "OPTIONS /api/code-review/submissions/4294470c-ec1c-47d6-846d-5f2fc56fb506/ HTTP/1.1" 200 0
INFO 2026-07-26 17:53:08,261 basehttp 10016 18308 "GET /api/code-review/submissions/4294470c-ec1c-47d6-846d-5f2fc56fb506/ HTTP/1.1" 200 983
INFO 2026-07-26 17:53:08,511 basehttp 10016 18308 "GET /api/code-review/submissions/4294470c-ec1c-47d6-846d-5f2fc56fb506/ HTTP/1.1" 200 983
INFO 2026-07-26 17:53:51,933 basehttp 10016 18308 "GET /api/code-review/stats/ HTTP/1.1" 200 148
INFO 2026-07-26 17:53:52,038 basehttp 10016 18308 "GET /api/code-review/stats/ HTTP/1.1" 200 148
INFO 2026-07-26 17:53:52,107 basehttp 10016 9948 "GET /api/code-review/submissions/ HTTP/1.1" 200 322016
INFO 2026-07-26 17:53:52,300 basehttp 10016 18308 "GET /api/code-review/submissions/ HTTP/1.1" 200 322016
INFO 2026-07-26 17:53:54,186 basehttp 10016 18308 "GET /api/code-review/languages/ HTTP/1.1" 200 1587
INFO 2026-07-26 17:53:54,418 basehttp 10016 18308 "GET /api/code-review/languages/ HTTP/1.1" 200 1587
INFO 2026-07-26 17:54:26,325 basehttp 10016 18308 "POST /api/code-review/submissions/ HTTP/1.1" 201 464
INFO 2026-07-26 17:54:26,526 basehttp 10016 18308 "POST /api/code-review/initiate-review/ HTTP/1.1" 200 839
INFO 2026-07-26 17:54:29,684 basehttp 10016 18308 "GET /api/code-review/stats/ HTTP/1.1" 200 148
INFO 2026-07-26 17:54:29,918 basehttp 10016 18308 "GET /api/code-review/stats/ HTTP/1.1" 200 148
INFO 2026-07-26 17:54:29,986 basehttp 10016 9948 "GET /api/code-review/submissions/ HTTP/1.1" 200 311972
INFO 2026-07-26 17:54:30,244 basehttp 10016 18308 "GET /api/code-review/submissions/ HTTP/1.1" 200 311972
INFO 2026-07-26 17:54:33,631 basehttp 10016 26068 "OPTIONS /api/code-review/submissions/f5cea0e6-3522-4da2-b480-c61ee313248c/ HTTP/1.1" 200 0
INFO 2026-07-26 17:54:33,631 basehttp 10016 19316 "OPTIONS /api/code-review/submissions/f5cea0e6-3522-4da2-b480-c61ee313248c/ HTTP/1.1" 200 0
INFO 2026-07-26 17:54:33,725 basehttp 10016 18308 "GET /api/code-review/submissions/f5cea0e6-3522-4da2-b480-c61ee313248c/ HTTP/1.1" 200 1092
INFO 2026-07-26 17:54:33,798 basehttp 10016 18308 "GET /api/code-review/submissions/f5cea0e6-3522-4da2-b480-c61ee313248c/ HTTP/1.1" 200 1092
INFO 2026-07-26 17:58:49,953 autoreload 10016 22616 C:\ai-code-review-platform\backend\code_review\views.py changed, reloading.
INFO 2026-07-26 17:58:51,655 autoreload 25316 26604 Watching for file changes with StatReloader
INFO 2026-07-26 18:15:33,174 autoreload 25316 26604 C:\ai-code-review-platform\backend\code_review\views.py changed, reloading.
INFO 2026-07-26 18:15:36,021 autoreload 19104 26396 Watching for file changes with StatReloader
INFO 2026-07-26 18:23:21,440 autoreload 24804 10304 Watching for file changes with StatReloader
INFO 2026-07-26 18:23:48,598 basehttp 24804 25980 "OPTIONS /api/accounts/login/ HTTP/1.1" 200 0
INFO 2026-07-26 18:23:49,662 basehttp 24804 14864 "POST /api/accounts/login/ HTTP/1.1" 200 1212
INFO 2026-07-26 18:23:50,300 basehttp 24804 14864 "GET /api/code-review/stats/ HTTP/1.1" 200 148
INFO 2026-07-26 18:23:50,414 basehttp 24804 14864 "GET /api/code-review/stats/ HTTP/1.1" 200 148
INFO 2026-07-26 18:23:50,497 basehttp 24804 26620 "GET /api/code-review/submissions/ HTTP/1.1" 200 311972
INFO 2026-07-26 18:23:50,652 basehttp 24804 14864 "GET /api/code-review/submissions/ HTTP/1.1" 200 311972
INFO 2026-07-26 18:23:54,184 basehttp 24804 14864 "GET /api/code-review/languages/ HTTP/1.1" 200 1587
INFO 2026-07-26 18:23:54,250 basehttp 24804 14864 "GET /api/code-review/languages/ HTTP/1.1" 200 1587
INFO 2026-07-26 18:24:43,273 basehttp 24804 14864 "POST /api/code-review/submissions/ HTTP/1.1" 201 1345
INFO 2026-07-26 18:24:43,610 basehttp 24804 14864 "POST /api/code-review/initiate-review/ HTTP/1.1" 200 4425
INFO 2026-07-26 18:24:46,805 basehttp 24804 14864 "GET /api/code-review/stats/ HTTP/1.1" 200 148
INFO 2026-07-26 18:24:46,903 basehttp 24804 14864 "GET /api/code-review/stats/ HTTP/1.1" 200 148
INFO 2026-07-26 18:24:46,963 basehttp 24804 26620 "GET /api/code-review/submissions/ HTTP/1.1" 200 303417
INFO 2026-07-26 18:24:47,113 basehttp 24804 14864 "GET /api/code-review/submissions/ HTTP/1.1" 200 303417
INFO 2026-07-26 18:24:50,670 basehttp 24804 25980 "OPTIONS /api/code-review/submissions/ecb4d7c6-3527-46a1-a6f9-fb8b1287e549/ HTTP/1.1" 200 0
INFO 2026-07-26 18:24:50,675 basehttp 24804 25980 "OPTIONS /api/code-review/submissions/ecb4d7c6-3527-46a1-a6f9-fb8b1287e549/ HTTP/1.1" 200 0
INFO 2026-07-26 18:24:50,887 basehttp 24804 14864 "GET /api/code-review/submissions/ecb4d7c6-3527-46a1-a6f9-fb8b1287e549/ HTTP/1.1" 200 5563
INFO 2026-07-26 18:24:51,060 basehttp 24804 26620 "GET /api/code-review/submissions/ecb4d7c6-3527-46a1-a6f9-fb8b1287e549/ HTTP/1.1" 200 5563
INFO 2026-07-26 18:26:11,156 basehttp 24804 26620 "GET /api/code-review/stats/ HTTP/1.1" 200 148
INFO 2026-07-26 18:26:11,275 basehttp 24804 26620 "GET /api/code-review/stats/ HTTP/1.1" 200 148
INFO 2026-07-26 18:26:11,427 basehttp 24804 14864 "GET /api/code-review/submissions/ HTTP/1.1" 200 303417
INFO 2026-07-26 18:26:11,565 basehttp 24804 26620 "GET /api/code-review/submissions/ HTTP/1.1" 200 303417
INFO 2026-07-26 18:26:13,288 basehttp 24804 26620 "GET /api/code-review/languages/ HTTP/1.1" 200 1587
INFO 2026-07-26 18:26:13,488 basehttp 24804 26620 "GET /api/code-review/languages/ HTTP/1.1" 200 1587
INFO 2026-07-26 18:30:26,088 basehttp 24804 26620 "POST /api/code-review/submissions/ HTTP/1.1" 201 1239
INFO 2026-07-26 18:30:26,458 basehttp 24804 26620 "POST /api/code-review/initiate-review/ HTTP/1.1" 200 5985
INFO 2026-07-26 18:30:29,598 basehttp 24804 26620 "GET /api/code-review/stats/ HTTP/1.1" 200 148
INFO 2026-07-26 18:30:29,693 basehttp 24804 26620 "GET /api/code-review/stats/ HTTP/1.1" 200 148
INFO 2026-07-26 18:30:29,838 basehttp 24804 14864 "GET /api/code-review/submissions/ HTTP/1.1" 200 297900
INFO 2026-07-26 18:30:29,979 basehttp 24804 26620 "GET /api/code-review/submissions/ HTTP/1.1" 200 297900
INFO 2026-07-26 18:30:38,991 basehttp 24804 23628 "OPTIONS /api/code-review/submissions/6982fc2f-90ed-4335-82d9-4ce3c3e9841d/ HTTP/1.1" 200 0
INFO 2026-07-26 18:30:38,995 basehttp 24804 23556 "OPTIONS /api/code-review/submissions/6982fc2f-90ed-4335-82d9-4ce3c3e9841d/ HTTP/1.1" 200 0
INFO 2026-07-26 18:30:39,075 basehttp 24804 26620 "GET /api/code-review/submissions/6982fc2f-90ed-4335-82d9-4ce3c3e9841d/ HTTP/1.1" 200 7014
INFO 2026-07-26 18:30:39,146 basehttp 24804 26620 "GET /api/code-review/submissions/6982fc2f-90ed-4335-82d9-4ce3c3e9841d/ HTTP/1.1" 200 7014
INFO 2026-07-26 18:36:11,239 autoreload 24804 10304 C:\ai-code-review-platform\backend\code_review\views.py changed, reloading.
INFO 2026-07-26 18:36:12,956 autoreload 10420 24388 Watching for file changes with StatReloader
INFO 2026-07-26 18:36:54,964 basehttp 10420 26028 "GET /api/code-review/stats/ HTTP/1.1" 200 148
INFO 2026-07-26 18:36:55,161 basehttp 10420 26028 "GET /api/code-review/stats/ HTTP/1.1" 200 148
INFO 2026-07-26 18:36:55,201 basehttp 10420 19360 "GET /api/code-review/submissions/ HTTP/1.1" 200 297900
INFO 2026-07-26 18:36:55,472 basehttp 10420 26028 "GET /api/code-review/submissions/ HTTP/1.1" 200 297900
INFO 2026-07-26 18:36:57,408 basehttp 10420 26028 "GET /api/code-review/languages/ HTTP/1.1" 200 1587
INFO 2026-07-26 18:36:57,471 basehttp 10420 26028 "GET /api/code-review/languages/ HTTP/1.1" 200 1587
INFO 2026-07-26 18:37:05,577 basehttp 10420 26028 "POST /api/code-review/submissions/ HTTP/1.1" 201 1976
INFO 2026-07-26 18:37:05,774 basehttp 10420 26028 "POST /api/code-review/initiate-review/ HTTP/1.1" 200 3739
INFO 2026-07-26 18:37:08,892 basehttp 10420 26028 "GET /api/code-review/stats/ HTTP/1.1" 200 148
INFO 2026-07-26 18:37:08,975 basehttp 10420 26028 "GET /api/code-review/stats/ HTTP/1.1" 200 148
INFO 2026-07-26 18:37:09,027 basehttp 10420 19360 "GET /api/code-review/submissions/ HTTP/1.1" 200 292934
INFO 2026-07-26 18:37:09,173 basehttp 10420 26028 "GET /api/code-review/submissions/ HTTP/1.1" 200 292934
INFO 2026-07-26 18:37:12,938 basehttp 10420 2692 "OPTIONS /api/code-review/submissions/80855a7c-d55e-46c2-aeed-cd6c4e86751b/ HTTP/1.1" 200 0
INFO 2026-07-26 18:37:12,940 basehttp 10420 14272 "OPTIONS /api/code-review/submissions/80855a7c-d55e-46c2-aeed-cd6c4e86751b/ HTTP/1.1" 200 0
INFO 2026-07-26 18:37:13,056 basehttp 10420 26028 "GET /api/code-review/submissions/80855a7c-d55e-46c2-aeed-cd6c4e86751b/ HTTP/1.1" 200 5508
INFO 2026-07-26 18:37:13,129 basehttp 10420 26028 "GET /api/code-review/submissions/80855a7c-d55e-46c2-aeed-cd6c4e86751b/ HTTP/1.1" 200 5508
INFO 2026-07-28 10:13:59,679 autoreload 16004 1640 Watching for file changes with StatReloader
INFO 2026-07-28 10:14:54,300 basehttp 16004 1968 "OPTIONS /api/accounts/login/ HTTP/1.1" 200 0
INFO 2026-07-28 10:14:55,962 basehttp 16004 16768 "POST /api/accounts/login/ HTTP/1.1" 200 1212
INFO 2026-07-28 10:14:56,552 basehttp 16004 20960 "OPTIONS /api/code-review/stats/ HTTP/1.1" 200 0
INFO 2026-07-28 10:14:56,552 basehttp 16004 1968 "OPTIONS /api/code-review/stats/ HTTP/1.1" 200 0
INFO 2026-07-28 10:14:56,707 basehttp 16004 16768 "GET /api/code-review/stats/ HTTP/1.1" 200 148
INFO 2026-07-28 10:14:56,719 basehttp 16004 1968 "OPTIONS /api/code-review/submissions/ HTTP/1.1" 200 0
INFO 2026-07-28 10:14:56,838 basehttp 16004 16768 "GET /api/code-review/stats/ HTTP/1.1" 200 148
INFO 2026-07-28 10:14:57,017 basehttp 16004 8888 "GET /api/code-review/submissions/ HTTP/1.1" 200 292934
INFO 2026-07-28 10:14:57,210 basehttp 16004 16768 "GET /api/code-review/submissions/ HTTP/1.1" 200 292934
INFO 2026-07-28 10:15:03,295 basehttp 16004 1968 "OPTIONS /api/code-review/languages/ HTTP/1.1" 200 0
INFO 2026-07-28 10:15:03,295 basehttp 16004 20960 "OPTIONS /api/code-review/languages/ HTTP/1.1" 200 0
INFO 2026-07-28 10:15:03,387 basehttp 16004 16768 "GET /api/code-review/languages/ HTTP/1.1" 200 1587
INFO 2026-07-28 10:15:03,463 basehttp 16004 16768 "GET /api/code-review/languages/ HTTP/1.1" 200 1587
INFO 2026-07-28 10:18:20,167 basehttp 16004 16768 "POST /api/code-review/submissions/ HTTP/1.1" 201 14263
INFO 2026-07-28 10:18:20,189 basehttp 16004 20960 "OPTIONS /api/code-review/initiate-review/ HTTP/1.1" 200 0
INFO 2026-07-28 10:18:20,554 basehttp 16004 16768 "POST /api/code-review/initiate-review/ HTTP/1.1" 200 11576
INFO 2026-07-28 10:18:23,739 basehttp 16004 16768 "GET /api/code-review/stats/ HTTP/1.1" 200 147
INFO 2026-07-28 10:18:23,859 basehttp 16004 16768 "GET /api/code-review/stats/ HTTP/1.1" 200 147
INFO 2026-07-28 10:18:23,931 basehttp 16004 8888 "GET /api/code-review/submissions/ HTTP/1.1" 200 307196
INFO 2026-07-28 10:18:24,194 basehttp 16004 16768 "GET /api/code-review/submissions/ HTTP/1.1" 200 307196
INFO 2026-07-28 10:18:28,625 basehttp 16004 20960 "OPTIONS /api/code-review/submissions/843b3613-17a5-4f63-9180-b54cb8dc1165/ HTTP/1.1" 200 0
INFO 2026-07-28 10:18:28,625 basehttp 16004 1968 "OPTIONS /api/code-review/submissions/843b3613-17a5-4f63-9180-b54cb8dc1165/ HTTP/1.1" 200 0
INFO 2026-07-28 10:18:28,729 basehttp 16004 16768 "GET /api/code-review/submissions/843b3613-17a5-4f63-9180-b54cb8dc1165/ HTTP/1.1" 200 25633
INFO 2026-07-28 10:18:28,914 basehttp 16004 16768 "GET /api/code-review/submissions/843b3613-17a5-4f63-9180-b54cb8dc1165/ HTTP/1.1" 200 25633
INFO 2026-07-28 10:23:04,294 autoreload 16004 1640 C:\ai-code-review-platform\backend\code_review\views.py changed, reloading.
INFO 2026-07-28 10:23:07,419 autoreload 19136 14708 Watching for file changes with StatReloader
INFO 2026-07-28 10:23:24,923 basehttp 19136 9000 "GET /api/code-review/languages/ HTTP/1.1" 200 1587
INFO 2026-07-28 10:23:25,012 basehttp 19136 9000 "GET /api/code-review/languages/ HTTP/1.1" 200 1587
INFO 2026-07-28 10:23:37,788 basehttp 19136 9000 "POST /api/code-review/submissions/ HTTP/1.1" 201 80530
INFO 2026-07-28 10:23:38,296 basehttp 19136 9000 "POST /api/code-review/initiate-review/ HTTP/1.1" 200 80055
INFO 2026-07-28 10:23:41,496 basehttp 19136 9000 "GET /api/code-review/stats/ HTTP/1.1" 200 148
INFO 2026-07-28 10:23:41,603 basehttp 19136 9000 "GET /api/code-review/stats/ HTTP/1.1" 200 148
INFO 2026-07-28 10:23:41,667 basehttp 19136 13788 "GET /api/code-review/submissions/ HTTP/1.1" 200 455273
INFO 2026-07-28 10:23:41,870 basehttp 19136 9000 "GET /api/code-review/submissions/ HTTP/1.1" 200 455273
INFO 2026-07-28 10:24:24,056 basehttp 19136 24612 "OPTIONS /api/code-review/submissions/89f580f0-5d26-40a9-a153-d9b584887715/ HTTP/1.1" 200 0
INFO 2026-07-28 10:24:24,058 basehttp 19136 18256 "OPTIONS /api/code-review/submissions/89f580f0-5d26-40a9-a153-d9b584887715/ HTTP/1.1" 200 0
INFO 2026-07-28 10:24:24,179 basehttp 19136 9000 "GET /api/code-review/submissions/89f580f0-5d26-40a9-a153-d9b584887715/ HTTP/1.1" 200 160376
INFO 2026-07-28 10:24:24,251 basehttp 19136 13788 "GET /api/code-review/submissions/89f580f0-5d26-40a9-a153-d9b584887715/ HTTP/1.1" 200 160376
INFO 2026-07-28 10:29:50,447 autoreload 19136 14708 C:\ai-code-review-platform\backend\code_review\views.py changed, reloading.
INFO 2026-07-28 10:29:52,287 autoreload 7156 10860 Watching for file changes with StatReloader
INFO 2026-07-28 10:31:50,203 autoreload 7156 10860 C:\ai-code-review-platform\backend\code_review\views.py changed, reloading.
INFO 2026-07-28 10:31:51,604 autoreload 21040 13088 Watching for file changes with StatReloader
WARNING 2026-07-28 10:32:09,901 basehttp 21040 800 "GET /api/code-review/languages/ HTTP/1.1" 401 183
WARNING 2026-07-28 10:32:09,915 basehttp 21040 800 "GET /api/code-review/languages/ HTTP/1.1" 401 183
INFO 2026-07-28 10:32:10,231 basehttp 21040 21500 "OPTIONS /api/token/refresh/ HTTP/1.1" 200 0
INFO 2026-07-28 10:32:10,234 basehttp 21040 18792 "OPTIONS /api/token/refresh/ HTTP/1.1" 200 0
INFO 2026-07-28 10:32:10,267 basehttp 21040 21500 "POST /api/token/refresh/ HTTP/1.1" 200 582
INFO 2026-07-28 10:32:10,267 basehttp 21040 18792 "POST /api/token/refresh/ HTTP/1.1" 200 582
INFO 2026-07-28 10:32:10,349 basehttp 21040 800 "GET /api/code-review/languages/ HTTP/1.1" 200 1587
INFO 2026-07-28 10:32:10,426 basehttp 21040 800 "GET /api/code-review/languages/ HTTP/1.1" 200 1587
INFO 2026-07-28 10:32:22,596 basehttp 21040 800 "POST /api/code-review/submissions/ HTTP/1.1" 201 48830
INFO 2026-07-28 10:32:22,802 basehttp 21040 800 "POST /api/code-review/initiate-review/ HTTP/1.1" 200 16828
INFO 2026-07-28 10:32:25,945 basehttp 21040 800 "GET /api/code-review/stats/ HTTP/1.1" 200 148
INFO 2026-07-28 10:32:26,051 basehttp 21040 800 "GET /api/code-review/stats/ HTTP/1.1" 200 148
INFO 2026-07-28 10:32:26,122 basehttp 21040 7980 "GET /api/code-review/submissions/ HTTP/1.1" 200 503751
INFO 2026-07-28 10:32:26,292 basehttp 21040 800 "GET /api/code-review/submissions/ HTTP/1.1" 200 503751
INFO 2026-07-28 10:32:31,847 basehttp 21040 21500 "OPTIONS /api/code-review/submissions/cf5a5f3c-4810-48bb-8502-3e54bc788fa0/ HTTP/1.1" 200 0
INFO 2026-07-28 10:32:31,848 basehttp 21040 18792 "OPTIONS /api/code-review/submissions/cf5a5f3c-4810-48bb-8502-3e54bc788fa0/ HTTP/1.1" 200 0
INFO 2026-07-28 10:32:31,931 basehttp 21040 800 "GET /api/code-review/submissions/cf5a5f3c-4810-48bb-8502-3e54bc788fa0/ HTTP/1.1" 200 65449
INFO 2026-07-28 10:32:32,039 basehttp 21040 7980 "GET /api/code-review/submissions/cf5a5f3c-4810-48bb-8502-3e54bc788fa0/ HTTP/1.1" 200 65449
INFO 2026-07-28 10:36:12,198 autoreload 21040 13088 C:\ai-code-review-platform\backend\code_review\views.py changed, reloading.
INFO 2026-07-28 10:36:13,900 autoreload 17052 1796 Watching for file changes with StatReloader
INFO 2026-07-28 10:36:18,551 basehttp 17052 21156 "GET /api/code-review/languages/ HTTP/1.1" 200 1587
INFO 2026-07-28 10:36:18,629 basehttp 17052 21156 "GET /api/code-review/languages/ HTTP/1.1" 200 1587
INFO 2026-07-28 10:36:26,962 basehttp 17052 21156 "POST /api/code-review/submissions/ HTTP/1.1" 201 54113
INFO 2026-07-28 10:36:27,379 basehttp 17052 21156 "POST /api/code-review/initiate-review/ HTTP/1.1" 200 14972
INFO 2026-07-28 10:36:30,652 basehttp 17052 21156 "GET /api/code-review/stats/ HTTP/1.1" 200 148
INFO 2026-07-28 10:36:30,752 basehttp 17052 21156 "GET /api/code-review/stats/ HTTP/1.1" 200 148
INFO 2026-07-28 10:36:30,808 basehttp 17052 23852 "GET /api/code-review/submissions/ HTTP/1.1" 200 554099
INFO 2026-07-28 10:36:30,952 basehttp 17052 21156 "GET /api/code-review/submissions/ HTTP/1.1" 200 554099
INFO 2026-07-28 10:36:34,554 basehttp 17052 5296 "OPTIONS /api/code-review/submissions/4bc5dd4c-f52e-4c47-a85e-184ff6bdad1f/ HTTP/1.1" 200 0
INFO 2026-07-28 10:36:34,557 basehttp 17052 20164 "OPTIONS /api/code-review/submissions/4bc5dd4c-f52e-4c47-a85e-184ff6bdad1f/ HTTP/1.1" 200 0
INFO 2026-07-28 10:36:34,645 basehttp 17052 21156 "GET /api/code-review/submissions/4bc5dd4c-f52e-4c47-a85e-184ff6bdad1f/ HTTP/1.1" 200 68876
INFO 2026-07-28 10:36:34,710 basehttp 17052 23852 "GET /api/code-review/submissions/4bc5dd4c-f52e-4c47-a85e-184ff6bdad1f/ HTTP/1.1" 200 68876
INFO 2026-07-28 10:39:11,809 basehttp 17052 2900 "GET /api/code-review/languages/ HTTP/1.1" 200 1587
INFO 2026-07-28 10:39:12,018 basehttp 17052 2900 "GET /api/code-review/languages/ HTTP/1.1" 200 1587
INFO 2026-07-28 10:39:22,822 basehttp 17052 2900 "POST /api/code-review/submissions/ HTTP/1.1" 201 56298
INFO 2026-07-28 10:39:23,027 basehttp 17052 2900 "POST /api/code-review/initiate-review/ HTTP/1.1" 200 14980
INFO 2026-07-28 10:39:26,284 basehttp 17052 2900 "GET /api/code-review/stats/ HTTP/1.1" 200 149
INFO 2026-07-28 10:39:26,370 basehttp 17052 2900 "GET /api/code-review/stats/ HTTP/1.1" 200 149
INFO 2026-07-28 10:39:26,535 basehttp 17052 1752 "GET /api/code-review/submissions/ HTTP/1.1" 200 610660
INFO 2026-07-28 10:39:26,711 basehttp 17052 2900 "GET /api/code-review/submissions/ HTTP/1.1" 200 610660
INFO 2026-07-28 10:39:30,194 basehttp 17052 13572 "OPTIONS /api/code-review/submissions/93581a24-463c-4f77-ab11-3e5bb2f88902/ HTTP/1.1" 200 0
INFO 2026-07-28 10:39:30,195 basehttp 17052 18120 "OPTIONS /api/code-review/submissions/93581a24-463c-4f77-ab11-3e5bb2f88902/ HTTP/1.1" 200 0
INFO 2026-07-28 10:39:30,301 basehttp 17052 2900 "GET /api/code-review/submissions/93581a24-463c-4f77-ab11-3e5bb2f88902/ HTTP/1.1" 200 71069
INFO 2026-07-28 10:39:30,369 basehttp 17052 1752 "GET /api/code-review/submissions/93581a24-463c-4f77-ab11-3e5bb2f88902/ HTTP/1.1" 200 71069
INFO 2026-07-28 10:42:32,229 autoreload 17052 1796 C:\ai-code-review-platform\backend\code_review\views.py changed, reloading.
INFO 2026-07-28 10:42:34,086 autoreload 6392 14012 Watching for file changes with StatReloader
INFO 2026-07-28 10:42:37,900 basehttp 6392 17828 "GET /api/code-review/languages/ HTTP/1.1" 200 1587
INFO 2026-07-28 10:42:38,159 basehttp 6392 17828 "GET /api/code-review/languages/ HTTP/1.1" 200 1587
INFO 2026-07-28 10:42:51,717 basehttp 6392 17828 "POST /api/code-review/submissions/ HTTP/1.1" 201 58562
INFO 2026-07-28 10:42:51,994 basehttp 6392 17828 "POST /api/code-review/initiate-review/ HTTP/1.1" 200 6556
INFO 2026-07-28 10:42:55,137 basehttp 6392 17828 "GET /api/code-review/stats/ HTTP/1.1" 200 149
INFO 2026-07-28 10:42:55,249 basehttp 6392 17828 "GET /api/code-review/stats/ HTTP/1.1" 200 149
INFO 2026-07-28 10:42:55,321 basehttp 6392 21836 "GET /api/code-review/submissions/ HTTP/1.1" 200 660184
INFO 2026-07-28 10:42:55,499 basehttp 6392 17828 "GET /api/code-review/submissions/ HTTP/1.1" 200 660184
INFO 2026-07-28 10:43:04,778 basehttp 6392 23676 "OPTIONS /api/code-review/submissions/cd1e049e-d778-40d3-b0b9-f93af37c5a61/ HTTP/1.1" 200 0
INFO 2026-07-28 10:43:04,778 basehttp 6392 3952 "OPTIONS /api/code-review/submissions/cd1e049e-d778-40d3-b0b9-f93af37c5a61/ HTTP/1.1" 200 0
INFO 2026-07-28 10:43:04,863 basehttp 6392 17828 "GET /api/code-review/submissions/cd1e049e-d778-40d3-b0b9-f93af37c5a61/ HTTP/1.1" 200 64908
INFO 2026-07-28 10:43:04,927 basehttp 6392 17828 "GET /api/code-review/submissions/cd1e049e-d778-40d3-b0b9-f93af37c5a61/ HTTP/1.1" 200 64908
WARNING 2026-07-28 10:52:38,833 basehttp 6392 23276 "GET /api/code-review/stats/ HTTP/1.1" 401 183
WARNING 2026-07-28 10:52:38,838 basehttp 6392 23276 "GET /api/code-review/stats/ HTTP/1.1" 401 183
INFO 2026-07-28 10:52:39,150 basehttp 6392 25384 "POST /api/token/refresh/ HTTP/1.1" 200 582
INFO 2026-07-28 10:52:39,156 basehttp 6392 17560 "POST /api/token/refresh/ HTTP/1.1" 200 582
INFO 2026-07-28 10:52:39,316 basehttp 6392 23276 "GET /api/code-review/stats/ HTTP/1.1" 200 149
INFO 2026-07-28 10:52:39,413 basehttp 6392 23276 "GET /api/code-review/stats/ HTTP/1.1" 200 149
INFO 2026-07-28 10:52:39,468 basehttp 6392 5480 "GET /api/code-review/submissions/ HTTP/1.1" 200 660184
INFO 2026-07-28 10:52:39,635 basehttp 6392 23276 "GET /api/code-review/submissions/ HTTP/1.1" 200 660184
INFO 2026-07-28 10:52:42,607 basehttp 6392 23276 "GET /api/code-review/languages/ HTTP/1.1" 200 1587
INFO 2026-07-28 10:52:42,673 basehttp 6392 23276 "GET /api/code-review/languages/ HTTP/1.1" 200 1587
INFO 2026-07-28 10:52:53,937 basehttp 6392 23276 "POST /api/code-review/submissions/ HTTP/1.1" 201 5223
INFO 2026-07-28 10:52:54,264 basehttp 6392 23276 "POST /api/code-review/initiate-review/ HTTP/1.1" 200 4366
INFO 2026-07-28 10:52:57,551 basehttp 6392 23276 "GET /api/code-review/stats/ HTTP/1.1" 200 149
INFO 2026-07-28 10:52:57,641 basehttp 6392 23276 "GET /api/code-review/stats/ HTTP/1.1" 200 149
INFO 2026-07-28 10:52:57,794 basehttp 6392 5480 "GET /api/code-review/submissions/ HTTP/1.1" 200 651549
INFO 2026-07-28 10:52:58,076 basehttp 6392 23276 "GET /api/code-review/submissions/ HTTP/1.1" 200 651549
INFO 2026-07-28 10:53:08,853 basehttp 6392 17560 "OPTIONS /api/code-review/submissions/f5c7f4d8-58e7-4216-a64f-857be08d81be/ HTTP/1.1" 200 0
INFO 2026-07-28 10:53:08,853 basehttp 6392 25384 "OPTIONS /api/code-review/submissions/f5c7f4d8-58e7-4216-a64f-857be08d81be/ HTTP/1.1" 200 0
INFO 2026-07-28 10:53:08,934 basehttp 6392 23276 "GET /api/code-review/submissions/f5c7f4d8-58e7-4216-a64f-857be08d81be/ HTTP/1.1" 200 9389
INFO 2026-07-28 10:53:09,005 basehttp 6392 23276 "GET /api/code-review/submissions/f5c7f4d8-58e7-4216-a64f-857be08d81be/ HTTP/1.1" 200 9389
INFO 2026-07-28 10:54:20,597 basehttp 6392 23276 "GET /api/code-review/submissions/ HTTP/1.1" 200 651549
INFO 2026-07-28 10:54:20,762 basehttp 6392 5480 "GET /api/code-review/submissions/ HTTP/1.1" 200 651549
INFO 2026-07-28 10:54:33,112 basehttp 6392 17560 "OPTIONS /api/code-review/submissions/92665d91-c5b1-43d0-8154-5fd9a2a31ea4/ HTTP/1.1" 200 0
INFO 2026-07-28 10:54:33,469 basehttp 6392 5480 "DELETE /api/code-review/submissions/92665d91-c5b1-43d0-8154-5fd9a2a31ea4/ HTTP/1.1" 204 0
INFO 2026-07-28 10:54:36,018 basehttp 6392 17560 "OPTIONS /api/code-review/submissions/7cbada68-8b2c-4304-9140-1b674cddd3e8/ HTTP/1.1" 200 0
INFO 2026-07-28 10:54:36,311 basehttp 6392 5480 "DELETE /api/code-review/submissions/7cbada68-8b2c-4304-9140-1b674cddd3e8/ HTTP/1.1" 204 0
INFO 2026-07-28 10:54:38,569 basehttp 6392 17560 "OPTIONS /api/code-review/submissions/f46f20af-a750-4977-9028-78a365b9e22d/ HTTP/1.1" 200 0
INFO 2026-07-28 10:54:38,837 basehttp 6392 5480 "DELETE /api/code-review/submissions/f46f20af-a750-4977-9028-78a365b9e22d/ HTTP/1.1" 204 0
INFO 2026-07-28 10:54:41,401 basehttp 6392 17560 "OPTIONS /api/code-review/submissions/d8844490-330d-451a-8aa3-6dd8276e11fa/ HTTP/1.1" 200 0
INFO 2026-07-28 10:54:41,664 basehttp 6392 5480 "DELETE /api/code-review/submissions/d8844490-330d-451a-8aa3-6dd8276e11fa/ HTTP/1.1" 204 0
INFO 2026-07-28 10:54:43,737 basehttp 6392 17560 "OPTIONS /api/code-review/submissions/2b545cf3-0bc9-47d7-9df0-4c5a9a20b851/ HTTP/1.1" 200 0
INFO 2026-07-28 10:54:43,737 basehttp 6392 25384 "OPTIONS /api/code-review/submissions/2b545cf3-0bc9-47d7-9df0-4c5a9a20b851/ HTTP/1.1" 200 0
INFO 2026-07-28 10:54:43,952 basehttp 6392 5480 "GET /api/code-review/submissions/2b545cf3-0bc9-47d7-9df0-4c5a9a20b851/ HTTP/1.1" 200 19375
INFO 2026-07-28 10:54:44,069 basehttp 6392 5480 "GET /api/code-review/submissions/2b545cf3-0bc9-47d7-9df0-4c5a9a20b851/ HTTP/1.1" 200 19375
INFO 2026-07-28 10:54:48,518 basehttp 6392 5480 "GET /api/code-review/stats/ HTTP/1.1" 200 149
INFO 2026-07-28 10:54:48,633 basehttp 6392 5480 "GET /api/code-review/stats/ HTTP/1.1" 200 149
INFO 2026-07-28 10:54:48,710 basehttp 6392 23276 "GET /api/code-review/submissions/ HTTP/1.1" 200 594441
INFO 2026-07-28 10:54:48,885 basehttp 6392 5480 "GET /api/code-review/submissions/ HTTP/1.1" 200 594441
INFO 2026-07-28 10:54:58,291 basehttp 6392 5480 "DELETE /api/code-review/submissions/f5c7f4d8-58e7-4216-a64f-857be08d81be/ HTTP/1.1" 204 0
INFO 2026-07-28 10:54:58,385 basehttp 6392 5480 "GET /api/code-review/stats/ HTTP/1.1" 200 149
INFO 2026-07-28 10:54:58,528 basehttp 6392 5480 "GET /api/code-review/stats/ HTTP/1.1" 200 149
INFO 2026-07-28 10:54:58,686 basehttp 6392 5480 "GET /api/code-review/submissions/ HTTP/1.1" 200 602023
INFO 2026-07-28 10:55:02,297 basehttp 6392 5480 "DELETE /api/code-review/submissions/cd1e049e-d778-40d3-b0b9-f93af37c5a61/ HTTP/1.1" 204 0
INFO 2026-07-28 10:55:02,570 basehttp 6392 5480 "GET /api/code-review/stats/ HTTP/1.1" 200 149
INFO 2026-07-28 10:55:02,816 basehttp 6392 5480 "GET /api/code-review/stats/ HTTP/1.1" 200 149
INFO 2026-07-28 10:55:02,961 basehttp 6392 5480 "GET /api/code-review/submissions/ HTTP/1.1" 200 549414
INFO 2026-07-28 10:55:06,007 basehttp 6392 5480 "DELETE /api/code-review/submissions/93581a24-463c-4f77-ab11-3e5bb2f88902/ HTTP/1.1" 204 0
INFO 2026-07-28 10:55:06,276 basehttp 6392 5480 "GET /api/code-review/stats/ HTTP/1.1" 200 148
INFO 2026-07-28 10:55:06,502 basehttp 6392 5480 "GET /api/code-review/stats/ HTTP/1.1" 200 148
INFO 2026-07-28 10:55:06,671 basehttp 6392 5480 "GET /api/code-review/submissions/ HTTP/1.1" 200 489716
INFO 2026-07-28 10:55:09,583 basehttp 6392 5480 "DELETE /api/code-review/submissions/4bc5dd4c-f52e-4c47-a85e-184ff6bdad1f/ HTTP/1.1" 204 0
INFO 2026-07-28 10:55:09,808 basehttp 6392 5480 "GET /api/code-review/stats/ HTTP/1.1" 200 148
INFO 2026-07-28 10:55:09,997 basehttp 6392 5480 "GET /api/code-review/stats/ HTTP/1.1" 200 148
INFO 2026-07-28 10:55:10,137 basehttp 6392 5480 "GET /api/code-review/submissions/ HTTP/1.1" 200 431314
INFO 2026-07-28 10:55:13,112 basehttp 6392 5480 "DELETE /api/code-review/submissions/cf5a5f3c-4810-48bb-8502-3e54bc788fa0/ HTTP/1.1" 204 0
INFO 2026-07-28 10:55:13,382 basehttp 6392 5480 "GET /api/code-review/stats/ HTTP/1.1" 200 148
INFO 2026-07-28 10:55:13,592 basehttp 6392 5480 "GET /api/code-review/stats/ HTTP/1.1" 200 148
INFO 2026-07-28 10:55:13,735 basehttp 6392 5480 "GET /api/code-review/submissions/ HTTP/1.1" 200 378396
INFO 2026-07-28 10:55:16,569 basehttp 6392 5480 "DELETE /api/code-review/submissions/89f580f0-5d26-40a9-a153-d9b584887715/ HTTP/1.1" 204 0
INFO 2026-07-28 10:55:16,809 basehttp 6392 5480 "GET /api/code-review/stats/ HTTP/1.1" 200 148
INFO 2026-07-28 10:55:17,081 basehttp 6392 5480 "GET /api/code-review/stats/ HTTP/1.1" 200 148
INFO 2026-07-28 10:55:17,209 basehttp 6392 5480 "GET /api/code-review/submissions/ HTTP/1.1" 200 232138
INFO 2026-07-28 10:55:19,746 basehttp 6392 5480 "DELETE /api/code-review/submissions/843b3613-17a5-4f63-9180-b54cb8dc1165/ HTTP/1.1" 204 0
INFO 2026-07-28 10:55:20,082 basehttp 6392 5480 "GET /api/code-review/stats/ HTTP/1.1" 200 148
INFO 2026-07-28 10:55:20,277 basehttp 6392 5480 "GET /api/code-review/stats/ HTTP/1.1" 200 148
INFO 2026-07-28 10:55:20,509 basehttp 6392 5480 "GET /api/code-review/submissions/ HTTP/1.1" 200 217641
INFO 2026-07-28 10:55:23,126 basehttp 6392 25384 "OPTIONS /api/code-review/submissions/80855a7c-d55e-46c2-aeed-cd6c4e86751b/ HTTP/1.1" 200 0
INFO 2026-07-28 10:55:23,382 basehttp 6392 5480 "DELETE /api/code-review/submissions/80855a7c-d55e-46c2-aeed-cd6c4e86751b/ HTTP/1.1" 204 0
INFO 2026-07-28 10:55:23,692 basehttp 6392 5480 "GET /api/code-review/stats/ HTTP/1.1" 200 148
INFO 2026-07-28 10:55:23,935 basehttp 6392 5480 "GET /api/code-review/stats/ HTTP/1.1" 200 148
INFO 2026-07-28 10:55:24,097 basehttp 6392 5480 "GET /api/code-review/submissions/ HTTP/1.1" 200 219773
INFO 2026-07-28 10:55:26,435 basehttp 6392 25384 "OPTIONS /api/code-review/submissions/6982fc2f-90ed-4335-82d9-4ce3c3e9841d/ HTTP/1.1" 200 0
INFO 2026-07-28 10:55:26,734 basehttp 6392 5480 "DELETE /api/code-review/submissions/6982fc2f-90ed-4335-82d9-4ce3c3e9841d/ HTTP/1.1" 204 0
INFO 2026-07-28 10:55:27,042 basehttp 6392 5480 "GET /api/code-review/stats/ HTTP/1.1" 200 148
INFO 2026-07-28 10:55:27,246 basehttp 6392 5480 "GET /api/code-review/stats/ HTTP/1.1" 200 148
INFO 2026-07-28 10:55:27,392 basehttp 6392 5480 "GET /api/code-review/submissions/ HTTP/1.1" 200 220212
INFO 2026-07-28 10:55:29,592 basehttp 6392 25384 "OPTIONS /api/code-review/submissions/ecb4d7c6-3527-46a1-a6f9-fb8b1287e549/ HTTP/1.1" 200 0
INFO 2026-07-28 10:55:29,896 basehttp 6392 5480 "DELETE /api/code-review/submissions/ecb4d7c6-3527-46a1-a6f9-fb8b1287e549/ HTTP/1.1" 204 0
INFO 2026-07-28 10:55:30,178 basehttp 6392 5480 "GET /api/code-review/stats/ HTTP/1.1" 200 148
INFO 2026-07-28 10:55:30,416 basehttp 6392 5480 "GET /api/code-review/stats/ HTTP/1.1" 200 148
INFO 2026-07-28 10:55:30,613 basehttp 6392 5480 "GET /api/code-review/submissions/ HTTP/1.1" 200 226043
INFO 2026-07-28 10:55:33,005 basehttp 6392 25384 "OPTIONS /api/code-review/submissions/f5cea0e6-3522-4da2-b480-c61ee313248c/ HTTP/1.1" 200 0
INFO 2026-07-28 10:55:33,313 basehttp 6392 5480 "DELETE /api/code-review/submissions/f5cea0e6-3522-4da2-b480-c61ee313248c/ HTTP/1.1" 204 0
INFO 2026-07-28 10:55:33,585 basehttp 6392 5480 "GET /api/code-review/stats/ HTTP/1.1" 200 147
INFO 2026-07-28 10:55:33,904 basehttp 6392 5480 "GET /api/code-review/stats/ HTTP/1.1" 200 147
INFO 2026-07-28 10:55:34,053 basehttp 6392 5480 "GET /api/code-review/submissions/ HTTP/1.1" 200 237456
INFO 2026-07-28 10:55:37,382 basehttp 6392 25384 "OPTIONS /api/code-review/submissions/4294470c-ec1c-47d6-846d-5f2fc56fb506/ HTTP/1.1" 200 0
INFO 2026-07-28 10:55:37,696 basehttp 6392 5480 "DELETE /api/code-review/submissions/4294470c-ec1c-47d6-846d-5f2fc56fb506/ HTTP/1.1" 204 0
INFO 2026-07-28 10:55:37,830 basehttp 6392 5480 "GET /api/code-review/stats/ HTTP/1.1" 200 148
INFO 2026-07-28 10:55:37,967 basehttp 6392 5480 "GET /api/code-review/stats/ HTTP/1.1" 200 148
INFO 2026-07-28 10:55:38,118 basehttp 6392 5480 "GET /api/code-review/submissions/ HTTP/1.1" 200 248770
INFO 2026-07-28 10:56:00,972 basehttp 6392 25384 "OPTIONS /api/code-review/submissions/f76d5dba-3b5d-4d13-af96-6259b815dbc6/ HTTP/1.1" 200 0
INFO 2026-07-28 10:56:01,214 basehttp 6392 5480 "DELETE /api/code-review/submissions/f76d5dba-3b5d-4d13-af96-6259b815dbc6/ HTTP/1.1" 204 0
INFO 2026-07-28 10:56:01,295 basehttp 6392 5480 "GET /api/code-review/stats/ HTTP/1.1" 200 148
INFO 2026-07-28 10:56:01,408 basehttp 6392 5480 "GET /api/code-review/stats/ HTTP/1.1" 200 148
INFO 2026-07-28 10:56:01,585 basehttp 6392 5480 "GET /api/code-review/submissions/ HTTP/1.1" 200 257569
INFO 2026-07-28 10:56:04,476 basehttp 6392 25384 "OPTIONS /api/code-review/submissions/0253093d-1299-4efd-8743-36bf6f5bc39f/ HTTP/1.1" 200 0
INFO 2026-07-28 10:56:04,755 basehttp 6392 5480 "DELETE /api/code-review/submissions/0253093d-1299-4efd-8743-36bf6f5bc39f/ HTTP/1.1" 204 0
INFO 2026-07-28 10:56:04,988 basehttp 6392 5480 "GET /api/code-review/stats/ HTTP/1.1" 200 148
INFO 2026-07-28 10:56:05,188 basehttp 6392 5480 "GET /api/code-review/stats/ HTTP/1.1" 200 148
INFO 2026-07-28 10:56:05,338 basehttp 6392 5480 "GET /api/code-review/submissions/ HTTP/1.1" 200 266410
INFO 2026-07-28 10:56:07,993 basehttp 6392 25384 "OPTIONS /api/code-review/submissions/36b947ad-940e-43e5-af5a-404c71202826/ HTTP/1.1" 200 0
INFO 2026-07-28 10:56:08,248 basehttp 6392 5480 "DELETE /api/code-review/submissions/36b947ad-940e-43e5-af5a-404c71202826/ HTTP/1.1" 204 0
INFO 2026-07-28 10:56:08,486 basehttp 6392 5480 "GET /api/code-review/stats/ HTTP/1.1" 200 148
INFO 2026-07-28 10:56:08,851 basehttp 6392 5480 "GET /api/code-review/stats/ HTTP/1.1" 200 148
INFO 2026-07-28 10:56:09,004 basehttp 6392 5480 "GET /api/code-review/submissions/ HTTP/1.1" 200 246401
INFO 2026-07-28 10:56:13,373 basehttp 6392 25384 "OPTIONS /api/code-review/submissions/47ed9649-d141-41ba-b5f6-167ef058a1f3/ HTTP/1.1" 200 0
INFO 2026-07-28 10:56:13,639 basehttp 6392 5480 "DELETE /api/code-review/submissions/47ed9649-d141-41ba-b5f6-167ef058a1f3/ HTTP/1.1" 204 0
INFO 2026-07-28 10:56:13,890 basehttp 6392 5480 "GET /api/code-review/stats/ HTTP/1.1" 200 147
INFO 2026-07-28 10:56:13,978 basehttp 6392 5480 "GET /api/code-review/stats/ HTTP/1.1" 200 147
INFO 2026-07-28 10:56:14,321 basehttp 6392 5480 "GET /api/code-review/submissions/ HTTP/1.1" 200 298264
INFO 2026-07-28 10:56:17,150 basehttp 6392 25384 "OPTIONS /api/code-review/submissions/7b13e0fe-2f97-4cd4-8ad3-f3e0f73ddbf0/ HTTP/1.1" 200 0
INFO 2026-07-28 10:56:17,385 basehttp 6392 5480 "DELETE /api/code-review/submissions/7b13e0fe-2f97-4cd4-8ad3-f3e0f73ddbf0/ HTTP/1.1" 204 0
INFO 2026-07-28 10:56:17,624 basehttp 6392 5480 "GET /api/code-review/stats/ HTTP/1.1" 200 148
INFO 2026-07-28 10:56:17,771 basehttp 6392 5480 "GET /api/code-review/stats/ HTTP/1.1" 200 148
INFO 2026-07-28 10:56:17,927 basehttp 6392 5480 "GET /api/code-review/submissions/ HTTP/1.1" 200 357064
INFO 2026-07-28 10:56:20,568 basehttp 6392 25384 "OPTIONS /api/code-review/submissions/e921a6b8-2194-4f1d-a46a-28f618bffb09/ HTTP/1.1" 200 0
INFO 2026-07-28 10:56:20,823 basehttp 6392 5480 "DELETE /api/code-review/submissions/e921a6b8-2194-4f1d-a46a-28f618bffb09/ HTTP/1.1" 204 0
INFO 2026-07-28 10:56:21,065 basehttp 6392 5480 "GET /api/code-review/stats/ HTTP/1.1" 200 148
INFO 2026-07-28 10:56:21,236 basehttp 6392 5480 "GET /api/code-review/stats/ HTTP/1.1" 200 148
INFO 2026-07-28 10:56:21,367 basehttp 6392 5480 "GET /api/code-review/submissions/ HTTP/1.1" 200 389678
INFO 2026-07-28 10:56:24,060 basehttp 6392 25384 "OPTIONS /api/code-review/submissions/d62c80b9-d096-4bea-aeae-8a73518a5719/ HTTP/1.1" 200 0
INFO 2026-07-28 10:56:24,299 basehttp 6392 5480 "DELETE /api/code-review/submissions/d62c80b9-d096-4bea-aeae-8a73518a5719/ HTTP/1.1" 204 0
INFO 2026-07-28 10:56:24,499 basehttp 6392 5480 "GET /api/code-review/stats/ HTTP/1.1" 200 147
INFO 2026-07-28 10:56:24,826 basehttp 6392 5480 "GET /api/code-review/stats/ HTTP/1.1" 200 147
INFO 2026-07-28 10:56:24,967 basehttp 6392 5480 "GET /api/code-review/submissions/ HTTP/1.1" 200 412014
INFO 2026-07-28 10:56:28,252 basehttp 6392 25384 "OPTIONS /api/code-review/submissions/0fc6307b-9352-4a60-9845-2d8e41e2dc00/ HTTP/1.1" 200 0
INFO 2026-07-28 10:56:28,492 basehttp 6392 5480 "DELETE /api/code-review/submissions/0fc6307b-9352-4a60-9845-2d8e41e2dc00/ HTTP/1.1" 204 0
INFO 2026-07-28 10:56:28,741 basehttp 6392 5480 "GET /api/code-review/stats/ HTTP/1.1" 200 148
INFO 2026-07-28 10:56:28,845 basehttp 6392 5480 "GET /api/code-review/stats/ HTTP/1.1" 200 148
INFO 2026-07-28 10:56:28,989 basehttp 6392 5480 "GET /api/code-review/submissions/ HTTP/1.1" 200 457280
INFO 2026-07-28 10:56:31,774 basehttp 6392 25384 "OPTIONS /api/code-review/submissions/35712155-8dad-4e5f-9e84-788305149c0d/ HTTP/1.1" 200 0
INFO 2026-07-28 10:56:32,010 basehttp 6392 5480 "DELETE /api/code-review/submissions/35712155-8dad-4e5f-9e84-788305149c0d/ HTTP/1.1" 204 0
INFO 2026-07-28 10:56:32,284 basehttp 6392 5480 "GET /api/code-review/stats/ HTTP/1.1" 200 148
INFO 2026-07-28 10:56:32,576 basehttp 6392 5480 "GET /api/code-review/stats/ HTTP/1.1" 200 148
INFO 2026-07-28 10:56:32,778 basehttp 6392 5480 "GET /api/code-review/submissions/ HTTP/1.1" 200 465137
INFO 2026-07-28 10:56:36,121 basehttp 6392 25384 "OPTIONS /api/code-review/submissions/55c89f3f-d8f6-45c2-b36a-604cc92050b9/ HTTP/1.1" 200 0
INFO 2026-07-28 10:56:36,446 basehttp 6392 5480 "DELETE /api/code-review/submissions/55c89f3f-d8f6-45c2-b36a-604cc92050b9/ HTTP/1.1" 204 0
INFO 2026-07-28 10:56:36,541 basehttp 6392 5480 "GET /api/code-review/stats/ HTTP/1.1" 200 148
INFO 2026-07-28 10:56:36,671 basehttp 6392 5480 "GET /api/code-review/stats/ HTTP/1.1" 200 148
INFO 2026-07-28 10:56:36,821 basehttp 6392 5480 "GET /api/code-review/submissions/ HTTP/1.1" 200 468187
INFO 2026-07-28 10:56:39,483 basehttp 6392 25384 "OPTIONS /api/code-review/submissions/a41be18b-40db-48f3-8232-90af13c7935d/ HTTP/1.1" 200 0
INFO 2026-07-28 10:56:39,728 basehttp 6392 5480 "DELETE /api/code-review/submissions/a41be18b-40db-48f3-8232-90af13c7935d/ HTTP/1.1" 204 0
INFO 2026-07-28 10:56:39,991 basehttp 6392 5480 "GET /api/code-review/stats/ HTTP/1.1" 200 148
INFO 2026-07-28 10:56:40,168 basehttp 6392 5480 "GET /api/code-review/stats/ HTTP/1.1" 200 148
INFO 2026-07-28 10:56:40,325 basehttp 6392 5480 "GET /api/code-review/submissions/ HTTP/1.1" 200 487498
INFO 2026-07-28 10:56:43,311 basehttp 6392 25384 "OPTIONS /api/code-review/submissions/ab7c8476-ce4b-4c1e-a8f9-670757b088d8/ HTTP/1.1" 200 0
INFO 2026-07-28 10:56:43,572 basehttp 6392 5480 "DELETE /api/code-review/submissions/ab7c8476-ce4b-4c1e-a8f9-670757b088d8/ HTTP/1.1" 204 0
INFO 2026-07-28 10:56:43,827 basehttp 6392 5480 "GET /api/code-review/stats/ HTTP/1.1" 200 147
INFO 2026-07-28 10:56:44,016 basehttp 6392 5480 "GET /api/code-review/stats/ HTTP/1.1" 200 147
INFO 2026-07-28 10:56:44,186 basehttp 6392 5480 "GET /api/code-review/submissions/ HTTP/1.1" 200 513694
INFO 2026-07-28 10:56:46,745 basehttp 6392 25384 "OPTIONS /api/code-review/submissions/a8a1bebf-de13-4243-8a5e-403f44e85c6e/ HTTP/1.1" 200 0
INFO 2026-07-28 10:56:47,018 basehttp 6392 5480 "DELETE /api/code-review/submissions/a8a1bebf-de13-4243-8a5e-403f44e85c6e/ HTTP/1.1" 204 0
INFO 2026-07-28 10:56:47,298 basehttp 6392 5480 "GET /api/code-review/stats/ HTTP/1.1" 200 148
INFO 2026-07-28 10:56:47,586 basehttp 6392 5480 "GET /api/code-review/stats/ HTTP/1.1" 200 148
INFO 2026-07-28 10:56:47,731 basehttp 6392 5480 "GET /api/code-review/submissions/ HTTP/1.1" 200 530966
INFO 2026-07-28 10:56:50,844 basehttp 6392 25384 "OPTIONS /api/code-review/submissions/8ba25fa1-c6f6-4610-9814-5adfd3769a4d/ HTTP/1.1" 200 0
INFO 2026-07-28 10:56:51,100 basehttp 6392 5480 "DELETE /api/code-review/submissions/8ba25fa1-c6f6-4610-9814-5adfd3769a4d/ HTTP/1.1" 204 0
INFO 2026-07-28 10:56:51,280 basehttp 6392 5480 "GET /api/code-review/stats/ HTTP/1.1" 200 147
INFO 2026-07-28 10:56:51,418 basehttp 6392 5480 "GET /api/code-review/stats/ HTTP/1.1" 200 147
INFO 2026-07-28 10:56:51,716 basehttp 6392 5480 "GET /api/code-review/submissions/ HTTP/1.1" 200 576450
INFO 2026-07-28 10:56:58,309 basehttp 6392 25384 "OPTIONS /api/code-review/submissions/eca28fa1-71f4-4eb1-9e9e-c623a0a21741/ HTTP/1.1" 200 0
INFO 2026-07-28 10:56:58,542 basehttp 6392 5480 "DELETE /api/code-review/submissions/eca28fa1-71f4-4eb1-9e9e-c623a0a21741/ HTTP/1.1" 204 0
INFO 2026-07-28 10:56:58,737 basehttp 6392 5480 "GET /api/code-review/stats/ HTTP/1.1" 200 148
INFO 2026-07-28 10:56:58,838 basehttp 6392 5480 "GET /api/code-review/stats/ HTTP/1.1" 200 148
INFO 2026-07-28 10:56:59,018 basehttp 6392 5480 "GET /api/code-review/submissions/ HTTP/1.1" 200 526695
INFO 2026-07-28 10:57:01,733 basehttp 6392 25384 "OPTIONS /api/code-review/submissions/0e7643d9-fd2e-46db-96d9-a5d8bc78d3b6/ HTTP/1.1" 200 0
INFO 2026-07-28 10:57:02,034 basehttp 6392 5480 "DELETE /api/code-review/submissions/0e7643d9-fd2e-46db-96d9-a5d8bc78d3b6/ HTTP/1.1" 204 0
INFO 2026-07-28 10:57:02,267 basehttp 6392 5480 "GET /api/code-review/stats/ HTTP/1.1" 200 148
INFO 2026-07-28 10:57:02,449 basehttp 6392 5480 "GET /api/code-review/stats/ HTTP/1.1" 200 148
INFO 2026-07-28 10:57:02,592 basehttp 6392 5480 "GET /api/code-review/submissions/ HTTP/1.1" 200 514189
INFO 2026-07-28 10:57:05,211 basehttp 6392 25384 "OPTIONS /api/code-review/submissions/19b30153-1900-49c2-a16a-579b974890d3/ HTTP/1.1" 200 0
INFO 2026-07-28 10:57:05,471 basehttp 6392 5480 "DELETE /api/code-review/submissions/19b30153-1900-49c2-a16a-579b974890d3/ HTTP/1.1" 204 0
INFO 2026-07-28 10:57:05,743 basehttp 6392 5480 "GET /api/code-review/stats/ HTTP/1.1" 200 148
INFO 2026-07-28 10:57:05,922 basehttp 6392 5480 "GET /api/code-review/stats/ HTTP/1.1" 200 148
INFO 2026-07-28 10:57:06,080 basehttp 6392 5480 "GET /api/code-review/submissions/ HTTP/1.1" 200 501891
INFO 2026-07-28 10:57:08,909 basehttp 6392 5480 "DELETE /api/code-review/submissions/2b545cf3-0bc9-47d7-9df0-4c5a9a20b851/ HTTP/1.1" 204 0
INFO 2026-07-28 10:57:09,135 basehttp 6392 5480 "GET /api/code-review/stats/ HTTP/1.1" 200 148
INFO 2026-07-28 10:57:09,512 basehttp 6392 5480 "GET /api/code-review/stats/ HTTP/1.1" 200 148
INFO 2026-07-28 10:57:09,798 basehttp 6392 5480 "GET /api/code-review/submissions/ HTTP/1.1" 200 482515
INFO 2026-07-28 10:57:11,925 basehttp 6392 25384 "OPTIONS /api/code-review/submissions/008b1f40-ca7f-470d-93fa-b706bb628a7f/ HTTP/1.1" 200 0
INFO 2026-07-28 10:57:12,182 basehttp 6392 5480 "DELETE /api/code-review/submissions/008b1f40-ca7f-470d-93fa-b706bb628a7f/ HTTP/1.1" 204 0
INFO 2026-07-28 10:57:12,414 basehttp 6392 5480 "GET /api/code-review/stats/ HTTP/1.1" 200 147
INFO 2026-07-28 10:57:12,666 basehttp 6392 5480 "GET /api/code-review/stats/ HTTP/1.1" 200 147
INFO 2026-07-28 10:57:12,824 basehttp 6392 5480 "GET /api/code-review/submissions/ HTTP/1.1" 200 464490
INFO 2026-07-28 10:57:15,137 basehttp 6392 25384 "OPTIONS /api/code-review/submissions/9ccc40df-2b39-4329-a3a7-0c909bcdc1e1/ HTTP/1.1" 200 0
INFO 2026-07-28 10:57:15,389 basehttp 6392 5480 "DELETE /api/code-review/submissions/9ccc40df-2b39-4329-a3a7-0c909bcdc1e1/ HTTP/1.1" 204 0
INFO 2026-07-28 10:57:15,620 basehttp 6392 5480 "GET /api/code-review/stats/ HTTP/1.1" 200 148
INFO 2026-07-28 10:57:15,865 basehttp 6392 5480 "GET /api/code-review/stats/ HTTP/1.1" 200 148
INFO 2026-07-28 10:57:16,116 basehttp 6392 5480 "GET /api/code-review/submissions/ HTTP/1.1" 200 445961
INFO 2026-07-28 10:57:18,471 basehttp 6392 25384 "OPTIONS /api/code-review/submissions/6b3c49df-8d54-4c0b-8dcd-652146325f62/ HTTP/1.1" 200 0
INFO 2026-07-28 10:57:18,712 basehttp 6392 5480 "DELETE /api/code-review/submissions/6b3c49df-8d54-4c0b-8dcd-652146325f62/ HTTP/1.1" 204 0
INFO 2026-07-28 10:57:19,050 basehttp 6392 5480 "GET /api/code-review/stats/ HTTP/1.1" 200 148
INFO 2026-07-28 10:57:19,219 basehttp 6392 5480 "GET /api/code-review/stats/ HTTP/1.1" 200 148
INFO 2026-07-28 10:57:19,372 basehttp 6392 5480 "GET /api/code-review/submissions/ HTTP/1.1" 200 428989
INFO 2026-07-28 10:57:26,911 basehttp 6392 25384 "OPTIONS /api/code-review/submissions/5b6de2d9-216f-48d3-a718-cf70eae9c785/ HTTP/1.1" 200 0
INFO 2026-07-28 10:57:27,163 basehttp 6392 5480 "DELETE /api/code-review/submissions/5b6de2d9-216f-48d3-a718-cf70eae9c785/ HTTP/1.1" 204 0
INFO 2026-07-28 10:57:27,424 basehttp 6392 5480 "GET /api/code-review/stats/ HTTP/1.1" 200 148
INFO 2026-07-28 10:57:27,690 basehttp 6392 5480 "GET /api/code-review/stats/ HTTP/1.1" 200 148
INFO 2026-07-28 10:57:27,803 basehttp 6392 5480 "GET /api/code-review/submissions/ HTTP/1.1" 200 419379
INFO 2026-07-28 10:57:29,864 basehttp 6392 25384 "OPTIONS /api/code-review/submissions/a8b4cb75-65a5-45ec-a844-fa57b2716056/ HTTP/1.1" 200 0
INFO 2026-07-28 10:57:30,095 basehttp 6392 5480 "DELETE /api/code-review/submissions/a8b4cb75-65a5-45ec-a844-fa57b2716056/ HTTP/1.1" 204 0
INFO 2026-07-28 10:57:30,357 basehttp 6392 5480 "GET /api/code-review/stats/ HTTP/1.1" 200 148
INFO 2026-07-28 10:57:30,569 basehttp 6392 5480 "GET /api/code-review/stats/ HTTP/1.1" 200 148
INFO 2026-07-28 10:57:30,693 basehttp 6392 5480 "GET /api/code-review/submissions/ HTTP/1.1" 200 409723
INFO 2026-07-28 10:57:32,723 basehttp 6392 25384 "OPTIONS /api/code-review/submissions/b0f0ff6b-5151-4f67-9d1d-59faaf466cd5/ HTTP/1.1" 200 0
INFO 2026-07-28 10:57:33,001 basehttp 6392 5480 "DELETE /api/code-review/submissions/b0f0ff6b-5151-4f67-9d1d-59faaf466cd5/ HTTP/1.1" 204 0
INFO 2026-07-28 10:57:33,230 basehttp 6392 5480 "GET /api/code-review/stats/ HTTP/1.1" 200 147
INFO 2026-07-28 10:57:33,476 basehttp 6392 5480 "GET /api/code-review/stats/ HTTP/1.1" 200 147
INFO 2026-07-28 10:57:33,589 basehttp 6392 5480 "GET /api/code-review/submissions/ HTTP/1.1" 200 408720
INFO 2026-07-28 10:57:35,988 basehttp 6392 25384 "OPTIONS /api/code-review/submissions/aa509357-4267-495b-a4b1-acb36cbd3ed1/ HTTP/1.1" 200 0
INFO 2026-07-28 10:57:36,277 basehttp 6392 5480 "DELETE /api/code-review/submissions/aa509357-4267-495b-a4b1-acb36cbd3ed1/ HTTP/1.1" 204 0
INFO 2026-07-28 10:57:36,501 basehttp 6392 5480 "GET /api/code-review/stats/ HTTP/1.1" 200 147
INFO 2026-07-28 10:57:36,753 basehttp 6392 5480 "GET /api/code-review/stats/ HTTP/1.1" 200 147
INFO 2026-07-28 10:57:36,889 basehttp 6392 5480 "GET /api/code-review/submissions/ HTTP/1.1" 200 335411
INFO 2026-07-28 10:57:39,354 basehttp 6392 25384 "OPTIONS /api/code-review/submissions/8d1d5dfc-1de0-4b85-a9ce-009d498368cb/ HTTP/1.1" 200 0
INFO 2026-07-28 10:57:39,589 basehttp 6392 5480 "DELETE /api/code-review/submissions/8d1d5dfc-1de0-4b85-a9ce-009d498368cb/ HTTP/1.1" 204 0
INFO 2026-07-28 10:57:39,904 basehttp 6392 5480 "GET /api/code-review/stats/ HTTP/1.1" 200 146
INFO 2026-07-28 10:57:40,165 basehttp 6392 5480 "GET /api/code-review/stats/ HTTP/1.1" 200 146
INFO 2026-07-28 10:57:40,304 basehttp 6392 5480 "GET /api/code-review/submissions/ HTTP/1.1" 200 287411
INFO 2026-07-28 10:57:42,443 basehttp 6392 25384 "OPTIONS /api/code-review/submissions/52cbfe03-09dd-4f1e-8bc2-1dd4cbae66ae/ HTTP/1.1" 200 0
INFO 2026-07-28 10:57:42,675 basehttp 6392 5480 "DELETE /api/code-review/submissions/52cbfe03-09dd-4f1e-8bc2-1dd4cbae66ae/ HTTP/1.1" 204 0
INFO 2026-07-28 10:57:42,981 basehttp 6392 5480 "GET /api/code-review/stats/ HTTP/1.1" 200 146
INFO 2026-07-28 10:57:43,238 basehttp 6392 5480 "GET /api/code-review/stats/ HTTP/1.1" 200 146
INFO 2026-07-28 10:57:43,352 basehttp 6392 5480 "GET /api/code-review/submissions/ HTTP/1.1" 200 252775
INFO 2026-07-28 10:57:46,803 basehttp 6392 25384 "OPTIONS /api/code-review/submissions/f11b8ea3-4b9f-4a4f-9299-45572eb2a588/ HTTP/1.1" 200 0
INFO 2026-07-28 10:57:47,069 basehttp 6392 5480 "DELETE /api/code-review/submissions/f11b8ea3-4b9f-4a4f-9299-45572eb2a588/ HTTP/1.1" 204 0
INFO 2026-07-28 10:57:47,208 basehttp 6392 5480 "GET /api/code-review/stats/ HTTP/1.1" 200 145
INFO 2026-07-28 10:57:47,482 basehttp 6392 5480 "GET /api/code-review/stats/ HTTP/1.1" 200 145
INFO 2026-07-28 10:57:47,578 basehttp 6392 5480 "GET /api/code-review/submissions/ HTTP/1.1" 200 196137
INFO 2026-07-28 10:58:02,578 basehttp 6392 25384 "OPTIONS /api/code-review/submissions/4e481fca-19f9-4c80-9c50-51de05f766a9/ HTTP/1.1" 200 0
INFO 2026-07-28 10:58:02,844 basehttp 6392 5480 "DELETE /api/code-review/submissions/4e481fca-19f9-4c80-9c50-51de05f766a9/ HTTP/1.1" 204 0
INFO 2026-07-28 10:58:02,941 basehttp 6392 5480 "GET /api/code-review/stats/ HTTP/1.1" 200 144
INFO 2026-07-28 10:58:03,216 basehttp 6392 5480 "GET /api/code-review/stats/ HTTP/1.1" 200 144
INFO 2026-07-28 10:58:03,323 basehttp 6392 5480 "GET /api/code-review/submissions/ HTTP/1.1" 200 181442
INFO 2026-07-28 10:59:42,462 autoreload 6392 14012 C:\ai-code-review-platform\backend\code_review\views.py changed, reloading.
INFO 2026-07-28 10:59:45,756 autoreload 4012 10296 Watching for file changes with StatReloader
INFO 2026-07-28 10:59:56,645 basehttp 4012 20020 "GET /api/code-review/languages/ HTTP/1.1" 200 1587
INFO 2026-07-28 10:59:56,714 basehttp 4012 20020 "GET /api/code-review/languages/ HTTP/1.1" 200 1587
INFO 2026-07-28 11:00:55,052 basehttp 4012 20020 "POST /api/code-review/submissions/ HTTP/1.1" 201 6260
INFO 2026-07-28 11:00:55,237 basehttp 4012 20020 "POST /api/code-review/initiate-review/ HTTP/1.1" 200 2144
INFO 2026-07-28 11:00:58,482 basehttp 4012 20020 "GET /api/code-review/stats/ HTTP/1.1" 200 145
INFO 2026-07-28 11:00:58,554 basehttp 4012 20020 "GET /api/code-review/stats/ HTTP/1.1" 200 145
INFO 2026-07-28 11:00:58,649 basehttp 4012 20020 "GET /api/code-review/submissions/ HTTP/1.1" 200 189644
INFO 2026-07-28 11:00:58,781 basehttp 4012 20020 "GET /api/code-review/submissions/ HTTP/1.1" 200 189644
INFO 2026-07-28 11:01:02,713 basehttp 4012 20772 "OPTIONS /api/code-review/submissions/c400594c-71d3-44e9-bdd3-79f7ac8752a0/ HTTP/1.1" 200 0
INFO 2026-07-28 11:01:02,714 basehttp 4012 18932 "OPTIONS /api/code-review/submissions/c400594c-71d3-44e9-bdd3-79f7ac8752a0/ HTTP/1.1" 200 0
INFO 2026-07-28 11:01:02,795 basehttp 4012 20020 "GET /api/code-review/submissions/c400594c-71d3-44e9-bdd3-79f7ac8752a0/ HTTP/1.1" 200 8201
INFO 2026-07-28 11:01:02,866 basehttp 4012 20020 "GET /api/code-review/submissions/c400594c-71d3-44e9-bdd3-79f7ac8752a0/ HTTP/1.1" 200 8201
INFO 2026-07-28 11:04:05,988 basehttp 4012 20020 "GET /api/code-review/stats/ HTTP/1.1" 200 145
INFO 2026-07-28 11:04:06,065 basehttp 4012 20020 "GET /api/code-review/stats/ HTTP/1.1" 200 145
INFO 2026-07-28 11:04:06,180 basehttp 4012 20020 "GET /api/code-review/submissions/ HTTP/1.1" 200 189644
INFO 2026-07-28 11:04:06,307 basehttp 4012 20020 "GET /api/code-review/submissions/ HTTP/1.1" 200 189644
INFO 2026-07-28 11:04:12,856 basehttp 4012 20020 "GET /api/code-review/languages/ HTTP/1.1" 200 1587
INFO 2026-07-28 11:04:12,919 basehttp 4012 20020 "GET /api/code-review/languages/ HTTP/1.1" 200 1587
INFO 2026-07-28 11:06:12,536 autoreload 4012 10296 C:\ai-code-review-platform\backend\code_review\views.py changed, reloading.
INFO 2026-07-28 11:06:14,459 autoreload 8772 14932 Watching for file changes with StatReloader
INFO 2026-07-28 11:13:39,221 autoreload 8772 14932 C:\ai-code-review-platform\backend\ai_analysis\views.py changed, reloading.
INFO 2026-07-28 11:13:41,252 autoreload 12888 11744 Watching for file changes with StatReloader
INFO 2026-07-28 11:26:49,884 autoreload 12888 11744 C:\ai-code-review-platform\backend\ai_analysis\views.py changed, reloading.
INFO 2026-07-28 11:26:51,746 autoreload 13096 10200 Watching for file changes with StatReloader
INFO 2026-07-28 11:28:29,389 autoreload 21072 644 Watching for file changes with StatReloader
INFO 2026-07-28 11:29:23,041 autoreload 21072 644 C:\ai-code-review-platform\backend\ai_analysis\models.py changed, reloading.
INFO 2026-07-28 11:29:24,456 autoreload 14616 16276 Watching for file changes with StatReloader
INFO 2026-07-28 11:29:50,994 autoreload 19924 9004 Watching for file changes with StatReloader
INFO 2026-07-28 11:32:12,216 autoreload 20932 25344 Watching for file changes with StatReloader
INFO 2026-07-28 11:34:59,934 autoreload 20932 25344 C:\ai-code-review-platform\backend\ai_analysis\views.py changed, reloading.
INFO 2026-07-28 11:35:01,920 autoreload 1796 5984 Watching for file changes with StatReloader
INFO 2026-07-28 11:36:14,064 autoreload 1796 5984 C:\ai-code-review-platform\backend\ai_analysis\views.py changed, reloading.
INFO 2026-07-28 11:36:15,629 autoreload 2040 25096 Watching for file changes with StatReloader
INFO 2026-07-28 11:36:20,786 autoreload 2040 25096 C:\ai-code-review-platform\backend\ai_analysis\views.py changed, reloading.
INFO 2026-07-28 11:36:22,252 autoreload 4388 16952 Watching for file changes with StatReloader
INFO 2026-07-28 11:36:29,681 autoreload 4388 16952 C:\ai-code-review-platform\backend\ai_analysis\views.py changed, reloading.
INFO 2026-07-28 11:36:31,281 autoreload 18936 20296 Watching for file changes with StatReloader
INFO 2026-07-28 11:38:37,742 autoreload 18936 20296 C:\ai-code-review-platform\backend\ai_analysis\views.py changed, reloading.
INFO 2026-07-28 11:38:39,241 autoreload 25528 2076 Watching for file changes with StatReloader
INFO 2026-07-28 11:38:48,932 autoreload 25528 2076 C:\ai-code-review-platform\backend\ai_analysis\urls.py changed, reloading.
INFO 2026-07-28 11:38:50,516 autoreload 13272 7740 Watching for file changes with StatReloader
INFO 2026-07-28 11:39:57,966 autoreload 13272 7740 C:\ai-code-review-platform\backend\ai_analysis\models.py changed, reloading.
INFO 2026-07-28 11:39:59,517 autoreload 19464 19392 Watching for file changes with StatReloader
INFO 2026-07-28 11:40:09,096 autoreload 19464 19392 C:\ai-code-review-platform\backend\ai_analysis\urls.py changed, reloading.
INFO 2026-07-28 11:40:10,491 autoreload 1104 9512 Watching for file changes with StatReloader
INFO 2026-07-28 11:40:54,812 autoreload 1104 9512 C:\ai-code-review-platform\backend\ai_analysis\views.py changed, reloading.
INFO 2026-07-28 11:40:56,299 autoreload 22888 25452 Watching for file changes with StatReloader
INFO 2026-07-28 11:41:13,992 autoreload 22888 25452 C:\ai-code-review-platform\backend\ai_analysis\urls.py changed, reloading.
INFO 2026-07-28 11:41:15,300 autoreload 22624 22404 Watching for file changes with StatReloader
INFO 2026-07-28 11:45:09,533 autoreload 22624 22404 C:\ai-code-review-platform\backend\ai_analysis\urls.py changed, reloading.
INFO 2026-07-28 11:45:10,977 autoreload 7704 1760 Watching for file changes with StatReloader
INFO 2026-07-28 11:45:25,036 autoreload 10332 6548 Watching for file changes with StatReloader
INFO 2026-07-28 11:47:20,624 autoreload 10332 6548 C:\ai-code-review-platform\backend\ai_analysis\views.py changed, reloading.
INFO 2026-07-28 11:47:22,065 autoreload 15784 21072 Watching for file changes with StatReloader
INFO 2026-07-28 11:47:35,449 autoreload 24920 26036 Watching for file changes with StatReloader
INFO 2026-07-28 11:50:20,509 autoreload 24920 26036 C:\ai-code-review-platform\backend\core\settings.py changed, reloading.
INFO 2026-07-28 11:50:22,019 autoreload 7576 1236 Watching for file changes with StatReloader
INFO 2026-07-28 11:50:43,851 basehttp 7576 17048 "POST /api/accounts/login/ HTTP/1.1" 200 1212
INFO 2026-07-28 11:50:44,528 basehttp 7576 17048 "GET /api/code-review/stats/ HTTP/1.1" 200 145
INFO 2026-07-28 11:50:44,623 basehttp 7576 17048 "GET /api/code-review/stats/ HTTP/1.1" 200 145
INFO 2026-07-28 11:50:44,697 basehttp 7576 21784 "GET /api/code-review/submissions/ HTTP/1.1" 200 189644
INFO 2026-07-28 11:50:44,937 basehttp 7576 17048 "GET /api/code-review/submissions/ HTTP/1.1" 200 189644
INFO 2026-07-28 11:50:48,604 basehttp 7576 17048 "GET /api/code-review/languages/ HTTP/1.1" 200 1587
INFO 2026-07-28 11:50:48,678 basehttp 7576 17048 "GET /api/code-review/languages/ HTTP/1.1" 200 1587
INFO 2026-07-28 11:58:16,936 autoreload 7576 1236 C:\ai-code-review-platform\backend\code_review\views.py changed, reloading.
INFO 2026-07-28 11:58:20,117 autoreload 23872 13468 Watching for file changes with StatReloader
INFO 2026-07-28 12:03:50,911 autoreload 23872 13468 C:\ai-code-review-platform\backend\code_review\views.py changed, reloading.
INFO 2026-07-28 12:03:54,016 autoreload 2372 2144 Watching for file changes with StatReloader
INFO 2026-07-28 12:04:00,081 autoreload 2372 2144 C:\ai-code-review-platform\backend\code_review\views.py changed, reloading.
INFO 2026-07-28 12:04:02,941 autoreload 6572 14892 Watching for file changes with StatReloader
INFO 2026-07-28 12:04:20,309 basehttp 6572 17564 "GET /api/code-review/stats/ HTTP/1.1" 200 145
INFO 2026-07-28 12:04:20,529 basehttp 6572 17564 "GET /api/code-review/stats/ HTTP/1.1" 200 145
INFO 2026-07-28 12:04:20,606 basehttp 6572 2056 "GET /api/code-review/submissions/ HTTP/1.1" 200 189644
INFO 2026-07-28 12:04:20,825 basehttp 6572 17564 "GET /api/code-review/submissions/ HTTP/1.1" 200 189644
INFO 2026-07-28 12:04:23,491 basehttp 6572 17564 "GET /api/code-review/languages/ HTTP/1.1" 200 1587
INFO 2026-07-28 12:04:23,745 basehttp 6572 17564 "GET /api/code-review/languages/ HTTP/1.1" 200 1587
INFO 2026-07-28 12:20:57,184 basehttp 6572 15108 "GET /api/code-review/languages/ HTTP/1.1" 200 1587
INFO 2026-07-28 12:21:37,624 basehttp 6572 15108 "GET /api/code-review/languages/ HTTP/1.1" 200 1587
INFO 2026-07-28 12:22:05,223 basehttp 6572 13152 "OPTIONS /api/accounts/login/ HTTP/1.1" 200 0
WARNING 2026-07-28 12:22:05,401 basehttp 6572 15108 "POST /api/accounts/login/ HTTP/1.1" 400 100
WARNING 2026-07-28 12:22:08,265 basehttp 6572 15108 "POST /api/accounts/login/ HTTP/1.1" 400 100
INFO 2026-07-28 12:22:41,559 autoreload 5424 10264 Watching for file changes with StatReloader
WARNING 2026-07-28 12:22:56,642 basehttp 5424 3020 "POST /api/accounts/login/ HTTP/1.1" 400 100
WARNING 2026-07-28 12:25:41,974 basehttp 5424 3020 "POST /api/accounts/login/ HTTP/1.1" 400 100
INFO 2026-07-28 12:26:29,830 basehttp 5424 3020 "POST /api/accounts/login/ HTTP/1.1" 200 1212
INFO 2026-07-28 12:26:30,723 basehttp 5424 3124 "OPTIONS /api/code-review/stats/ HTTP/1.1" 200 0
INFO 2026-07-28 12:26:30,726 basehttp 5424 23940 "OPTIONS /api/code-review/stats/ HTTP/1.1" 200 0
INFO 2026-07-28 12:26:31,012 basehttp 5424 3020 "GET /api/code-review/stats/ HTTP/1.1" 200 145
INFO 2026-07-28 12:26:31,036 basehttp 5424 23940 "OPTIONS /api/code-review/submissions/ HTTP/1.1" 200 0
INFO 2026-07-28 12:26:31,294 basehttp 5424 3020 "GET /api/code-review/stats/ HTTP/1.1" 200 145
INFO 2026-07-28 12:26:31,594 basehttp 5424 3020 "GET /api/code-review/submissions/ HTTP/1.1" 200 189644
INFO 2026-07-28 12:26:31,874 basehttp 5424 3708 "GET /api/code-review/submissions/ HTTP/1.1" 200 189644
INFO 2026-07-28 12:26:34,555 basehttp 5424 23940 "OPTIONS /api/code-review/languages/ HTTP/1.1" 200 0
INFO 2026-07-28 12:26:34,555 basehttp 5424 3124 "OPTIONS /api/code-review/languages/ HTTP/1.1" 200 0
INFO 2026-07-28 12:26:34,703 basehttp 5424 3708 "GET /api/code-review/languages/ HTTP/1.1" 200 1587
INFO 2026-07-28 12:26:35,050 basehttp 5424 3708 "GET /api/code-review/languages/ HTTP/1.1" 200 1587
INFO 2026-07-28 12:30:57,847 basehttp 5424 3708 "GET /api/code-review/languages/ HTTP/1.1" 200 1587
INFO 2026-07-28 12:31:12,875 basehttp 5424 3708 "GET /api/code-review/stats/ HTTP/1.1" 200 145
INFO 2026-07-28 12:31:13,076 basehttp 5424 3708 "GET /api/code-review/stats/ HTTP/1.1" 200 145
INFO 2026-07-28 12:31:13,148 basehttp 5424 3020 "GET /api/code-review/submissions/ HTTP/1.1" 200 189644
INFO 2026-07-28 12:31:13,371 basehttp 5424 3708 "GET /api/code-review/submissions/ HTTP/1.1" 200 189644
INFO 2026-07-28 12:31:17,411 basehttp 5424 3708 "GET /api/code-review/languages/ HTTP/1.1" 200 1587
INFO 2026-07-28 12:31:17,551 basehttp 5424 3708 "GET /api/code-review/languages/ HTTP/1.1" 200 1587
INFO 2026-07-28 12:34:20,652 basehttp 5424 3708 "GET /api/code-review/languages/ HTTP/1.1" 200 1587
INFO 2026-07-28 12:34:36,981 basehttp 5424 3708 "POST /api/code-review/submissions/ HTTP/1.1" 201 2567
INFO 2026-07-28 12:34:37,325 basehttp 5424 11656 "OPTIONS /api/code-review/initiate-review/ HTTP/1.1" 200 0
ERROR 2026-07-28 12:34:37,749 log 5424 3708 Internal Server Error: /api/code-review/initiate-review/
ERROR 2026-07-28 12:34:37,752 basehttp 5424 3708 "POST /api/code-review/initiate-review/ HTTP/1.1" 500 74
INFO 2026-07-28 12:34:41,203 basehttp 5424 3708 "GET /api/code-review/stats/ HTTP/1.1" 200 145
INFO 2026-07-28 12:34:41,446 basehttp 5424 3708 "GET /api/code-review/stats/ HTTP/1.1" 200 145
INFO 2026-07-28 12:34:41,497 basehttp 5424 3020 "GET /api/code-review/submissions/ HTTP/1.1" 200 192211
INFO 2026-07-28 12:34:41,823 basehttp 5424 3708 "GET /api/code-review/submissions/ HTTP/1.1" 200 192211
INFO 2026-07-28 12:34:45,103 basehttp 5424 11656 "OPTIONS /api/code-review/submissions/90a55de4-574f-4d6f-a0d1-70ae5fe1f9e5/ HTTP/1.1" 200 0
INFO 2026-07-28 12:34:45,104 basehttp 5424 19604 "OPTIONS /api/code-review/submissions/90a55de4-574f-4d6f-a0d1-70ae5fe1f9e5/ HTTP/1.1" 200 0
INFO 2026-07-28 12:34:45,318 basehttp 5424 3708 "GET /api/code-review/submissions/90a55de4-574f-4d6f-a0d1-70ae5fe1f9e5/ HTTP/1.1" 200 2566
INFO 2026-07-28 12:34:45,495 basehttp 5424 3708 "GET /api/code-review/submissions/90a55de4-574f-4d6f-a0d1-70ae5fe1f9e5/ HTTP/1.1" 200 2566
INFO 2026-07-28 16:03:15,611 autoreload 23484 4716 Watching for file changes with StatReloader
INFO 2026-07-28 16:03:39,025 basehttp 23484 8468 "GET / HTTP/1.1" 200 515
WARNING 2026-07-28 16:03:39,279 basehttp 23484 8468 "GET /favicon.ico HTTP/1.1" 404 4652
INFO 2026-07-28 16:05:55,782 basehttp 23484 7944 "OPTIONS /api/accounts/login/ HTTP/1.1" 200 0
INFO 2026-07-28 16:05:59,271 basehttp 23484 2828 "POST /api/accounts/login/ HTTP/1.1" 200 1212
INFO 2026-07-28 16:05:59,859 basehttp 23484 7944 "OPTIONS /api/code-review/stats/ HTTP/1.1" 200 0
INFO 2026-07-28 16:05:59,859 basehttp 23484 18428 "OPTIONS /api/code-review/stats/ HTTP/1.1" 200 0
INFO 2026-07-28 16:06:00,203 basehttp 23484 2828 "GET /api/code-review/stats/ HTTP/1.1" 200 145
INFO 2026-07-28 16:06:00,219 basehttp 23484 18428 "OPTIONS /api/code-review/submissions/ HTTP/1.1" 200 0
INFO 2026-07-28 16:06:00,375 basehttp 23484 2828 "GET /api/code-review/stats/ HTTP/1.1" 200 145
INFO 2026-07-28 16:06:00,500 basehttp 23484 22552 "GET /api/code-review/submissions/ HTTP/1.1" 200 192211
INFO 2026-07-28 16:06:00,807 basehttp 23484 2828 "GET /api/code-review/submissions/ HTTP/1.1" 200 192211
INFO 2026-07-28 16:06:06,334 basehttp 23484 18428 "OPTIONS /api/code-review/languages/ HTTP/1.1" 200 0
INFO 2026-07-28 16:06:06,334 basehttp 23484 7944 "OPTIONS /api/code-review/languages/ HTTP/1.1" 200 0
INFO 2026-07-28 16:06:06,544 basehttp 23484 2828 "GET /api/code-review/languages/ HTTP/1.1" 200 1587
INFO 2026-07-28 16:06:06,671 basehttp 23484 2828 "GET /api/code-review/languages/ HTTP/1.1" 200 1587
INFO 2026-07-28 16:06:14,298 basehttp 23484 2828 "GET /api/code-review/stats/ HTTP/1.1" 200 145
INFO 2026-07-28 16:06:14,689 basehttp 23484 2828 "GET /api/code-review/stats/ HTTP/1.1" 200 145
INFO 2026-07-28 16:06:14,813 basehttp 23484 22552 "GET /api/code-review/submissions/ HTTP/1.1" 200 192211
INFO 2026-07-28 16:06:15,253 basehttp 23484 2828 "GET /api/code-review/submissions/ HTTP/1.1" 200 192211
INFO 2026-07-28 16:08:07,438 basehttp 23484 2828 "GET /api/code-review/languages/ HTTP/1.1" 200 1587
INFO 2026-07-28 16:08:07,674 basehttp 23484 2828 "GET /api/code-review/languages/ HTTP/1.1" 200 1587
INFO 2026-07-28 16:08:49,253 basehttp 23484 1092 "POST /api/code-review/submissions/ HTTP/1.1" 201 1172
INFO 2026-07-28 16:08:49,587 basehttp 23484 8576 "OPTIONS /api/code-review/initiate-review/ HTTP/1.1" 200 0
INFO 2026-07-28 16:08:50,082 basehttp 23484 1092 "POST /api/code-review/initiate-review/ HTTP/1.1" 200 2029
INFO 2026-07-28 16:08:53,398 basehttp 23484 1092 "GET /api/code-review/stats/ HTTP/1.1" 200 144
INFO 2026-07-28 16:08:53,727 basehttp 23484 1092 "GET /api/code-review/stats/ HTTP/1.1" 200 144
INFO 2026-07-28 16:08:53,836 basehttp 23484 5076 "GET /api/code-review/submissions/ HTTP/1.1" 200 195208
INFO 2026-07-28 16:08:54,174 basehttp 23484 1092 "GET /api/code-review/submissions/ HTTP/1.1" 200 195208
INFO 2026-07-28 16:08:56,852 basehttp 23484 8576 "OPTIONS /api/code-review/submissions/aae87d92-1673-4c80-8c20-8dcaeb0674e8/ HTTP/1.1" 200 0
INFO 2026-07-28 16:08:56,853 basehttp 23484 4404 "OPTIONS /api/code-review/submissions/aae87d92-1673-4c80-8c20-8dcaeb0674e8/ HTTP/1.1" 200 0
INFO 2026-07-28 16:08:57,139 basehttp 23484 1092 "GET /api/code-review/submissions/aae87d92-1673-4c80-8c20-8dcaeb0674e8/ HTTP/1.1" 200 2996
INFO 2026-07-28 16:08:57,310 basehttp 23484 1092 "GET /api/code-review/submissions/aae87d92-1673-4c80-8c20-8dcaeb0674e8/ HTTP/1.1" 200 2996
INFO 2026-07-28 16:59:00,028 autoreload 9944 13548 Watching for file changes with StatReloader
INFO 2026-07-28 16:59:25,927 basehttp 9944 13192 "POST /api/accounts/login/ HTTP/1.1" 200 1212
INFO 2026-07-28 16:59:26,704 basehttp 9944 13192 "GET /api/code-review/stats/ HTTP/1.1" 200 144
INFO 2026-07-28 16:59:26,875 basehttp 9944 13192 "GET /api/code-review/stats/ HTTP/1.1" 200 144
INFO 2026-07-28 16:59:26,944 basehttp 9944 12012 "GET /api/code-review/submissions/ HTTP/1.1" 200 195208
INFO 2026-07-28 16:59:27,126 basehttp 9944 13192 "GET /api/code-review/submissions/ HTTP/1.1" 200 195208
INFO 2026-07-28 16:59:33,194 basehttp 9944 13192 "GET /api/code-review/languages/ HTTP/1.1" 200 1587
INFO 2026-07-28 16:59:33,290 basehttp 9944 13192 "GET /api/code-review/languages/ HTTP/1.1" 200 1587
INFO 2026-07-28 16:59:47,722 basehttp 9944 13192 "POST /api/code-review/submissions/ HTTP/1.1" 201 1344
INFO 2026-07-28 16:59:48,070 basehttp 9944 13192 "POST /api/code-review/initiate-review/ HTTP/1.1" 200 1280
INFO 2026-07-28 16:59:51,309 basehttp 9944 13192 "GET /api/code-review/stats/ HTTP/1.1" 200 145
INFO 2026-07-28 16:59:51,415 basehttp 9944 13192 "GET /api/code-review/stats/ HTTP/1.1" 200 145
INFO 2026-07-28 16:59:51,490 basehttp 9944 12012 "GET /api/code-review/submissions/ HTTP/1.1" 200 197629
INFO 2026-07-28 16:59:51,647 basehttp 9944 13192 "GET /api/code-review/submissions/ HTTP/1.1" 200 197629
INFO 2026-07-28 16:59:55,700 basehttp 9944 10724 "OPTIONS /api/code-review/submissions/eab87998-e2d6-47e8-8f86-618fa47b6be8/ HTTP/1.1" 200 0
INFO 2026-07-28 16:59:55,701 basehttp 9944 17108 "OPTIONS /api/code-review/submissions/eab87998-e2d6-47e8-8f86-618fa47b6be8/ HTTP/1.1" 200 0
INFO 2026-07-28 16:59:55,796 basehttp 9944 13192 "GET /api/code-review/submissions/eab87998-e2d6-47e8-8f86-618fa47b6be8/ HTTP/1.1" 200 2419
INFO 2026-07-28 16:59:56,126 basehttp 9944 13192 "GET /api/code-review/submissions/eab87998-e2d6-47e8-8f86-618fa47b6be8/ HTTP/1.1" 200 2419
INFO 2026-07-28 18:59:30,964 autoreload 10356 20060 Watching for file changes with StatReloader
INFO 2026-07-29 10:14:54,328 autoreload 17532 18480 Watching for file changes with StatReloader
INFO 2026-07-29 10:15:52,330 basehttp 17532 6424 "OPTIONS /api/accounts/login/ HTTP/1.1" 200 0
INFO 2026-07-29 10:15:55,495 basehttp 17532 13956 "POST /api/accounts/login/ HTTP/1.1" 200 1212
INFO 2026-07-29 10:15:56,084 basehttp 17532 10164 "OPTIONS /api/code-review/stats/ HTTP/1.1" 200 0
INFO 2026-07-29 10:15:56,085 basehttp 17532 6424 "OPTIONS /api/code-review/stats/ HTTP/1.1" 200 0
INFO 2026-07-29 10:15:56,253 basehttp 17532 13956 "GET /api/code-review/stats/ HTTP/1.1" 200 145
INFO 2026-07-29 10:15:56,266 basehttp 17532 10164 "OPTIONS /api/code-review/submissions/ HTTP/1.1" 200 0
INFO 2026-07-29 10:15:56,538 basehttp 17532 21636 "GET /api/code-review/submissions/ HTTP/1.1" 200 197629
INFO 2026-07-29 10:15:56,568 basehttp 17532 13956 "GET /api/code-review/stats/ HTTP/1.1" 200 145
INFO 2026-07-29 10:15:57,133 basehttp 17532 13956 "GET /api/code-review/submissions/ HTTP/1.1" 200 197629
INFO 2026-07-29 10:16:13,600 basehttp 17532 10164 "OPTIONS /api/code-review/languages/ HTTP/1.1" 200 0
INFO 2026-07-29 10:16:13,601 basehttp 17532 6424 "OPTIONS /api/code-review/languages/ HTTP/1.1" 200 0
INFO 2026-07-29 10:16:13,805 basehttp 17532 13956 "GET /api/code-review/languages/ HTTP/1.1" 200 1587
INFO 2026-07-29 10:16:14,101 basehttp 17532 13956 "GET /api/code-review/languages/ HTTP/1.1" 200 1587
INFO 2026-07-29 10:16:26,862 basehttp 17532 13956 "POST /api/code-review/submissions/ HTTP/1.1" 201 6804
INFO 2026-07-29 10:16:26,881 basehttp 17532 6424 "OPTIONS /api/code-review/initiate-review/ HTTP/1.1" 200 0
INFO 2026-07-29 10:16:27,330 basehttp 17532 13956 "POST /api/code-review/initiate-review/ HTTP/1.1" 200 6065
INFO 2026-07-29 10:16:31,380 basehttp 17532 13956 "GET /api/code-review/stats/ HTTP/1.1" 200 146
INFO 2026-07-29 10:16:31,591 basehttp 17532 13956 "GET /api/code-review/stats/ HTTP/1.1" 200 146
INFO 2026-07-29 10:16:31,660 basehttp 17532 21636 "GET /api/code-review/submissions/ HTTP/1.1" 200 210294
INFO 2026-07-29 10:16:31,939 basehttp 17532 13956 "GET /api/code-review/submissions/ HTTP/1.1" 200 210294
INFO 2026-07-29 10:17:13,286 basehttp 17532 6424 "OPTIONS /api/code-review/submissions/dfedd1c6-3971-460c-b404-8dcdba48bc19/ HTTP/1.1" 200 0
INFO 2026-07-29 10:17:13,288 basehttp 17532 10164 "OPTIONS /api/code-review/submissions/dfedd1c6-3971-460c-b404-8dcdba48bc19/ HTTP/1.1" 200 0
INFO 2026-07-29 10:17:13,523 basehttp 17532 13956 "GET /api/code-review/submissions/dfedd1c6-3971-460c-b404-8dcdba48bc19/ HTTP/1.1" 200 12664
INFO 2026-07-29 10:17:13,672 basehttp 17532 13956 "GET /api/code-review/submissions/dfedd1c6-3971-460c-b404-8dcdba48bc19/ HTTP/1.1" 200 12664
INFO 2026-07-29 10:23:36,322 autoreload 17532 18480 C:\ai-code-review-platform\backend\code_review\views.py changed, reloading.
INFO 2026-07-29 10:23:43,015 autoreload 20180 21300 Watching for file changes with StatReloader
INFO 2026-07-29 10:26:46,083 autoreload 20180 21300 C:\ai-code-review-platform\backend\code_review\views.py changed, reloading.
INFO 2026-07-29 10:26:49,883 autoreload 6172 17008 Watching for file changes with StatReloader
INFO 2026-07-29 10:27:33,347 basehttp 6172 20872 "OPTIONS /api/accounts/profile/ HTTP/1.1" 200 0
INFO 2026-07-29 10:27:33,352 basehttp 6172 2796 "OPTIONS /api/accounts/profile/ HTTP/1.1" 200 0
INFO 2026-07-29 10:27:33,354 basehttp 6172 15176 "OPTIONS /api/accounts/profile/ HTTP/1.1" 200 0
INFO 2026-07-29 10:27:33,355 basehttp 6172 12440 "OPTIONS /api/accounts/profile/ HTTP/1.1" 200 0
INFO 2026-07-29 10:27:34,432 basehttp 6172 12356 "GET /api/accounts/profile/ HTTP/1.1" 200 562
INFO 2026-07-29 10:27:34,646 basehttp 6172 12356 "GET /api/accounts/profile/ HTTP/1.1" 200 562
INFO 2026-07-29 10:27:34,800 basehttp 6172 12356 "GET /api/accounts/profile/ HTTP/1.1" 200 562
INFO 2026-07-29 10:27:34,979 basehttp 6172 12356 "GET /api/accounts/profile/ HTTP/1.1" 200 562
INFO 2026-07-29 10:27:50,715 basehttp 6172 12356 "POST /api/accounts/login/ HTTP/1.1" 200 1212
INFO 2026-07-29 10:27:51,476 basehttp 6172 12356 "GET /api/code-review/stats/ HTTP/1.1" 200 146
INFO 2026-07-29 10:27:51,657 basehttp 6172 12356 "GET /api/code-review/stats/ HTTP/1.1" 200 146
INFO 2026-07-29 10:27:51,748 basehttp 6172 3300 "GET /api/code-review/submissions/ HTTP/1.1" 200 210294
INFO 2026-07-29 10:27:52,096 basehttp 6172 12356 "GET /api/code-review/submissions/ HTTP/1.1" 200 210294
INFO 2026-07-29 10:27:57,566 basehttp 6172 12356 "GET /api/code-review/submissions/dfedd1c6-3971-460c-b404-8dcdba48bc19/ HTTP/1.1" 200 12664
INFO 2026-07-29 10:27:57,797 basehttp 6172 12356 "GET /api/code-review/submissions/dfedd1c6-3971-460c-b404-8dcdba48bc19/ HTTP/1.1" 200 12664
INFO 2026-07-29 10:28:36,643 basehttp 6172 12356 "GET /api/code-review/stats/ HTTP/1.1" 200 146
INFO 2026-07-29 10:28:36,854 basehttp 6172 12356 "GET /api/code-review/stats/ HTTP/1.1" 200 146
INFO 2026-07-29 10:28:36,935 basehttp 6172 3300 "GET /api/code-review/submissions/ HTTP/1.1" 200 210294
INFO 2026-07-29 10:28:37,184 basehttp 6172 12356 "GET /api/code-review/submissions/ HTTP/1.1" 200 210294
INFO 2026-07-29 10:28:39,185 basehttp 6172 12356 "GET /api/code-review/languages/ HTTP/1.1" 200 1587
INFO 2026-07-29 10:28:39,443 basehttp 6172 12356 "GET /api/code-review/languages/ HTTP/1.1" 200 1587
INFO 2026-07-29 10:33:34,201 autoreload 6172 17008 C:\ai-code-review-platform\backend\code_review\views.py changed, reloading.
INFO 2026-07-29 10:33:38,643 autoreload 14096 23448 Watching for file changes with StatReloader
INFO 2026-07-29 10:33:50,660 basehttp 14096 23516 "GET /api/code-review/stats/ HTTP/1.1" 200 146
INFO 2026-07-29 10:33:51,008 basehttp 14096 23516 "GET /api/code-review/stats/ HTTP/1.1" 200 146
INFO 2026-07-29 10:33:51,265 basehttp 14096 5224 "GET /api/code-review/submissions/ HTTP/1.1" 200 210294
INFO 2026-07-29 10:33:51,773 basehttp 14096 23516 "GET /api/code-review/submissions/ HTTP/1.1" 200 210294
INFO 2026-07-29 10:33:55,407 basehttp 14096 23516 "GET /api/code-review/languages/ HTTP/1.1" 200 1587
INFO 2026-07-29 10:33:55,697 basehttp 14096 23516 "GET /api/code-review/languages/ HTTP/1.1" 200 1587
INFO 2026-07-29 10:38:09,261 basehttp 14096 23516 "GET /api/accounts/profile/ HTTP/1.1" 200 562
INFO 2026-07-29 10:38:09,472 basehttp 14096 23516 "GET /api/accounts/profile/ HTTP/1.1" 200 562
INFO 2026-07-29 10:38:21,454 basehttp 14096 23516 "POST /api/accounts/login/ HTTP/1.1" 200 1212
INFO 2026-07-29 10:38:22,230 basehttp 14096 23516 "GET /api/code-review/stats/ HTTP/1.1" 200 146
INFO 2026-07-29 10:38:22,433 basehttp 14096 23516 "GET /api/code-review/stats/ HTTP/1.1" 200 146
INFO 2026-07-29 10:38:22,516 basehttp 14096 5224 "GET /api/code-review/submissions/ HTTP/1.1" 200 210294
INFO 2026-07-29 10:38:22,857 basehttp 14096 23516 "GET /api/code-review/submissions/ HTTP/1.1" 200 210294
INFO 2026-07-29 10:38:34,709 basehttp 14096 23516 "DELETE /api/code-review/submissions/dfedd1c6-3971-460c-b404-8dcdba48bc19/ HTTP/1.1" 204 0
INFO 2026-07-29 10:38:34,915 basehttp 14096 23516 "GET /api/code-review/stats/ HTTP/1.1" 200 145
INFO 2026-07-29 10:38:35,128 basehttp 14096 23516 "GET /api/code-review/stats/ HTTP/1.1" 200 145
INFO 2026-07-29 10:38:35,430 basehttp 14096 23516 "GET /api/code-review/submissions/ HTTP/1.1" 200 197629
INFO 2026-07-29 10:38:39,389 basehttp 14096 8904 "OPTIONS /api/code-review/submissions/eab87998-e2d6-47e8-8f86-618fa47b6be8/ HTTP/1.1" 200 0
INFO 2026-07-29 10:38:39,706 basehttp 14096 23516 "DELETE /api/code-review/submissions/eab87998-e2d6-47e8-8f86-618fa47b6be8/ HTTP/1.1" 204 0
INFO 2026-07-29 10:38:39,986 basehttp 14096 23516 "GET /api/code-review/stats/ HTTP/1.1" 200 144
INFO 2026-07-29 10:38:40,231 basehttp 14096 23516 "GET /api/code-review/stats/ HTTP/1.1" 200 144
INFO 2026-07-29 10:38:40,632 basehttp 14096 23516 "GET /api/code-review/submissions/ HTTP/1.1" 200 195208
INFO 2026-07-29 10:38:43,679 basehttp 14096 8904 "OPTIONS /api/code-review/submissions/aae87d92-1673-4c80-8c20-8dcaeb0674e8/ HTTP/1.1" 200 0
INFO 2026-07-29 10:38:44,104 basehttp 14096 23516 "DELETE /api/code-review/submissions/aae87d92-1673-4c80-8c20-8dcaeb0674e8/ HTTP/1.1" 204 0
INFO 2026-07-29 10:38:44,414 basehttp 14096 23516 "GET /api/code-review/stats/ HTTP/1.1" 200 145
INFO 2026-07-29 10:38:44,638 basehttp 14096 23516 "GET /api/code-review/stats/ HTTP/1.1" 200 145
INFO 2026-07-29 10:38:45,078 basehttp 14096 23516 "GET /api/code-review/submissions/ HTTP/1.1" 200 192211
INFO 2026-07-29 10:38:47,829 basehttp 14096 8904 "OPTIONS /api/code-review/submissions/c400594c-71d3-44e9-bdd3-79f7ac8752a0/ HTTP/1.1" 200 0
INFO 2026-07-29 10:38:48,178 basehttp 14096 23516 "DELETE /api/code-review/submissions/c400594c-71d3-44e9-bdd3-79f7ac8752a0/ HTTP/1.1" 204 0
INFO 2026-07-29 10:38:48,571 basehttp 14096 23516 "GET /api/code-review/stats/ HTTP/1.1" 200 144
INFO 2026-07-29 10:38:48,774 basehttp 14096 23516 "GET /api/code-review/stats/ HTTP/1.1" 200 144
INFO 2026-07-29 10:38:49,231 basehttp 14096 23516 "GET /api/code-review/submissions/ HTTP/1.1" 200 184009
INFO 2026-07-29 10:38:52,439 basehttp 14096 8904 "OPTIONS /api/code-review/submissions/1a2f3631-ca46-4b02-ab9c-4a1ec6ba6dc2/ HTTP/1.1" 200 0
INFO 2026-07-29 10:38:52,884 basehttp 14096 23516 "DELETE /api/code-review/submissions/1a2f3631-ca46-4b02-ab9c-4a1ec6ba6dc2/ HTTP/1.1" 204 0
INFO 2026-07-29 10:38:53,165 basehttp 14096 23516 "GET /api/code-review/stats/ HTTP/1.1" 200 145
INFO 2026-07-29 10:38:53,356 basehttp 14096 23516 "GET /api/code-review/stats/ HTTP/1.1" 200 145
INFO 2026-07-29 10:38:53,668 basehttp 14096 23516 "GET /api/code-review/submissions/ HTTP/1.1" 200 127130
INFO 2026-07-29 10:38:56,809 basehttp 14096 8904 "OPTIONS /api/code-review/submissions/ca43a68a-117a-403f-90ef-4ecfdfffe04e/ HTTP/1.1" 200 0
INFO 2026-07-29 10:38:57,169 basehttp 14096 23516 "DELETE /api/code-review/submissions/ca43a68a-117a-403f-90ef-4ecfdfffe04e/ HTTP/1.1" 204 0
INFO 2026-07-29 10:38:57,384 basehttp 14096 23516 "GET /api/code-review/stats/ HTTP/1.1" 200 145
INFO 2026-07-29 10:38:57,691 basehttp 14096 23516 "GET /api/code-review/stats/ HTTP/1.1" 200 145
INFO 2026-07-29 10:38:57,963 basehttp 14096 23516 "GET /api/code-review/submissions/ HTTP/1.1" 200 102404
INFO 2026-07-29 10:39:00,620 basehttp 14096 8904 "OPTIONS /api/code-review/submissions/894cfa19-5e5f-42df-b696-1a1827b54811/ HTTP/1.1" 200 0
INFO 2026-07-29 10:39:00,951 basehttp 14096 23516 "DELETE /api/code-review/submissions/894cfa19-5e5f-42df-b696-1a1827b54811/ HTTP/1.1" 204 0
INFO 2026-07-29 10:39:01,354 basehttp 14096 23516 "GET /api/code-review/stats/ HTTP/1.1" 200 143
INFO 2026-07-29 10:39:01,550 basehttp 14096 23516 "GET /api/code-review/stats/ HTTP/1.1" 200 143
INFO 2026-07-29 10:39:01,752 basehttp 14096 23516 "GET /api/code-review/submissions/ HTTP/1.1" 200 68567
INFO 2026-07-29 10:39:04,635 basehttp 14096 8904 "OPTIONS /api/code-review/submissions/4786260d-9e06-4d00-bfb0-afacc11ba4e3/ HTTP/1.1" 200 0
INFO 2026-07-29 10:39:04,948 basehttp 14096 23516 "DELETE /api/code-review/submissions/4786260d-9e06-4d00-bfb0-afacc11ba4e3/ HTTP/1.1" 204 0
INFO 2026-07-29 10:39:05,172 basehttp 14096 23516 "GET /api/code-review/stats/ HTTP/1.1" 200 143
INFO 2026-07-29 10:39:05,356 basehttp 14096 23516 "GET /api/code-review/stats/ HTTP/1.1" 200 143
INFO 2026-07-29 10:39:05,551 basehttp 14096 23516 "GET /api/code-review/submissions/ HTTP/1.1" 200 51398
INFO 2026-07-29 10:39:08,258 basehttp 14096 8904 "OPTIONS /api/code-review/submissions/68c1fe23-5a3a-4bdd-9dff-771b22b0daec/ HTTP/1.1" 200 0
INFO 2026-07-29 10:39:08,543 basehttp 14096 23516 "DELETE /api/code-review/submissions/68c1fe23-5a3a-4bdd-9dff-771b22b0daec/ HTTP/1.1" 204 0
INFO 2026-07-29 10:39:08,770 basehttp 14096 23516 "GET /api/code-review/stats/ HTTP/1.1" 200 140
INFO 2026-07-29 10:39:08,961 basehttp 14096 23516 "GET /api/code-review/stats/ HTTP/1.1" 200 140
INFO 2026-07-29 10:39:09,141 basehttp 14096 23516 "GET /api/code-review/submissions/ HTTP/1.1" 200 20950
INFO 2026-07-29 10:41:17,235 autoreload 14096 23448 C:\ai-code-review-platform\backend\code_review\views.py changed, reloading.
INFO 2026-07-29 10:41:23,383 autoreload 2988 2068 Watching for file changes with StatReloader
INFO 2026-07-29 10:42:10,959 basehttp 2988 23520 "GET /api/code-review/languages/ HTTP/1.1" 200 1587
INFO 2026-07-29 10:42:11,163 basehttp 2988 23520 "GET /api/code-review/languages/ HTTP/1.1" 200 1587
INFO 2026-07-29 10:46:43,952 autoreload 2988 2068 C:\ai-code-review-platform\backend\code_review\views.py changed, reloading.
INFO 2026-07-29 10:46:49,628 autoreload 12052 6516 Watching for file changes with StatReloader
INFO 2026-07-29 10:46:54,741 basehttp 12052 23136 "GET /api/accounts/profile/ HTTP/1.1" 200 562
INFO 2026-07-29 10:46:54,899 basehttp 12052 23136 "GET /api/accounts/profile/ HTTP/1.1" 200 562
INFO 2026-07-29 10:46:55,067 basehttp 12052 23136 "GET /api/accounts/profile/ HTTP/1.1" 200 562
INFO 2026-07-29 10:46:55,445 basehttp 12052 23136 "GET /api/accounts/profile/ HTTP/1.1" 200 562
INFO 2026-07-29 10:47:11,712 basehttp 12052 23136 "POST /api/accounts/login/ HTTP/1.1" 200 1212
INFO 2026-07-29 10:47:12,466 basehttp 12052 23136 "GET /api/code-review/stats/ HTTP/1.1" 200 140
INFO 2026-07-29 10:47:12,660 basehttp 12052 23136 "GET /api/code-review/stats/ HTTP/1.1" 200 140
INFO 2026-07-29 10:47:12,685 basehttp 12052 4448 "GET /api/code-review/submissions/ HTTP/1.1" 200 20950
INFO 2026-07-29 10:47:12,860 basehttp 12052 4448 "GET /api/code-review/submissions/ HTTP/1.1" 200 20950
INFO 2026-07-29 10:47:15,677 basehttp 12052 4448 "GET /api/code-review/languages/ HTTP/1.1" 200 1587
INFO 2026-07-29 10:47:15,831 basehttp 12052 4448 "GET /api/code-review/languages/ HTTP/1.1" 200 1587
INFO 2026-07-29 10:51:29,900 basehttp 12052 19364 "GET /api/code-review/languages/ HTTP/1.1" 200 1587
INFO 2026-07-29 10:51:38,405 basehttp 12052 19364 "GET /api/code-review/languages/ HTTP/1.1" 200 1587
INFO 2026-07-29 10:51:56,435 basehttp 12052 19364 "GET /api/code-review/languages/ HTTP/1.1" 200 1587
INFO 2026-07-29 10:52:09,086 basehttp 12052 19364 "GET /api/code-review/stats/ HTTP/1.1" 200 140
INFO 2026-07-29 10:52:09,332 basehttp 12052 19364 "GET /api/code-review/stats/ HTTP/1.1" 200 140
INFO 2026-07-29 10:52:09,350 basehttp 12052 4184 "GET /api/code-review/submissions/ HTTP/1.1" 200 20950
INFO 2026-07-29 10:52:09,570 basehttp 12052 4184 "GET /api/code-review/submissions/ HTTP/1.1" 200 20950
INFO 2026-07-29 10:52:14,977 basehttp 12052 4184 "GET /api/code-review/languages/ HTTP/1.1" 200 1587
INFO 2026-07-29 10:52:15,230 basehttp 12052 4184 "GET /api/code-review/languages/ HTTP/1.1" 200 1587
INFO 2026-07-29 10:57:13,572 basehttp 12052 4184 "GET /api/code-review/languages/ HTTP/1.1" 200 1587
INFO 2026-07-29 10:58:24,135 basehttp 12052 4184 "GET /api/code-review/stats/ HTTP/1.1" 200 140
INFO 2026-07-29 10:58:24,428 basehttp 12052 4184 "GET /api/code-review/stats/ HTTP/1.1" 200 140
INFO 2026-07-29 10:58:24,756 basehttp 12052 4184 "GET /api/code-review/submissions/ HTTP/1.1" 200 20950
INFO 2026-07-29 10:58:25,068 basehttp 12052 13844 "GET /api/code-review/submissions/ HTTP/1.1" 200 20950
INFO 2026-07-29 10:58:28,159 basehttp 12052 13844 "GET /api/code-review/languages/ HTTP/1.1" 200 1587
INFO 2026-07-29 10:58:28,398 basehttp 12052 13844 "GET /api/code-review/languages/ HTTP/1.1" 200 1587
INFO 2026-07-29 11:01:04,451 basehttp 12052 13844 "GET /api/code-review/languages/ HTTP/1.1" 200 1587
INFO 2026-07-29 11:02:50,586 basehttp 12052 13844 "GET /api/code-review/languages/ HTTP/1.1" 200 1587
INFO 2026-07-29 11:03:13,884 basehttp 12052 13844 "POST /api/accounts/login/ HTTP/1.1" 200 1212
INFO 2026-07-29 11:03:14,652 basehttp 12052 13844 "GET /api/code-review/stats/ HTTP/1.1" 200 140
INFO 2026-07-29 11:03:14,882 basehttp 12052 13844 "GET /api/code-review/stats/ HTTP/1.1" 200 140
INFO 2026-07-29 11:03:14,883 basehttp 12052 4184 "GET /api/code-review/submissions/ HTTP/1.1" 200 20950
INFO 2026-07-29 11:03:15,037 basehttp 12052 4184 "GET /api/code-review/submissions/ HTTP/1.1" 200 20950
INFO 2026-07-29 11:03:24,986 basehttp 12052 4184 "GET /api/code-review/languages/ HTTP/1.1" 200 1587
INFO 2026-07-29 11:03:25,149 basehttp 12052 4184 "GET /api/code-review/languages/ HTTP/1.1" 200 1587
INFO 2026-07-29 11:22:54,788 basehttp 12052 5896 "GET /api/code-review/languages/ HTTP/1.1" 200 1587
WARNING 2026-07-29 11:23:05,488 basehttp 12052 5896 "GET /api/code-review/stats/ HTTP/1.1" 401 58
WARNING 2026-07-29 11:23:05,493 basehttp 12052 5896 "GET /api/code-review/stats/ HTTP/1.1" 401 58
INFO 2026-07-29 11:23:17,838 basehttp 12052 5896 "GET /api/code-review/languages/ HTTP/1.1" 200 1587
INFO 2026-07-29 11:23:17,908 basehttp 12052 5896 "GET /api/code-review/languages/ HTTP/1.1" 200 1587
INFO 2026-07-29 11:28:12,061 autoreload 12052 6516 C:\ai-code-review-platform\backend\code_review\views.py changed, reloading.
INFO 2026-07-29 11:28:14,480 autoreload 9324 18612 Watching for file changes with StatReloader
WARNING 2026-07-29 11:28:22,735 basehttp 9324 19024 "GET /api/code-review/stats/ HTTP/1.1" 401 58
WARNING 2026-07-29 11:28:22,740 basehttp 9324 19024 "GET /api/code-review/stats/ HTTP/1.1" 401 58
INFO 2026-07-29 11:28:25,518 basehttp 9324 19024 "GET /api/code-review/languages/ HTTP/1.1" 200 1587
INFO 2026-07-29 11:28:25,607 basehttp 9324 19024 "GET /api/code-review/languages/ HTTP/1.1" 200 1587
INFO 2026-07-29 11:33:47,431 autoreload 9324 18612 C:\ai-code-review-platform\backend\code_review\views.py changed, reloading.
INFO 2026-07-29 11:33:49,053 autoreload 21836 22828 Watching for file changes with StatReloader
WARNING 2026-07-29 11:33:55,799 basehttp 21836 20044 "GET /api/code-review/stats/ HTTP/1.1" 401 58
WARNING 2026-07-29 11:33:55,804 basehttp 21836 20044 "GET /api/code-review/stats/ HTTP/1.1" 401 58
INFO 2026-07-29 11:34:05,291 basehttp 21836 20044 "GET /api/code-review/languages/ HTTP/1.1" 200 1587
INFO 2026-07-29 11:34:05,504 basehttp 21836 20044 "GET /api/code-review/languages/ HTTP/1.1" 200 1587
INFO 2026-07-29 11:38:20,421 autoreload 21836 22828 C:\ai-code-review-platform\backend\code_review\views.py changed, reloading.
INFO 2026-07-29 11:38:22,044 autoreload 13396 22100 Watching for file changes with StatReloader
WARNING 2026-07-29 11:38:30,853 basehttp 13396 5856 "GET /api/code-review/stats/ HTTP/1.1" 401 58
WARNING 2026-07-29 11:38:30,866 basehttp 13396 5856 "GET /api/code-review/stats/ HTTP/1.1" 401 58
INFO 2026-07-29 11:38:33,776 basehttp 13396 5856 "GET /api/code-review/languages/ HTTP/1.1" 200 1587
INFO 2026-07-29 11:38:33,865 basehttp 13396 5856 "GET /api/code-review/languages/ HTTP/1.1" 200 1587
INFO 2026-07-29 11:42:36,076 autoreload 13396 22100 C:\ai-code-review-platform\backend\code_review\views.py changed, reloading.
INFO 2026-07-29 11:42:37,723 autoreload 5772 13192 Watching for file changes with StatReloader
WARNING 2026-07-29 11:42:44,937 basehttp 5772 12064 "GET /api/code-review/stats/ HTTP/1.1" 401 58
WARNING 2026-07-29 11:42:44,949 basehttp 5772 12064 "GET /api/code-review/stats/ HTTP/1.1" 401 58
INFO 2026-07-29 11:42:47,882 basehttp 5772 12064 "GET /api/code-review/languages/ HTTP/1.1" 200 1587
INFO 2026-07-29 11:42:47,966 basehttp 5772 12064 "GET /api/code-review/languages/ HTTP/1.1" 200 1587
INFO 2026-07-29 11:44:29,898 autoreload 21872 12672 Watching for file changes with StatReloader
INFO 2026-07-29 11:45:40,224 basehttp 21872 7784 "POST /api/accounts/login/ HTTP/1.1" 200 1212
INFO 2026-07-29 11:45:40,996 basehttp 21872 7784 "GET /api/code-review/stats/ HTTP/1.1" 200 140
INFO 2026-07-29 11:45:41,080 basehttp 21872 7784 "GET /api/code-review/stats/ HTTP/1.1" 200 140
INFO 2026-07-29 11:45:41,231 basehttp 21872 21144 "GET /api/code-review/submissions/ HTTP/1.1" 200 20950
INFO 2026-07-29 11:45:41,325 basehttp 21872 7784 "GET /api/code-review/submissions/ HTTP/1.1" 200 20950
INFO 2026-07-29 11:45:48,952 basehttp 21872 12180 "OPTIONS /api/code-review/submissions/90a55de4-574f-4d6f-a0d1-70ae5fe1f9e5/ HTTP/1.1" 200 0
INFO 2026-07-29 11:45:48,967 basehttp 21872 12180 "OPTIONS /api/code-review/submissions/90a55de4-574f-4d6f-a0d1-70ae5fe1f9e5/ HTTP/1.1" 200 0
INFO 2026-07-29 11:45:48,998 basehttp 21872 12180 "OPTIONS /api/code-review/submissions/90a55de4-574f-4d6f-a0d1-70ae5fe1f9e5/ HTTP/1.1" 200 0
INFO 2026-07-29 11:45:49,085 basehttp 21872 21144 "GET /api/code-review/submissions/90a55de4-574f-4d6f-a0d1-70ae5fe1f9e5/ HTTP/1.1" 200 2566
INFO 2026-07-29 11:45:49,106 basehttp 21872 7784 "DELETE /api/code-review/submissions/90a55de4-574f-4d6f-a0d1-70ae5fe1f9e5/ HTTP/1.1" 204 0
WARNING 2026-07-29 11:45:49,161 basehttp 21872 21144 "GET /api/code-review/submissions/90a55de4-574f-4d6f-a0d1-70ae5fe1f9e5/ HTTP/1.1" 404 55
INFO 2026-07-29 11:45:49,431 basehttp 21872 21144 "GET /api/code-review/stats/ HTTP/1.1" 200 140
INFO 2026-07-29 11:45:49,510 basehttp 21872 21144 "GET /api/code-review/stats/ HTTP/1.1" 200 140
INFO 2026-07-29 11:45:49,592 basehttp 21872 21144 "GET /api/code-review/submissions/ HTTP/1.1" 200 18383
INFO 2026-07-29 11:45:54,333 basehttp 21872 21144 "GET /api/code-review/stats/ HTTP/1.1" 200 140
INFO 2026-07-29 11:45:54,413 basehttp 21872 21144 "GET /api/code-review/stats/ HTTP/1.1" 200 140
INFO 2026-07-29 11:45:54,422 basehttp 21872 7784 "GET /api/code-review/submissions/ HTTP/1.1" 200 18383
INFO 2026-07-29 11:45:54,517 basehttp 21872 7784 "GET /api/code-review/submissions/ HTTP/1.1" 200 18383
INFO 2026-07-29 11:45:57,728 basehttp 21872 12180 "OPTIONS /api/code-review/submissions/5f50b978-97f7-42df-9c7e-307c9c205fcc/ HTTP/1.1" 200 0
INFO 2026-07-29 11:45:57,900 basehttp 21872 7784 "DELETE /api/code-review/submissions/5f50b978-97f7-42df-9c7e-307c9c205fcc/ HTTP/1.1" 204 0
INFO 2026-07-29 11:45:57,906 basehttp 21872 21144 "GET /api/code-review/submissions/5f50b978-97f7-42df-9c7e-307c9c205fcc/ HTTP/1.1" 200 18331
WARNING 2026-07-29 11:45:57,991 basehttp 21872 21144 "GET /api/code-review/submissions/5f50b978-97f7-42df-9c7e-307c9c205fcc/ HTTP/1.1" 404 55
INFO 2026-07-29 11:45:58,113 basehttp 21872 7784 "GET /api/code-review/stats/ HTTP/1.1" 200 140
INFO 2026-07-29 11:45:58,191 basehttp 21872 7784 "GET /api/code-review/stats/ HTTP/1.1" 200 140
INFO 2026-07-29 11:45:58,262 basehttp 21872 7784 "GET /api/code-review/submissions/ HTTP/1.1" 200 52
INFO 2026-07-29 11:46:03,166 basehttp 21872 7784 "GET /api/code-review/stats/ HTTP/1.1" 200 140
INFO 2026-07-29 11:46:03,252 basehttp 21872 21144 "GET /api/code-review/submissions/ HTTP/1.1" 200 52
INFO 2026-07-29 11:46:03,261 basehttp 21872 7784 "GET /api/code-review/stats/ HTTP/1.1" 200 140
INFO 2026-07-29 11:46:03,448 basehttp 21872 7784 "GET /api/code-review/submissions/ HTTP/1.1" 200 52
INFO 2026-07-29 11:46:05,854 basehttp 21872 7784 "GET /api/code-review/languages/ HTTP/1.1" 200 1587
INFO 2026-07-29 11:46:06,100 basehttp 21872 7784 "GET /api/code-review/languages/ HTTP/1.1" 200 1587
INFO 2026-07-29 11:46:39,515 basehttp 21872 7784 "POST /api/code-review/submissions/ HTTP/1.1" 201 777
INFO 2026-07-29 11:46:39,701 basehttp 21872 7784 "POST /api/code-review/initiate-review/ HTTP/1.1" 200 926
INFO 2026-07-29 11:46:42,859 basehttp 21872 7784 "GET /api/code-review/stats/ HTTP/1.1" 200 143
INFO 2026-07-29 11:46:42,945 basehttp 21872 7784 "GET /api/code-review/stats/ HTTP/1.1" 200 143
INFO 2026-07-29 11:46:42,962 basehttp 21872 21144 "GET /api/code-review/submissions/ HTTP/1.1" 200 1544
INFO 2026-07-29 11:46:43,062 basehttp 21872 21144 "GET /api/code-review/submissions/ HTTP/1.1" 200 1544
INFO 2026-07-29 11:46:48,857 basehttp 21872 22128 "OPTIONS /api/code-review/submissions/6f19a013-f445-4a6a-a381-414f2cc2955f/ HTTP/1.1" 200 0
INFO 2026-07-29 11:46:48,858 basehttp 21872 12180 "OPTIONS /api/code-review/submissions/6f19a013-f445-4a6a-a381-414f2cc2955f/ HTTP/1.1" 200 0
INFO 2026-07-29 11:46:48,940 basehttp 21872 21144 "GET /api/code-review/submissions/6f19a013-f445-4a6a-a381-414f2cc2955f/ HTTP/1.1" 200 1492
INFO 2026-07-29 11:46:49,013 basehttp 21872 21144 "GET /api/code-review/submissions/6f19a013-f445-4a6a-a381-414f2cc2955f/ HTTP/1.1" 200 1492
INFO 2026-07-29 11:49:12,535 basehttp 21872 21144 "GET /api/code-review/languages/ HTTP/1.1" 200 1587
INFO 2026-07-29 11:49:12,769 basehttp 21872 21144 "GET /api/code-review/languages/ HTTP/1.1" 200 1587
INFO 2026-07-29 11:49:40,437 basehttp 21872 21144 "POST /api/code-review/submissions/ HTTP/1.1" 201 7813
INFO 2026-07-29 11:49:40,599 basehttp 21872 21144 "POST /api/code-review/initiate-review/ HTTP/1.1" 200 9400
INFO 2026-07-29 11:49:43,724 basehttp 21872 21144 "GET /api/code-review/stats/ HTTP/1.1" 200 144
INFO 2026-07-29 11:49:43,811 basehttp 21872 21144 "GET /api/code-review/stats/ HTTP/1.1" 200 144
INFO 2026-07-29 11:49:43,821 basehttp 21872 7784 "GET /api/code-review/submissions/ HTTP/1.1" 200 18550
INFO 2026-07-29 11:49:43,925 basehttp 21872 7784 "GET /api/code-review/submissions/ HTTP/1.1" 200 18550
INFO 2026-07-29 11:49:49,116 basehttp 21872 22128 "OPTIONS /api/code-review/submissions/1a6ab904-16ec-44a0-8cc8-a2d455e5f2c1/ HTTP/1.1" 200 0
INFO 2026-07-29 11:49:49,117 basehttp 21872 12180 "OPTIONS /api/code-review/submissions/1a6ab904-16ec-44a0-8cc8-a2d455e5f2c1/ HTTP/1.1" 200 0
INFO 2026-07-29 11:49:49,208 basehttp 21872 7784 "GET /api/code-review/submissions/1a6ab904-16ec-44a0-8cc8-a2d455e5f2c1/ HTTP/1.1" 200 17005
INFO 2026-07-29 11:49:49,383 basehttp 21872 7784 "GET /api/code-review/submissions/1a6ab904-16ec-44a0-8cc8-a2d455e5f2c1/ HTTP/1.1" 200 17005
INFO 2026-07-29 11:51:18,843 basehttp 21872 7784 "GET /api/code-review/languages/ HTTP/1.1" 200 1587
INFO 2026-07-29 11:51:18,913 basehttp 21872 7784 "GET /api/code-review/languages/ HTTP/1.1" 200 1587
INFO 2026-07-29 11:51:29,228 basehttp 21872 7784 "POST /api/code-review/submissions/ HTTP/1.1" 201 7745
INFO 2026-07-29 11:51:29,376 basehttp 21872 7784 "POST /api/code-review/initiate-review/ HTTP/1.1" 200 9400
INFO 2026-07-29 11:51:32,541 basehttp 21872 7784 "GET /api/code-review/stats/ HTTP/1.1" 200 146
INFO 2026-07-29 11:51:32,654 basehttp 21872 7784 "GET /api/code-review/stats/ HTTP/1.1" 200 146
INFO 2026-07-29 11:51:32,663 basehttp 21872 21144 "GET /api/code-review/submissions/ HTTP/1.1" 200 35488
INFO 2026-07-29 11:51:32,765 basehttp 21872 21144 "GET /api/code-review/submissions/ HTTP/1.1" 200 35488
INFO 2026-07-29 11:51:35,377 basehttp 21872 12180 "OPTIONS /api/code-review/submissions/245ce326-fba1-43cf-ab3c-50ac75e51371/ HTTP/1.1" 200 0
INFO 2026-07-29 11:51:35,378 basehttp 21872 22128 "OPTIONS /api/code-review/submissions/245ce326-fba1-43cf-ab3c-50ac75e51371/ HTTP/1.1" 200 0
INFO 2026-07-29 11:51:35,461 basehttp 21872 21144 "GET /api/code-review/submissions/245ce326-fba1-43cf-ab3c-50ac75e51371/ HTTP/1.1" 200 16937
INFO 2026-07-29 11:51:35,531 basehttp 21872 21144 "GET /api/code-review/submissions/245ce326-fba1-43cf-ab3c-50ac75e51371/ HTTP/1.1" 200 16937
INFO 2026-07-29 11:56:16,942 basehttp 21872 21144 "GET /api/code-review/stats/ HTTP/1.1" 200 146
INFO 2026-07-29 11:56:17,032 basehttp 21872 21144 "GET /api/code-review/stats/ HTTP/1.1" 200 146
INFO 2026-07-29 11:56:17,043 basehttp 21872 7784 "GET /api/code-review/submissions/ HTTP/1.1" 200 35488
INFO 2026-07-29 11:56:17,132 basehttp 21872 7784 "GET /api/code-review/submissions/ HTTP/1.1" 200 35488
INFO 2026-07-29 11:56:18,943 basehttp 21872 7784 "GET /api/code-review/languages/ HTTP/1.1" 200 1587
INFO 2026-07-29 11:56:19,024 basehttp 21872 7784 "GET /api/code-review/languages/ HTTP/1.1" 200 1587
INFO 2026-07-29 11:59:55,484 basehttp 21872 7784 "GET /api/code-review/languages/ HTTP/1.1" 200 1587
INFO 2026-07-29 12:05:55,862 basehttp 21872 14832 "GET /api/code-review/languages/ HTTP/1.1" 200 1587
INFO 2026-07-29 12:06:18,884 basehttp 21872 14832 "POST /api/accounts/login/ HTTP/1.1" 200 1212
INFO 2026-07-29 12:06:19,545 basehttp 21872 14832 "GET /api/code-review/stats/ HTTP/1.1" 200 146
INFO 2026-07-29 12:06:19,649 basehttp 21872 14832 "GET /api/code-review/stats/ HTTP/1.1" 200 146
INFO 2026-07-29 12:06:19,657 basehttp 21872 4404 "GET /api/code-review/submissions/ HTTP/1.1" 200 35488
INFO 2026-07-29 12:06:19,762 basehttp 21872 14832 "GET /api/code-review/submissions/ HTTP/1.1" 200 35488
INFO 2026-07-29 12:06:23,294 basehttp 21872 14832 "GET /api/code-review/submissions/245ce326-fba1-43cf-ab3c-50ac75e51371/ HTTP/1.1" 200 16937
INFO 2026-07-29 12:06:23,374 basehttp 21872 14832 "GET /api/code-review/submissions/245ce326-fba1-43cf-ab3c-50ac75e51371/ HTTP/1.1" 200 16937
INFO 2026-07-29 12:06:38,769 basehttp 21872 14832 "GET /api/code-review/stats/ HTTP/1.1" 200 146
INFO 2026-07-29 12:06:38,855 basehttp 21872 14832 "GET /api/code-review/stats/ HTTP/1.1" 200 146
INFO 2026-07-29 12:06:38,866 basehttp 21872 4404 "GET /api/code-review/submissions/ HTTP/1.1" 200 35488
INFO 2026-07-29 12:06:38,969 basehttp 21872 4404 "GET /api/code-review/submissions/ HTTP/1.1" 200 35488
INFO 2026-07-29 12:06:41,679 basehttp 21872 4404 "GET /api/code-review/languages/ HTTP/1.1" 200 1587
INFO 2026-07-29 12:06:41,920 basehttp 21872 4404 "GET /api/code-review/languages/ HTTP/1.1" 200 1587
INFO 2026-07-29 12:07:29,030 basehttp 21872 4404 "POST /api/code-review/submissions/ HTTP/1.1" 201 48251
INFO 2026-07-29 12:07:29,328 basehttp 21872 4404 "POST /api/code-review/initiate-review/ HTTP/1.1" 200 17363
INFO 2026-07-29 12:07:32,442 basehttp 21872 4404 "GET /api/code-review/stats/ HTTP/1.1" 200 145
INFO 2026-07-29 12:07:32,530 basehttp 21872 4404 "GET /api/code-review/stats/ HTTP/1.1" 200 145
INFO 2026-07-29 12:07:32,546 basehttp 21872 14832 "GET /api/code-review/submissions/ HTTP/1.1" 200 100894
INFO 2026-07-29 12:07:32,646 basehttp 21872 4404 "GET /api/code-review/submissions/ HTTP/1.1" 200 100894
INFO 2026-07-29 12:07:37,057 basehttp 21872 17184 "OPTIONS /api/code-review/submissions/ce35234b-3aae-4365-9f0d-145f2328b718/ HTTP/1.1" 200 0
INFO 2026-07-29 12:07:37,058 basehttp 21872 19104 "OPTIONS /api/code-review/submissions/ce35234b-3aae-4365-9f0d-145f2328b718/ HTTP/1.1" 200 0
INFO 2026-07-29 12:07:37,149 basehttp 21872 4404 "GET /api/code-review/submissions/ce35234b-3aae-4365-9f0d-145f2328b718/ HTTP/1.1" 200 65405
INFO 2026-07-29 12:07:37,327 basehttp 21872 4404 "GET /api/code-review/submissions/ce35234b-3aae-4365-9f0d-145f2328b718/ HTTP/1.1" 200 65405
INFO 2026-07-29 12:10:26,431 basehttp 21872 4404 "GET /api/code-review/stats/ HTTP/1.1" 200 145
INFO 2026-07-29 12:10:26,533 basehttp 21872 4404 "GET /api/code-review/stats/ HTTP/1.1" 200 145
INFO 2026-07-29 12:10:26,545 basehttp 21872 14832 "GET /api/code-review/submissions/ HTTP/1.1" 200 100894
INFO 2026-07-29 12:10:26,653 basehttp 21872 4404 "GET /api/code-review/submissions/ HTTP/1.1" 200 100894
INFO 2026-07-29 12:13:13,012 basehttp 21872 4148 "DELETE /api/code-review/submissions/ce35234b-3aae-4365-9f0d-145f2328b718/ HTTP/1.1" 204 0
WARNING 2026-07-29 12:13:13,080 basehttp 21872 4148 "GET /api/code-review/submissions/ce35234b-3aae-4365-9f0d-145f2328b718/ HTTP/1.1" 404 55
INFO 2026-07-29 12:13:13,161 basehttp 21872 4148 "GET /api/code-review/stats/ HTTP/1.1" 200 146
WARNING 2026-07-29 12:13:13,190 basehttp 21872 5312 "GET /api/code-review/submissions/ce35234b-3aae-4365-9f0d-145f2328b718/ HTTP/1.1" 404 55
INFO 2026-07-29 12:13:13,237 basehttp 21872 4148 "GET /api/code-review/stats/ HTTP/1.1" 200 146
INFO 2026-07-29 12:13:13,319 basehttp 21872 4148 "GET /api/code-review/submissions/ HTTP/1.1" 200 35488
INFO 2026-07-29 12:13:15,290 basehttp 21872 4148 "GET /api/code-review/stats/ HTTP/1.1" 200 146
INFO 2026-07-29 12:13:15,390 basehttp 21872 4148 "GET /api/code-review/stats/ HTTP/1.1" 200 146
INFO 2026-07-29 12:13:15,398 basehttp 21872 5312 "GET /api/code-review/submissions/ HTTP/1.1" 200 35488
INFO 2026-07-29 12:13:15,619 basehttp 21872 5312 "GET /api/code-review/submissions/ HTTP/1.1" 200 35488
INFO 2026-07-29 12:13:20,985 basehttp 21872 5312 "DELETE /api/code-review/submissions/245ce326-fba1-43cf-ab3c-50ac75e51371/ HTTP/1.1" 204 0
WARNING 2026-07-29 12:13:21,070 basehttp 21872 5312 "GET /api/code-review/submissions/245ce326-fba1-43cf-ab3c-50ac75e51371/ HTTP/1.1" 404 55
INFO 2026-07-29 12:13:21,095 basehttp 21872 4148 "GET /api/code-review/stats/ HTTP/1.1" 200 144
WARNING 2026-07-29 12:13:21,162 basehttp 21872 5312 "GET /api/code-review/submissions/245ce326-fba1-43cf-ab3c-50ac75e51371/ HTTP/1.1" 404 55
INFO 2026-07-29 12:13:21,182 basehttp 21872 4148 "GET /api/code-review/stats/ HTTP/1.1" 200 144
INFO 2026-07-29 12:13:21,415 basehttp 21872 4148 "GET /api/code-review/submissions/ HTTP/1.1" 200 18550
INFO 2026-07-29 12:13:23,033 basehttp 21872 4148 "GET /api/code-review/stats/ HTTP/1.1" 200 144
INFO 2026-07-29 12:13:23,122 basehttp 21872 4148 "GET /api/code-review/stats/ HTTP/1.1" 200 144
INFO 2026-07-29 12:13:23,131 basehttp 21872 5312 "GET /api/code-review/submissions/ HTTP/1.1" 200 18550
INFO 2026-07-29 12:13:23,237 basehttp 21872 5312 "GET /api/code-review/submissions/ HTTP/1.1" 200 18550
INFO 2026-07-29 12:13:28,181 basehttp 21872 5312 "DELETE /api/code-review/submissions/1a6ab904-16ec-44a0-8cc8-a2d455e5f2c1/ HTTP/1.1" 204 0
WARNING 2026-07-29 12:13:28,278 basehttp 21872 5312 "GET /api/code-review/submissions/1a6ab904-16ec-44a0-8cc8-a2d455e5f2c1/ HTTP/1.1" 404 55
INFO 2026-07-29 12:13:28,294 basehttp 21872 4148 "GET /api/code-review/stats/ HTTP/1.1" 200 143
WARNING 2026-07-29 12:13:28,372 basehttp 21872 5312 "GET /api/code-review/submissions/1a6ab904-16ec-44a0-8cc8-a2d455e5f2c1/ HTTP/1.1" 404 55
INFO 2026-07-29 12:13:28,398 basehttp 21872 4148 "GET /api/code-review/stats/ HTTP/1.1" 200 143
INFO 2026-07-29 12:13:28,602 basehttp 21872 4148 "GET /api/code-review/submissions/ HTTP/1.1" 200 1544
INFO 2026-07-29 12:13:30,175 basehttp 21872 4148 "GET /api/code-review/stats/ HTTP/1.1" 200 143
INFO 2026-07-29 12:13:30,266 basehttp 21872 4148 "GET /api/code-review/stats/ HTTP/1.1" 200 143
INFO 2026-07-29 12:13:30,268 basehttp 21872 5312 "GET /api/code-review/submissions/ HTTP/1.1" 200 1544
INFO 2026-07-29 12:13:30,479 basehttp 21872 5312 "GET /api/code-review/submissions/ HTTP/1.1" 200 1544
INFO 2026-07-29 12:13:38,649 basehttp 21872 5312 "DELETE /api/code-review/submissions/6f19a013-f445-4a6a-a381-414f2cc2955f/ HTTP/1.1" 204 0
WARNING 2026-07-29 12:13:38,734 basehttp 21872 5312 "GET /api/code-review/submissions/6f19a013-f445-4a6a-a381-414f2cc2955f/ HTTP/1.1" 404 55
INFO 2026-07-29 12:13:38,749 basehttp 21872 4148 "GET /api/code-review/stats/ HTTP/1.1" 200 140
INFO 2026-07-29 12:13:38,836 basehttp 21872 4148 "GET /api/code-review/stats/ HTTP/1.1" 200 140
INFO 2026-07-29 12:13:38,916 basehttp 21872 4148 "GET /api/code-review/submissions/ HTTP/1.1" 200 52
WARNING 2026-07-29 12:13:38,917 basehttp 21872 5312 "GET /api/code-review/submissions/6f19a013-f445-4a6a-a381-414f2cc2955f/ HTTP/1.1" 404 55
INFO 2026-07-29 12:13:41,432 basehttp 21872 5312 "GET /api/code-review/stats/ HTTP/1.1" 200 140
INFO 2026-07-29 12:13:41,511 basehttp 21872 4148 "GET /api/code-review/submissions/ HTTP/1.1" 200 52
INFO 2026-07-29 12:13:41,518 basehttp 21872 5312 "GET /api/code-review/stats/ HTTP/1.1" 200 140
INFO 2026-07-29 12:13:41,664 basehttp 21872 5312 "GET /api/code-review/submissions/ HTTP/1.1" 200 52
INFO 2026-07-29 14:09:25,549 autoreload 7436 9284 Watching for file changes with StatReloader
INFO 2026-07-29 14:09:36,372 basehttp 7436 4424 "OPTIONS /api/accounts/login/ HTTP/1.1" 200 0
INFO 2026-07-29 14:09:39,416 basehttp 7436 2180 "POST /api/accounts/login/ HTTP/1.1" 200 1212
INFO 2026-07-29 14:09:40,082 basehttp 7436 4424 "OPTIONS /api/code-review/stats/ HTTP/1.1" 200 0
INFO 2026-07-29 14:09:40,082 basehttp 7436 21980 "OPTIONS /api/code-review/stats/ HTTP/1.1" 200 0
INFO 2026-07-29 14:09:40,287 basehttp 7436 2180 "GET /api/code-review/stats/ HTTP/1.1" 200 140
INFO 2026-07-29 14:09:40,302 basehttp 7436 21980 "OPTIONS /api/code-review/submissions/ HTTP/1.1" 200 0
INFO 2026-07-29 14:09:40,464 basehttp 7436 7856 "GET /api/code-review/submissions/ HTTP/1.1" 200 52
INFO 2026-07-29 14:09:40,469 basehttp 7436 2180 "GET /api/code-review/stats/ HTTP/1.1" 200 140
INFO 2026-07-29 14:09:40,761 basehttp 7436 2180 "GET /api/code-review/submissions/ HTTP/1.1" 200 52
INFO 2026-07-29 14:09:48,711 basehttp 7436 4424 "OPTIONS /api/code-review/languages/ HTTP/1.1" 200 0
INFO 2026-07-29 14:09:48,711 basehttp 7436 21980 "OPTIONS /api/code-review/languages/ HTTP/1.1" 200 0
INFO 2026-07-29 14:09:48,872 basehttp 7436 2180 "GET /api/code-review/languages/ HTTP/1.1" 200 1587
INFO 2026-07-29 14:09:49,009 basehttp 7436 2180 "GET /api/code-review/languages/ HTTP/1.1" 200 1587
INFO 2026-07-29 14:11:49,478 basehttp 7436 4424 "OPTIONS /api/accounts/profile/ HTTP/1.1" 200 0
INFO 2026-07-29 14:11:49,479 basehttp 7436 21980 "OPTIONS /api/accounts/profile/ HTTP/1.1" 200 0
INFO 2026-07-29 14:11:49,654 basehttp 7436 2180 "GET /api/accounts/profile/ HTTP/1.1" 200 562
INFO 2026-07-29 14:11:49,830 basehttp 7436 2180 "GET /api/accounts/profile/ HTTP/1.1" 200 562
INFO 2026-07-29 14:11:50,023 basehttp 7436 2180 "GET /api/accounts/profile/ HTTP/1.1" 200 562
INFO 2026-07-29 14:11:50,198 basehttp 7436 2180 "GET /api/accounts/profile/ HTTP/1.1" 200 562
INFO 2026-07-29 14:12:12,193 basehttp 7436 2180 "POST /api/code-review/submissions/ HTTP/1.1" 201 2952
INFO 2026-07-29 14:12:12,204 basehttp 7436 21980 "OPTIONS /api/code-review/initiate-review/ HTTP/1.1" 200 0
INFO 2026-07-29 14:12:12,573 basehttp 7436 2180 "POST /api/code-review/initiate-review/ HTTP/1.1" 200 3720
INFO 2026-07-29 14:12:15,941 basehttp 7436 2180 "GET /api/code-review/stats/ HTTP/1.1" 200 144
INFO 2026-07-29 14:12:16,308 basehttp 7436 7856 "GET /api/code-review/submissions/ HTTP/1.1" 200 6514
INFO 2026-07-29 14:12:16,309 basehttp 7436 2180 "GET /api/code-review/stats/ HTTP/1.1" 200 144
INFO 2026-07-29 14:12:16,709 basehttp 7436 2180 "GET /api/code-review/submissions/ HTTP/1.1" 200 6514
INFO 2026-07-29 14:12:19,656 basehttp 7436 21980 "OPTIONS /api/code-review/submissions/67ac22df-26bc-4ebb-a9fe-4c861b438cce/ HTTP/1.1" 200 0
INFO 2026-07-29 14:12:19,656 basehttp 7436 4424 "OPTIONS /api/code-review/submissions/67ac22df-26bc-4ebb-a9fe-4c861b438cce/ HTTP/1.1" 200 0
INFO 2026-07-29 14:12:19,813 basehttp 7436 2180 "GET /api/code-review/submissions/67ac22df-26bc-4ebb-a9fe-4c861b438cce/ HTTP/1.1" 200 6462
INFO 2026-07-29 14:12:19,972 basehttp 7436 7856 "GET /api/code-review/submissions/67ac22df-26bc-4ebb-a9fe-4c861b438cce/ HTTP/1.1" 200 6462
INFO 2026-07-29 14:19:43,771 autoreload 7436 9284 C:\ai-code-review-platform\backend\code_review\views.py changed, reloading.
INFO 2026-07-29 14:19:47,109 autoreload 24196 16996 Watching for file changes with StatReloader
INFO 2026-07-29 14:23:21,902 autoreload 24196 16996 C:\ai-code-review-platform\backend\code_review\views.py changed, reloading.
INFO 2026-07-29 14:23:27,159 autoreload 19424 22328 Watching for file changes with StatReloader
INFO 2026-07-29 14:23:37,965 basehttp 19424 10528 "GET /api/accounts/profile/ HTTP/1.1" 200 562
INFO 2026-07-29 14:23:38,177 basehttp 19424 10528 "GET /api/accounts/profile/ HTTP/1.1" 200 562
INFO 2026-07-29 14:23:38,337 basehttp 19424 10528 "GET /api/accounts/profile/ HTTP/1.1" 200 562
INFO 2026-07-29 14:23:38,514 basehttp 19424 10528 "GET /api/accounts/profile/ HTTP/1.1" 200 562
INFO 2026-07-29 14:23:50,835 basehttp 19424 10528 "POST /api/accounts/login/ HTTP/1.1" 200 1212
INFO 2026-07-29 14:23:51,733 basehttp 19424 10528 "GET /api/code-review/stats/ HTTP/1.1" 200 392
INFO 2026-07-29 14:23:52,106 basehttp 19424 6572 "GET /api/code-review/submissions/ HTTP/1.1" 200 6514
INFO 2026-07-29 14:23:52,187 basehttp 19424 10528 "GET /api/code-review/stats/ HTTP/1.1" 200 392
INFO 2026-07-29 14:23:52,585 basehttp 19424 10528 "GET /api/code-review/submissions/ HTTP/1.1" 200 6514
INFO 2026-07-29 14:23:54,931 basehttp 19424 10528 "GET /api/code-review/languages/ HTTP/1.1" 200 1587
INFO 2026-07-29 14:23:55,111 basehttp 19424 10528 "GET /api/code-review/languages/ HTTP/1.1" 200 1587
INFO 2026-07-29 14:24:18,109 basehttp 19424 10528 "POST /api/code-review/submissions/ HTTP/1.1" 201 66772
INFO 2026-07-29 14:24:18,587 basehttp 19424 10528 "POST /api/code-review/initiate-review/ HTTP/1.1" 200 51789
INFO 2026-07-29 14:24:22,095 basehttp 19424 10528 "GET /api/code-review/stats/ HTTP/1.1" 200 577
INFO 2026-07-29 14:24:22,373 basehttp 19424 6572 "GET /api/code-review/submissions/ HTTP/1.1" 200 124868
INFO 2026-07-29 14:24:22,450 basehttp 19424 10528 "GET /api/code-review/stats/ HTTP/1.1" 200 577
INFO 2026-07-29 14:24:22,676 basehttp 19424 10528 "GET /api/code-review/submissions/ HTTP/1.1" 200 124868
INFO 2026-07-29 14:24:25,979 basehttp 19424 7896 "OPTIONS /api/code-review/submissions/0e286b0d-0186-4fff-bfb8-bc7e469f4c4d/ HTTP/1.1" 200 0
INFO 2026-07-29 14:24:25,981 basehttp 19424 20120 "OPTIONS /api/code-review/submissions/0e286b0d-0186-4fff-bfb8-bc7e469f4c4d/ HTTP/1.1" 200 0
INFO 2026-07-29 14:24:26,318 basehttp 19424 10528 "GET /api/code-review/submissions/0e286b0d-0186-4fff-bfb8-bc7e469f4c4d/ HTTP/1.1" 200 118353
INFO 2026-07-29 14:24:26,603 basehttp 19424 6572 "GET /api/code-review/submissions/0e286b0d-0186-4fff-bfb8-bc7e469f4c4d/ HTTP/1.1" 200 118353
INFO 2026-07-29 14:27:33,123 autoreload 19424 22328 C:\ai-code-review-platform\backend\code_review\views.py changed, reloading.
INFO 2026-07-29 14:27:36,500 autoreload 6268 13816 Watching for file changes with StatReloader
INFO 2026-07-29 14:27:47,211 basehttp 6268 17296 "GET /api/code-review/stats/ HTTP/1.1" 200 577
INFO 2026-07-29 14:27:47,526 basehttp 6268 23644 "GET /api/code-review/submissions/ HTTP/1.1" 200 124868
INFO 2026-07-29 14:27:47,573 basehttp 6268 17296 "GET /api/code-review/stats/ HTTP/1.1" 200 577
INFO 2026-07-29 14:27:47,849 basehttp 6268 17296 "GET /api/code-review/submissions/ HTTP/1.1" 200 124868
INFO 2026-07-29 14:30:32,116 basehttp 6268 17296 "GET /api/code-review/languages/ HTTP/1.1" 200 1587
INFO 2026-07-29 14:30:32,443 basehttp 6268 17296 "GET /api/code-review/languages/ HTTP/1.1" 200 1587
INFO 2026-07-29 14:30:43,382 basehttp 6268 17296 "POST /api/code-review/submissions/ HTTP/1.1" 201 10005
INFO 2026-07-29 14:30:43,691 basehttp 6268 17296 "POST /api/code-review/initiate-review/ HTTP/1.1" 200 1724
INFO 2026-07-29 14:30:47,219 basehttp 6268 17296 "GET /api/code-review/stats/ HTTP/1.1" 200 746
INFO 2026-07-29 14:30:47,507 basehttp 6268 23644 "GET /api/code-review/submissions/ HTTP/1.1" 200 136396
INFO 2026-07-29 14:30:47,585 basehttp 6268 17296 "GET /api/code-review/stats/ HTTP/1.1" 200 746
INFO 2026-07-29 14:30:48,000 basehttp 6268 17296 "GET /api/code-review/submissions/ HTTP/1.1" 200 136396
INFO 2026-07-29 14:30:51,054 basehttp 6268 17552 "OPTIONS /api/code-review/submissions/ed80ec68-ca93-404d-8877-d0ef4ed225ad/ HTTP/1.1" 200 0
INFO 2026-07-29 14:30:51,055 basehttp 6268 13584 "OPTIONS /api/code-review/submissions/ed80ec68-ca93-404d-8877-d0ef4ed225ad/ HTTP/1.1" 200 0
INFO 2026-07-29 14:30:51,333 basehttp 6268 17296 "GET /api/code-review/submissions/ed80ec68-ca93-404d-8877-d0ef4ed225ad/ HTTP/1.1" 200 11527
INFO 2026-07-29 14:30:51,494 basehttp 6268 17296 "GET /api/code-review/submissions/ed80ec68-ca93-404d-8877-d0ef4ed225ad/ HTTP/1.1" 200 11527
INFO 2026-07-29 14:31:49,879 autoreload 6268 13816 C:\ai-code-review-platform\backend\code_review\views.py changed, reloading.
INFO 2026-07-29 14:31:53,427 autoreload 13144 17256 Watching for file changes with StatReloader
INFO 2026-07-29 14:34:04,044 autoreload 13144 17256 C:\ai-code-review-platform\backend\code_review\views.py changed, reloading.
INFO 2026-07-29 14:34:07,220 autoreload 23296 23024 Watching for file changes with StatReloader
INFO 2026-07-29 14:34:56,174 basehttp 23296 15644 "GET /api/code-review/stats/ HTTP/1.1" 200 145
INFO 2026-07-29 14:34:56,426 basehttp 23296 15644 "GET /api/code-review/stats/ HTTP/1.1" 200 145
INFO 2026-07-29 14:34:56,485 basehttp 23296 17928 "GET /api/code-review/submissions/ HTTP/1.1" 200 136396
INFO 2026-07-29 14:34:56,850 basehttp 23296 15644 "GET /api/code-review/submissions/ HTTP/1.1" 200 136396
INFO 2026-07-29 14:34:59,020 basehttp 23296 15644 "GET /api/code-review/languages/ HTTP/1.1" 200 1587
INFO 2026-07-29 14:34:59,388 basehttp 23296 15644 "GET /api/code-review/languages/ HTTP/1.1" 200 1587
INFO 2026-07-29 14:35:12,183 basehttp 23296 5264 "POST /api/code-review/submissions/ HTTP/1.1" 201 10100
INFO 2026-07-29 14:35:12,443 basehttp 23296 5264 "POST /api/code-review/initiate-review/ HTTP/1.1" 200 5153
INFO 2026-07-29 14:35:15,674 basehttp 23296 5264 "GET /api/code-review/stats/ HTTP/1.1" 200 145
INFO 2026-07-29 14:35:15,897 basehttp 23296 5264 "GET /api/code-review/stats/ HTTP/1.1" 200 145
INFO 2026-07-29 14:35:16,159 basehttp 23296 22352 "GET /api/code-review/submissions/ HTTP/1.1" 200 151447
INFO 2026-07-29 14:35:16,395 basehttp 23296 5264 "GET /api/code-review/submissions/ HTTP/1.1" 200 151447
INFO 2026-07-29 14:35:20,671 basehttp 23296 18696 "OPTIONS /api/code-review/submissions/fe450933-d494-40c4-bcc8-2a7b7ba765b7/ HTTP/1.1" 200 0
INFO 2026-07-29 14:35:20,672 basehttp 23296 11564 "OPTIONS /api/code-review/submissions/fe450933-d494-40c4-bcc8-2a7b7ba765b7/ HTTP/1.1" 200 0
INFO 2026-07-29 14:35:21,030 basehttp 23296 5264 "GET /api/code-review/submissions/fe450933-d494-40c4-bcc8-2a7b7ba765b7/ HTTP/1.1" 200 15050
INFO 2026-07-29 14:35:21,290 basehttp 23296 5264 "GET /api/code-review/submissions/fe450933-d494-40c4-bcc8-2a7b7ba765b7/ HTTP/1.1" 200 15050
INFO 2026-07-29 14:55:17,872 autoreload 9888 20436 Watching for file changes with StatReloader
INFO 2026-07-29 14:55:45,960 basehttp 9888 16920 "POST /api/accounts/login/ HTTP/1.1" 200 1212
INFO 2026-07-29 14:55:47,081 basehttp 9888 16920 "GET /api/code-review/stats/ HTTP/1.1" 200 920
INFO 2026-07-29 14:55:47,369 basehttp 9888 23956 "GET /api/code-review/submissions/ HTTP/1.1" 200 151447
INFO 2026-07-29 14:55:47,446 basehttp 9888 16920 "GET /api/code-review/stats/ HTTP/1.1" 200 920
INFO 2026-07-29 14:55:48,018 basehttp 9888 16920 "GET /api/code-review/submissions/ HTTP/1.1" 200 151447
INFO 2026-07-29 14:55:56,165 basehttp 9888 16920 "GET /api/code-review/submissions/fe450933-d494-40c4-bcc8-2a7b7ba765b7/ HTTP/1.1" 200 15050
INFO 2026-07-29 14:55:56,435 basehttp 9888 16920 "GET /api/code-review/submissions/fe450933-d494-40c4-bcc8-2a7b7ba765b7/ HTTP/1.1" 200 15050
INFO 2026-07-29 14:56:31,981 basehttp 9888 16920 "GET /api/code-review/stats/ HTTP/1.1" 200 920
INFO 2026-07-29 14:56:32,392 basehttp 9888 23956 "GET /api/code-review/submissions/ HTTP/1.1" 200 151447
INFO 2026-07-29 14:56:32,498 basehttp 9888 16920 "GET /api/code-review/stats/ HTTP/1.1" 200 920
INFO 2026-07-29 14:56:33,021 basehttp 9888 16920 "GET /api/code-review/submissions/ HTTP/1.1" 200 151447
INFO 2026-07-29 14:56:38,011 basehttp 9888 16920 "GET /api/code-review/languages/ HTTP/1.1" 200 1587
INFO 2026-07-29 14:56:38,143 basehttp 9888 16920 "GET /api/code-review/languages/ HTTP/1.1" 200 1587
INFO 2026-07-29 14:56:56,548 basehttp 9888 16920 "POST /api/code-review/submissions/ HTTP/1.1" 201 1006
INFO 2026-07-29 14:56:56,856 basehttp 9888 16920 "POST /api/code-review/initiate-review/ HTTP/1.1" 200 571
INFO 2026-07-29 14:57:00,196 basehttp 9888 16920 "GET /api/code-review/stats/ HTTP/1.1" 200 1093
INFO 2026-07-29 14:57:00,615 basehttp 9888 16920 "GET /api/code-review/stats/ HTTP/1.1" 200 1093
INFO 2026-07-29 14:57:00,652 basehttp 9888 23956 "GET /api/code-review/submissions/ HTTP/1.1" 200 152814
INFO 2026-07-29 14:57:00,892 basehttp 9888 16920 "GET /api/code-review/submissions/ HTTP/1.1" 200 152814
INFO 2026-07-29 14:57:05,057 basehttp 9888 10072 "OPTIONS /api/code-review/submissions/7a36a116-da96-4797-9cb7-facbfae95c2f/ HTTP/1.1" 200 0
INFO 2026-07-29 14:57:05,058 basehttp 9888 23616 "OPTIONS /api/code-review/submissions/7a36a116-da96-4797-9cb7-facbfae95c2f/ HTTP/1.1" 200 0
INFO 2026-07-29 14:57:05,375 basehttp 9888 16920 "GET /api/code-review/submissions/7a36a116-da96-4797-9cb7-facbfae95c2f/ HTTP/1.1" 200 1366
INFO 2026-07-29 14:57:05,694 basehttp 9888 16920 "GET /api/code-review/submissions/7a36a116-da96-4797-9cb7-facbfae95c2f/ HTTP/1.1" 200 1366
WARNING 2026-07-29 15:19:42,198 basehttp 9888 17256 "GET /api/code-review/stats/ HTTP/1.1" 401 183
WARNING 2026-07-29 15:19:42,220 basehttp 9888 17256 "GET /api/code-review/stats/ HTTP/1.1" 401 183
INFO 2026-07-29 15:19:42,527 basehttp 9888 11376 "OPTIONS /api/token/refresh/ HTTP/1.1" 200 0
INFO 2026-07-29 15:19:42,547 basehttp 9888 11376 "OPTIONS /api/token/refresh/ HTTP/1.1" 200 0
INFO 2026-07-29 15:19:42,580 basehttp 9888 22684 "POST /api/token/refresh/ HTTP/1.1" 200 582
INFO 2026-07-29 15:19:42,583 basehttp 9888 11376 "POST /api/token/refresh/ HTTP/1.1" 200 582
INFO 2026-07-29 15:19:43,008 basehttp 9888 17256 "GET /api/code-review/stats/ HTTP/1.1" 200 1093
INFO 2026-07-29 15:19:43,257 basehttp 9888 23708 "GET /api/code-review/submissions/ HTTP/1.1" 200 152814
INFO 2026-07-29 15:19:43,324 basehttp 9888 17256 "GET /api/code-review/stats/ HTTP/1.1" 200 1093
INFO 2026-07-29 15:19:43,648 basehttp 9888 17256 "GET /api/code-review/submissions/ HTTP/1.1" 200 152814
INFO 2026-07-29 15:19:48,454 basehttp 9888 17256 "GET /api/code-review/languages/ HTTP/1.1" 200 1587
INFO 2026-07-29 15:19:48,736 basehttp 9888 17256 "GET /api/code-review/languages/ HTTP/1.1" 200 1587
INFO 2026-07-29 15:20:02,365 basehttp 9888 17256 "POST /api/code-review/submissions/ HTTP/1.1" 201 3437
INFO 2026-07-29 15:20:02,620 basehttp 9888 17256 "POST /api/code-review/initiate-review/ HTTP/1.1" 200 441
INFO 2026-07-29 15:20:06,649 basehttp 9888 17256 "GET /api/code-review/stats/ HTTP/1.1" 200 1094
INFO 2026-07-29 15:20:06,864 basehttp 9888 23708 "GET /api/code-review/submissions/ HTTP/1.1" 200 156489
INFO 2026-07-29 15:20:06,961 basehttp 9888 17256 "GET /api/code-review/stats/ HTTP/1.1" 200 1094
INFO 2026-07-29 15:20:07,638 basehttp 9888 17256 "GET /api/code-review/submissions/ HTTP/1.1" 200 156489
INFO 2026-07-29 15:20:31,091 basehttp 9888 11376 "OPTIONS /api/code-review/submissions/68804fc1-19fd-41e3-8f67-ba9ad3522ac5/ HTTP/1.1" 200 0
INFO 2026-07-29 15:20:31,094 basehttp 9888 22684 "OPTIONS /api/code-review/submissions/68804fc1-19fd-41e3-8f67-ba9ad3522ac5/ HTTP/1.1" 200 0
INFO 2026-07-29 15:20:31,299 basehttp 9888 17256 "GET /api/code-review/submissions/68804fc1-19fd-41e3-8f67-ba9ad3522ac5/ HTTP/1.1" 200 3674
INFO 2026-07-29 15:20:31,562 basehttp 9888 17256 "GET /api/code-review/submissions/68804fc1-19fd-41e3-8f67-ba9ad3522ac5/ HTTP/1.1" 200 3674
INFO 2026-07-29 15:21:49,550 basehttp 9888 17256 "GET /api/code-review/stats/ HTTP/1.1" 200 1094
INFO 2026-07-29 15:21:49,792 basehttp 9888 23708 "GET /api/code-review/submissions/ HTTP/1.1" 200 156489
INFO 2026-07-29 15:21:49,855 basehttp 9888 17256 "GET /api/code-review/stats/ HTTP/1.1" 200 1094
INFO 2026-07-29 15:21:50,189 basehttp 9888 17256 "GET /api/code-review/submissions/ HTTP/1.1" 200 156489
INFO 2026-07-29 15:21:51,970 basehttp 9888 17256 "GET /api/code-review/languages/ HTTP/1.1" 200 1587
INFO 2026-07-29 15:21:52,141 basehttp 9888 17256 "GET /api/code-review/languages/ HTTP/1.1" 200 1587
INFO 2026-07-29 15:22:07,712 basehttp 9888 17256 "POST /api/code-review/submissions/ HTTP/1.1" 201 13035
INFO 2026-07-29 15:22:08,122 basehttp 9888 17256 "POST /api/code-review/initiate-review/ HTTP/1.1" 200 3556
INFO 2026-07-29 15:22:11,524 basehttp 9888 17256 "GET /api/code-review/stats/ HTTP/1.1" 200 1104
INFO 2026-07-29 15:22:11,858 basehttp 9888 23708 "GET /api/code-review/submissions/ HTTP/1.1" 200 172879
INFO 2026-07-29 15:22:11,915 basehttp 9888 17256 "GET /api/code-review/stats/ HTTP/1.1" 200 1104
INFO 2026-07-29 15:22:12,420 basehttp 9888 17256 "GET /api/code-review/submissions/ HTTP/1.1" 200 172879
INFO 2026-07-29 15:22:15,751 basehttp 9888 11376 "OPTIONS /api/code-review/submissions/31e27f91-2d2f-45ee-b1b7-0481a1b34bef/ HTTP/1.1" 200 0
INFO 2026-07-29 15:22:15,754 basehttp 9888 22684 "OPTIONS /api/code-review/submissions/31e27f91-2d2f-45ee-b1b7-0481a1b34bef/ HTTP/1.1" 200 0
INFO 2026-07-29 15:22:15,932 basehttp 9888 17256 "GET /api/code-review/submissions/31e27f91-2d2f-45ee-b1b7-0481a1b34bef/ HTTP/1.1" 200 16389
INFO 2026-07-29 15:22:16,097 basehttp 9888 23708 "GET /api/code-review/submissions/31e27f91-2d2f-45ee-b1b7-0481a1b34bef/ HTTP/1.1" 200 16389
INFO 2026-07-29 15:26:47,383 autoreload 9888 20436 C:\ai-code-review-platform\backend\code_review\views.py changed, reloading.
INFO 2026-07-29 15:26:51,588 autoreload 21872 16488 Watching for file changes with StatReloader
INFO 2026-07-29 15:30:24,556 autoreload 20664 8320 Watching for file changes with StatReloader
INFO 2026-07-29 15:30:40,583 basehttp 20664 10684 "GET /api/accounts/profile/ HTTP/1.1" 200 562
INFO 2026-07-29 15:30:40,775 basehttp 20664 10684 "GET /api/accounts/profile/ HTTP/1.1" 200 562
INFO 2026-07-29 15:30:40,963 basehttp 20664 10684 "GET /api/accounts/profile/ HTTP/1.1" 200 562
INFO 2026-07-29 15:30:41,233 basehttp 20664 10684 "GET /api/accounts/profile/ HTTP/1.1" 200 562
WARNING 2026-07-29 15:30:52,209 basehttp 20664 10684 "POST /api/accounts/login/ HTTP/1.1" 400 100
INFO 2026-07-29 15:31:20,505 basehttp 20664 10684 "POST /api/accounts/login/ HTTP/1.1" 200 1212
INFO 2026-07-29 15:31:21,460 basehttp 20664 10684 "GET /api/code-review/stats/ HTTP/1.1" 200 1104
INFO 2026-07-29 15:31:21,890 basehttp 20664 5708 "GET /api/code-review/submissions/ HTTP/1.1" 200 172879
INFO 2026-07-29 15:31:21,915 basehttp 20664 10684 "GET /api/code-review/stats/ HTTP/1.1" 200 1104
INFO 2026-07-29 15:31:22,561 basehttp 20664 10684 "GET /api/code-review/submissions/ HTTP/1.1" 200 172879
INFO 2026-07-29 15:35:43,124 autoreload 20664 8320 C:\ai-code-review-platform\backend\code_review\views.py changed, reloading.
INFO 2026-07-29 15:35:47,561 autoreload 15744 11272 Watching for file changes with StatReloader
INFO 2026-07-29 15:38:44,271 basehttp 15744 20460 "GET /api/code-review/submissions/31e27f91-2d2f-45ee-b1b7-0481a1b34bef/ HTTP/1.1" 200 16389
INFO 2026-07-29 15:38:44,577 basehttp 15744 14268 "GET /api/code-review/submissions/31e27f91-2d2f-45ee-b1b7-0481a1b34bef/ HTTP/1.1" 200 16389
INFO 2026-07-29 15:38:47,861 basehttp 15744 14268 "GET /api/code-review/stats/ HTTP/1.1" 200 1104
INFO 2026-07-29 15:38:48,217 basehttp 15744 20460 "GET /api/code-review/submissions/ HTTP/1.1" 200 172879
INFO 2026-07-29 15:38:48,309 basehttp 15744 14268 "GET /api/code-review/stats/ HTTP/1.1" 200 1104
INFO 2026-07-29 15:38:48,804 basehttp 15744 14268 "GET /api/code-review/submissions/ HTTP/1.1" 200 172879
INFO 2026-07-29 15:41:47,014 autoreload 15744 11272 C:\ai-code-review-platform\backend\code_review\views.py changed, reloading.
INFO 2026-07-29 15:41:50,180 autoreload 4992 16588 Watching for file changes with StatReloader
INFO 2026-07-29 15:41:55,711 autoreload 4992 16588 C:\ai-code-review-platform\backend\code_review\views.py changed, reloading.
INFO 2026-07-29 15:41:59,576 autoreload 20628 7264 Watching for file changes with StatReloader
INFO 2026-07-29 15:42:09,517 autoreload 20628 7264 C:\ai-code-review-platform\backend\code_review\views.py changed, reloading.
INFO 2026-07-29 15:42:12,779 autoreload 11020 18568 Watching for file changes with StatReloader
INFO 2026-07-29 15:42:23,757 autoreload 11020 18568 C:\ai-code-review-platform\backend\code_review\views.py changed, reloading.
INFO 2026-07-29 15:42:27,203 autoreload 7208 5772 Watching for file changes with StatReloader
INFO 2026-07-29 15:45:45,227 autoreload 7208 5772 C:\ai-code-review-platform\backend\code_review\views.py changed, reloading.
INFO 2026-07-29 15:45:49,068 autoreload 10200 4384 Watching for file changes with StatReloader
INFO 2026-07-29 15:45:55,136 basehttp 10200 15816 "GET /api/code-review/submissions/31e27f91-2d2f-45ee-b1b7-0481a1b34bef/ HTTP/1.1" 200 16389
INFO 2026-07-29 15:45:55,383 basehttp 10200 8892 "GET /api/code-review/submissions/31e27f91-2d2f-45ee-b1b7-0481a1b34bef/ HTTP/1.1" 200 16389
INFO 2026-07-29 15:46:05,603 basehttp 10200 8892 "GET /api/code-review/stats/ HTTP/1.1" 200 1389
INFO 2026-07-29 15:46:05,863 basehttp 10200 15816 "GET /api/code-review/submissions/ HTTP/1.1" 200 172879
INFO 2026-07-29 15:46:05,958 basehttp 10200 8892 "GET /api/code-review/stats/ HTTP/1.1" 200 1389
INFO 2026-07-29 15:46:06,660 basehttp 10200 8892 "GET /api/code-review/submissions/ HTTP/1.1" 200 172879
INFO 2026-07-29 17:10:37,660 basehttp 10200 10620 "OPTIONS /api/accounts/login/ HTTP/1.1" 200 0
INFO 2026-07-29 17:10:40,124 basehttp 10200 5608 "POST /api/accounts/login/ HTTP/1.1" 200 1212
INFO 2026-07-29 17:10:40,729 basehttp 10200 10620 "OPTIONS /api/code-review/stats/ HTTP/1.1" 200 0
INFO 2026-07-29 17:10:40,730 basehttp 10200 8532 "OPTIONS /api/code-review/stats/ HTTP/1.1" 200 0
INFO 2026-07-29 17:10:41,013 basehttp 10200 5608 "GET /api/code-review/stats/ HTTP/1.1" 200 1389
INFO 2026-07-29 17:10:41,025 basehttp 10200 8532 "OPTIONS /api/code-review/submissions/ HTTP/1.1" 200 0
INFO 2026-07-29 17:10:41,327 basehttp 10200 18020 "GET /api/code-review/submissions/ HTTP/1.1" 200 172879
INFO 2026-07-29 17:10:41,384 basehttp 10200 5608 "GET /api/code-review/stats/ HTTP/1.1" 200 1389
INFO 2026-07-29 17:10:41,880 basehttp 10200 5608 "GET /api/code-review/submissions/ HTTP/1.1" 200 172879
INFO 2026-07-29 17:10:53,755 basehttp 10200 5608 "DELETE /api/code-review/submissions/31e27f91-2d2f-45ee-b1b7-0481a1b34bef/ HTTP/1.1" 204 0
WARNING 2026-07-29 17:10:54,115 basehttp 10200 5608 "GET /api/code-review/submissions/31e27f91-2d2f-45ee-b1b7-0481a1b34bef/ HTTP/1.1" 404 55
INFO 2026-07-29 17:10:54,251 basehttp 10200 18020 "GET /api/code-review/stats/ HTTP/1.1" 200 1380
WARNING 2026-07-29 17:10:54,296 basehttp 10200 5608 "GET /api/code-review/submissions/31e27f91-2d2f-45ee-b1b7-0481a1b34bef/ HTTP/1.1" 404 55
INFO 2026-07-29 17:10:54,567 basehttp 10200 18020 "GET /api/code-review/stats/ HTTP/1.1" 200 1380
INFO 2026-07-29 17:10:54,968 basehttp 10200 18020 "GET /api/code-review/submissions/ HTTP/1.1" 200 156489
INFO 2026-07-29 17:10:56,197 basehttp 10200 18020 "GET /api/code-review/stats/ HTTP/1.1" 200 1380
INFO 2026-07-29 17:10:56,564 basehttp 10200 5608 "GET /api/code-review/submissions/ HTTP/1.1" 200 156489
INFO 2026-07-29 17:10:56,684 basehttp 10200 18020 "GET /api/code-review/stats/ HTTP/1.1" 200 1380
INFO 2026-07-29 17:10:57,295 basehttp 10200 18020 "GET /api/code-review/submissions/ HTTP/1.1" 200 156489
INFO 2026-07-29 17:34:09,582 autoreload 10200 4384 C:\ai-code-review-platform\backend\code_review\views.py changed, reloading.
INFO 2026-07-29 17:34:14,705 autoreload 6868 12356 Watching for file changes with StatReloader
INFO 2026-07-29 17:35:54,203 basehttp 6868 13644 "OPTIONS /api/code-review/languages/ HTTP/1.1" 200 0
INFO 2026-07-29 17:35:54,210 basehttp 6868 24352 "OPTIONS /api/code-review/languages/ HTTP/1.1" 200 0
WARNING 2026-07-29 17:35:55,019 basehttp 6868 14724 "GET /api/code-review/languages/ HTTP/1.1" 401 183
INFO 2026-07-29 17:35:55,043 basehttp 6868 24352 "OPTIONS /api/token/refresh/ HTTP/1.1" 200 0
WARNING 2026-07-29 17:35:55,045 basehttp 6868 14724 "GET /api/code-review/languages/ HTTP/1.1" 401 183
INFO 2026-07-29 17:35:55,086 basehttp 6868 13644 "POST /api/token/refresh/ HTTP/1.1" 200 582
INFO 2026-07-29 17:35:55,087 basehttp 6868 24352 "POST /api/token/refresh/ HTTP/1.1" 200 582
INFO 2026-07-29 17:35:55,413 basehttp 6868 14724 "GET /api/code-review/languages/ HTTP/1.1" 200 1587
INFO 2026-07-29 17:35:55,572 basehttp 6868 14724 "GET /api/code-review/languages/ HTTP/1.1" 200 1587
INFO 2026-07-29 17:36:06,303 basehttp 6868 14724 "POST /api/code-review/submissions/ HTTP/1.1" 201 4285
INFO 2026-07-29 17:36:06,320 basehttp 6868 24352 "OPTIONS /api/code-review/initiate-review/ HTTP/1.1" 200 0
INFO 2026-07-29 17:36:06,721 basehttp 6868 14724 "POST /api/code-review/initiate-review/ HTTP/1.1" 200 2456
INFO 2026-07-29 17:36:10,070 basehttp 6868 14724 "GET /api/code-review/stats/ HTTP/1.1" 200 1382
INFO 2026-07-29 17:36:10,359 basehttp 6868 3196 "GET /api/code-review/submissions/ HTTP/1.1" 200 163028
INFO 2026-07-29 17:36:10,408 basehttp 6868 14724 "GET /api/code-review/stats/ HTTP/1.1" 200 1382
INFO 2026-07-29 17:36:10,809 basehttp 6868 14724 "GET /api/code-review/submissions/ HTTP/1.1" 200 163028
INFO 2026-07-29 17:36:14,478 basehttp 6868 24352 "OPTIONS /api/code-review/submissions/1ada86e2-df09-477f-8418-66c9c5692117/ HTTP/1.1" 200 0
INFO 2026-07-29 17:36:14,478 basehttp 6868 13644 "OPTIONS /api/code-review/submissions/1ada86e2-df09-477f-8418-66c9c5692117/ HTTP/1.1" 200 0
INFO 2026-07-29 17:36:14,862 basehttp 6868 14724 "GET /api/code-review/submissions/1ada86e2-df09-477f-8418-66c9c5692117/ HTTP/1.1" 200 6538
INFO 2026-07-29 17:36:15,096 basehttp 6868 14724 "GET /api/code-review/submissions/1ada86e2-df09-477f-8418-66c9c5692117/ HTTP/1.1" 200 6538
INFO 2026-07-29 17:38:16,255 basehttp 6868 14724 "GET /api/code-review/stats/ HTTP/1.1" 200 1382
INFO 2026-07-29 17:38:16,624 basehttp 6868 3196 "GET /api/code-review/submissions/ HTTP/1.1" 200 163028
INFO 2026-07-29 17:38:16,736 basehttp 6868 14724 "GET /api/code-review/stats/ HTTP/1.1" 200 1382
INFO 2026-07-29 17:38:17,230 basehttp 6868 14724 "GET /api/code-review/submissions/ HTTP/1.1" 200 163028
INFO 2026-07-29 17:38:19,773 basehttp 6868 14724 "GET /api/code-review/languages/ HTTP/1.1" 200 1587
INFO 2026-07-29 17:38:19,925 basehttp 6868 14724 "GET /api/code-review/languages/ HTTP/1.1" 200 1587
INFO 2026-07-29 17:38:28,793 basehttp 6868 14724 "POST /api/code-review/submissions/ HTTP/1.1" 201 10200
INFO 2026-07-29 17:38:29,108 basehttp 6868 14724 "POST /api/code-review/initiate-review/ HTTP/1.1" 200 1276
INFO 2026-07-29 17:38:32,510 basehttp 6868 14724 "GET /api/code-review/stats/ HTTP/1.1" 200 1382
INFO 2026-07-29 17:38:32,803 basehttp 6868 3196 "GET /api/code-review/submissions/ HTTP/1.1" 200 174303
INFO 2026-07-29 17:38:32,851 basehttp 6868 14724 "GET /api/code-review/stats/ HTTP/1.1" 200 1382
INFO 2026-07-29 17:38:33,296 basehttp 6868 14724 "GET /api/code-review/submissions/ HTTP/1.1" 200 174303
INFO 2026-07-29 17:38:36,556 basehttp 6868 13644 "OPTIONS /api/code-review/submissions/549e3225-4bfa-4c31-95f6-4b47a23ce333/ HTTP/1.1" 200 0
INFO 2026-07-29 17:38:36,559 basehttp 6868 24352 "OPTIONS /api/code-review/submissions/549e3225-4bfa-4c31-95f6-4b47a23ce333/ HTTP/1.1" 200 0
INFO 2026-07-29 17:38:36,810 basehttp 6868 14724 "GET /api/code-review/submissions/549e3225-4bfa-4c31-95f6-4b47a23ce333/ HTTP/1.1" 200 11274
INFO 2026-07-29 17:38:37,095 basehttp 6868 14724 "GET /api/code-review/submissions/549e3225-4bfa-4c31-95f6-4b47a23ce333/ HTTP/1.1" 200 11274
INFO 2026-07-29 17:39:50,992 basehttp 6868 21508 "GET /api/code-review/stats/ HTTP/1.1" 200 1382
INFO 2026-07-29 17:39:51,466 basehttp 6868 21508 "GET /api/code-review/stats/ HTTP/1.1" 200 1382
INFO 2026-07-29 17:39:51,534 basehttp 6868 23684 "GET /api/code-review/submissions/ HTTP/1.1" 200 174303
INFO 2026-07-29 17:39:51,779 basehttp 6868 21508 "GET /api/code-review/submissions/ HTTP/1.1" 200 174303
INFO 2026-07-29 17:39:56,246 basehttp 6868 21508 "GET /api/code-review/languages/ HTTP/1.1" 200 1587
INFO 2026-07-29 17:39:56,396 basehttp 6868 21508 "GET /api/code-review/languages/ HTTP/1.1" 200 1587
INFO 2026-07-29 17:42:08,307 basehttp 6868 21508 "POST /api/code-review/submissions/ HTTP/1.1" 201 99550
INFO 2026-07-29 17:42:08,665 basehttp 6868 21508 "POST /api/code-review/initiate-review/ HTTP/1.1" 200 588
INFO 2026-07-29 17:42:12,383 basehttp 6868 21508 "GET /api/code-review/stats/ HTTP/1.1" 200 1382
INFO 2026-07-29 17:42:12,824 basehttp 6868 21508 "GET /api/code-review/stats/ HTTP/1.1" 200 1382
INFO 2026-07-29 17:42:12,900 basehttp 6868 23684 "GET /api/code-review/submissions/ HTTP/1.1" 200 274237
INFO 2026-07-29 17:42:13,427 basehttp 6868 21508 "GET /api/code-review/submissions/ HTTP/1.1" 200 274237
INFO 2026-07-29 17:42:17,744 basehttp 6868 20180 "OPTIONS /api/code-review/submissions/30eaa2e0-3ebc-4abe-91db-689477eabaaf/ HTTP/1.1" 200 0
INFO 2026-07-29 17:42:17,757 basehttp 6868 21060 "OPTIONS /api/code-review/submissions/30eaa2e0-3ebc-4abe-91db-689477eabaaf/ HTTP/1.1" 200 0
INFO 2026-07-29 17:42:18,117 basehttp 6868 21508 "GET /api/code-review/submissions/30eaa2e0-3ebc-4abe-91db-689477eabaaf/ HTTP/1.1" 200 99933
INFO 2026-07-29 17:42:18,372 basehttp 6868 23684 "GET /api/code-review/submissions/30eaa2e0-3ebc-4abe-91db-689477eabaaf/ HTTP/1.1" 200 99933
INFO 2026-07-29 17:42:25,316 basehttp 6868 23684 "GET /api/code-review/stats/ HTTP/1.1" 200 1382
INFO 2026-07-29 17:42:25,651 basehttp 6868 21508 "GET /api/code-review/submissions/ HTTP/1.1" 200 274237
INFO 2026-07-29 17:42:25,727 basehttp 6868 23684 "GET /api/code-review/stats/ HTTP/1.1" 200 1382
INFO 2026-07-29 17:42:26,484 basehttp 6868 23684 "GET /api/code-review/submissions/ HTTP/1.1" 200 274237
INFO 2026-07-29 17:42:30,544 basehttp 6868 23684 "GET /api/code-review/submissions/549e3225-4bfa-4c31-95f6-4b47a23ce333/ HTTP/1.1" 200 11274
INFO 2026-07-29 17:42:30,760 basehttp 6868 23684 "GET /api/code-review/submissions/549e3225-4bfa-4c31-95f6-4b47a23ce333/ HTTP/1.1" 200 11274
INFO 2026-07-29 17:43:07,503 basehttp 6868 23684 "GET /api/code-review/stats/ HTTP/1.1" 200 1382
INFO 2026-07-29 17:43:07,964 basehttp 6868 21508 "GET /api/code-review/submissions/ HTTP/1.1" 200 274237
INFO 2026-07-29 17:43:08,070 basehttp 6868 23684 "GET /api/code-review/stats/ HTTP/1.1" 200 1382
INFO 2026-07-29 17:43:08,709 basehttp 6868 23684 "GET /api/code-review/submissions/ HTTP/1.1" 200 274237
INFO 2026-07-29 17:43:12,142 basehttp 6868 23684 "GET /api/code-review/languages/ HTTP/1.1" 200 1587
INFO 2026-07-29 17:43:12,344 basehttp 6868 23684 "GET /api/code-review/languages/ HTTP/1.1" 200 1587
INFO 2026-07-29 17:43:21,047 basehttp 6868 23684 "POST /api/code-review/submissions/ HTTP/1.1" 201 10359
INFO 2026-07-29 17:43:21,350 basehttp 6868 23684 "POST /api/code-review/initiate-review/ HTTP/1.1" 200 1277
INFO 2026-07-29 17:43:24,873 basehttp 6868 23684 "GET /api/code-review/stats/ HTTP/1.1" 200 1374
INFO 2026-07-29 17:43:25,353 basehttp 6868 21508 "GET /api/code-review/submissions/ HTTP/1.1" 200 285673
INFO 2026-07-29 17:43:25,422 basehttp 6868 23684 "GET /api/code-review/stats/ HTTP/1.1" 200 1374
INFO 2026-07-29 17:43:26,168 basehttp 6868 23684 "GET /api/code-review/submissions/ HTTP/1.1" 200 285673
INFO 2026-07-29 17:43:30,734 basehttp 6868 21060 "OPTIONS /api/code-review/submissions/9c6805c7-d33c-4ed7-87fb-ff85614bd2f4/ HTTP/1.1" 200 0
INFO 2026-07-29 17:43:30,737 basehttp 6868 20180 "OPTIONS /api/code-review/submissions/9c6805c7-d33c-4ed7-87fb-ff85614bd2f4/ HTTP/1.1" 200 0
INFO 2026-07-29 17:43:30,918 basehttp 6868 23684 "GET /api/code-review/submissions/9c6805c7-d33c-4ed7-87fb-ff85614bd2f4/ HTTP/1.1" 200 11434
INFO 2026-07-29 17:43:31,068 basehttp 6868 23684 "GET /api/code-review/submissions/9c6805c7-d33c-4ed7-87fb-ff85614bd2f4/ HTTP/1.1" 200 11434
INFO 2026-07-29 17:50:30,430 autoreload 6868 12356 C:\ai-code-review-platform\backend\code_review\views.py changed, reloading.
INFO 2026-07-29 17:50:33,913 autoreload 15816 5572 Watching for file changes with StatReloader
INFO 2026-07-29 17:51:41,964 autoreload 15816 5572 C:\ai-code-review-platform\backend\code_review\views.py changed, reloading.
INFO 2026-07-29 17:51:45,317 autoreload 22620 17244 Watching for file changes with StatReloader
INFO 2026-07-29 17:52:28,400 autoreload 25280 25276 Watching for file changes with StatReloader
INFO 2026-07-29 17:57:26,030 autoreload 25280 25276 C:\ai-code-review-platform\backend\code_review\views.py changed, reloading.
INFO 2026-07-29 17:57:28,898 autoreload 10200 17580 Watching for file changes with StatReloader
WARNING 2026-07-29 17:57:53,396 basehttp 10200 25020 "GET /api/code-review/stats/ HTTP/1.1" 401 183
WARNING 2026-07-29 17:57:53,408 basehttp 10200 25020 "GET /api/code-review/stats/ HTTP/1.1" 401 183
INFO 2026-07-29 17:57:53,753 basehttp 10200 7932 "POST /api/token/refresh/ HTTP/1.1" 200 582
INFO 2026-07-29 17:57:53,754 basehttp 10200 24588 "POST /api/token/refresh/ HTTP/1.1" 200 582
INFO 2026-07-29 17:57:54,242 basehttp 10200 25020 "GET /api/code-review/stats/ HTTP/1.1" 200 1374
INFO 2026-07-29 17:57:54,694 basehttp 10200 8968 "GET /api/code-review/submissions/ HTTP/1.1" 200 285673
INFO 2026-07-29 17:57:54,718 basehttp 10200 25020 "GET /api/code-review/stats/ HTTP/1.1" 200 1374
INFO 2026-07-29 17:57:55,567 basehttp 10200 25020 "GET /api/code-review/submissions/ HTTP/1.1" 200 285673
INFO 2026-07-29 17:57:59,050 basehttp 10200 25020 "GET /api/code-review/submissions/9c6805c7-d33c-4ed7-87fb-ff85614bd2f4/ HTTP/1.1" 200 11434
INFO 2026-07-29 17:57:59,246 basehttp 10200 25020 "GET /api/code-review/submissions/9c6805c7-d33c-4ed7-87fb-ff85614bd2f4/ HTTP/1.1" 200 11434
INFO 2026-07-29 17:58:21,207 basehttp 10200 25020 "GET /api/code-review/stats/ HTTP/1.1" 200 1374
INFO 2026-07-29 17:58:21,630 basehttp 10200 8968 "GET /api/code-review/submissions/ HTTP/1.1" 200 285673
INFO 2026-07-29 17:58:21,797 basehttp 10200 25020 "GET /api/code-review/stats/ HTTP/1.1" 200 1374
INFO 2026-07-29 17:58:22,242 basehttp 10200 25020 "GET /api/code-review/submissions/ HTTP/1.1" 200 285673
INFO 2026-07-29 17:58:25,654 basehttp 10200 25020 "GET /api/code-review/languages/ HTTP/1.1" 200 1587
INFO 2026-07-29 17:58:25,908 basehttp 10200 25020 "GET /api/code-review/languages/ HTTP/1.1" 200 1587
INFO 2026-07-29 17:58:36,952 basehttp 10200 25020 "POST /api/code-review/submissions/ HTTP/1.1" 201 10402
INFO 2026-07-29 17:58:37,324 basehttp 10200 25020 "POST /api/code-review/initiate-review/ HTTP/1.1" 200 6191
INFO 2026-07-29 17:58:40,913 basehttp 10200 25020 "GET /api/code-review/stats/ HTTP/1.1" 200 1372
INFO 2026-07-29 17:58:41,273 basehttp 10200 8968 "GET /api/code-review/submissions/ HTTP/1.1" 200 302066
INFO 2026-07-29 17:58:41,286 basehttp 10200 25020 "GET /api/code-review/stats/ HTTP/1.1" 200 1372
INFO 2026-07-29 17:58:41,904 basehttp 10200 25020 "GET /api/code-review/submissions/ HTTP/1.1" 200 302066
INFO 2026-07-29 17:59:09,169 basehttp 10200 7932 "OPTIONS /api/code-review/submissions/1bf04f19-5f3b-4d16-acc0-d9030d89b18a/ HTTP/1.1" 200 0
INFO 2026-07-29 17:59:09,170 basehttp 10200 24588 "OPTIONS /api/code-review/submissions/1bf04f19-5f3b-4d16-acc0-d9030d89b18a/ HTTP/1.1" 200 0
INFO 2026-07-29 17:59:09,495 basehttp 10200 25020 "GET /api/code-review/submissions/1bf04f19-5f3b-4d16-acc0-d9030d89b18a/ HTTP/1.1" 200 16392
INFO 2026-07-29 17:59:09,759 basehttp 10200 25020 "GET /api/code-review/submissions/1bf04f19-5f3b-4d16-acc0-d9030d89b18a/ HTTP/1.1" 200 16392
INFO 2026-07-29 18:00:40,084 basehttp 10200 25020 "GET /api/code-review/stats/ HTTP/1.1" 200 1372
INFO 2026-07-29 18:00:40,507 basehttp 10200 8968 "GET /api/code-review/submissions/ HTTP/1.1" 200 302066
INFO 2026-07-29 18:00:40,552 basehttp 10200 25020 "GET /api/code-review/stats/ HTTP/1.1" 200 1372
INFO 2026-07-29 18:00:41,560 basehttp 10200 25020 "GET /api/code-review/submissions/ HTTP/1.1" 200 302066
INFO 2026-07-29 18:00:45,005 basehttp 10200 25020 "GET /api/code-review/languages/ HTTP/1.1" 200 1587
INFO 2026-07-29 18:00:45,174 basehttp 10200 25020 "GET /api/code-review/languages/ HTTP/1.1" 200 1587
INFO 2026-07-29 18:00:54,303 basehttp 10200 25020 "POST /api/code-review/submissions/ HTTP/1.1" 201 625
INFO 2026-07-29 18:00:54,635 basehttp 10200 25020 "POST /api/code-review/initiate-review/ HTTP/1.1" 200 732
INFO 2026-07-29 18:00:58,032 basehttp 10200 25020 "GET /api/code-review/stats/ HTTP/1.1" 200 1371
INFO 2026-07-29 18:00:58,529 basehttp 10200 8968 "GET /api/code-review/submissions/ HTTP/1.1" 200 303220
INFO 2026-07-29 18:00:58,591 basehttp 10200 25020 "GET /api/code-review/stats/ HTTP/1.1" 200 1371
INFO 2026-07-29 18:00:59,116 basehttp 10200 25020 "GET /api/code-review/submissions/ HTTP/1.1" 200 303220
INFO 2026-07-29 18:01:02,175 basehttp 10200 24588 "OPTIONS /api/code-review/submissions/cd60c8bd-eec6-49e7-bd17-47edee5fb2b5/ HTTP/1.1" 200 0
INFO 2026-07-29 18:01:02,176 basehttp 10200 7932 "OPTIONS /api/code-review/submissions/cd60c8bd-eec6-49e7-bd17-47edee5fb2b5/ HTTP/1.1" 200 0
INFO 2026-07-29 18:01:02,395 basehttp 10200 25020 "GET /api/code-review/submissions/cd60c8bd-eec6-49e7-bd17-47edee5fb2b5/ HTTP/1.1" 200 1153
INFO 2026-07-29 18:01:02,671 basehttp 10200 25020 "GET /api/code-review/submissions/cd60c8bd-eec6-49e7-bd17-47edee5fb2b5/ HTTP/1.1" 200 1153
INFO 2026-07-29 18:10:04,930 autoreload 10200 17580 C:\ai-code-review-platform\backend\code_review\views.py changed, reloading.
INFO 2026-07-29 18:10:08,717 autoreload 15528 25248 Watching for file changes with StatReloader
INFO 2026-07-29 18:10:15,291 autoreload 15528 25248 C:\ai-code-review-platform\backend\code_review\views.py changed, reloading.
INFO 2026-07-29 18:10:18,470 autoreload 1420 23404 Watching for file changes with StatReloader
INFO 2026-07-29 18:11:37,881 basehttp 1420 8356 "GET /api/code-review/stats/ HTTP/1.1" 200 1371
INFO 2026-07-29 18:11:38,291 basehttp 1420 8356 "GET /api/code-review/stats/ HTTP/1.1" 200 1371
INFO 2026-07-29 18:11:38,340 basehttp 1420 10988 "GET /api/code-review/submissions/ HTTP/1.1" 200 303220
INFO 2026-07-29 18:11:38,847 basehttp 1420 8356 "GET /api/code-review/submissions/ HTTP/1.1" 200 303220
INFO 2026-07-29 18:11:43,117 basehttp 1420 8356 "GET /api/code-review/languages/ HTTP/1.1" 200 1587
INFO 2026-07-29 18:11:43,358 basehttp 1420 8356 "GET /api/code-review/languages/ HTTP/1.1" 200 1587
INFO 2026-07-29 18:12:04,241 basehttp 1420 8356 "POST /api/code-review/submissions/ HTTP/1.1" 201 746
INFO 2026-07-29 18:12:04,538 basehttp 1420 8356 "POST /api/code-review/initiate-review/ HTTP/1.1" 200 552
INFO 2026-07-29 18:12:07,982 basehttp 1420 8356 "GET /api/code-review/stats/ HTTP/1.1" 200 1386
INFO 2026-07-29 18:12:08,400 basehttp 1420 10988 "GET /api/code-review/submissions/ HTTP/1.1" 200 304314
INFO 2026-07-29 18:12:08,436 basehttp 1420 8356 "GET /api/code-review/stats/ HTTP/1.1" 200 1386
INFO 2026-07-29 18:12:09,116 basehttp 1420 8356 "GET /api/code-review/submissions/ HTTP/1.1" 200 304314
INFO 2026-07-29 18:12:12,022 basehttp 1420 8836 "OPTIONS /api/code-review/submissions/7c9d344c-aa2e-4728-a25e-a5eafe84b3f8/ HTTP/1.1" 200 0
INFO 2026-07-29 18:12:12,023 basehttp 1420 24536 "OPTIONS /api/code-review/submissions/7c9d344c-aa2e-4728-a25e-a5eafe84b3f8/ HTTP/1.1" 200 0
INFO 2026-07-29 18:12:12,309 basehttp 1420 8356 "GET /api/code-review/submissions/7c9d344c-aa2e-4728-a25e-a5eafe84b3f8/ HTTP/1.1" 200 1093
INFO 2026-07-29 18:12:12,576 basehttp 1420 8356 "GET /api/code-review/submissions/7c9d344c-aa2e-4728-a25e-a5eafe84b3f8/ HTTP/1.1" 200 1093
WARNING 2026-07-29 18:17:05,817 basehttp 1420 8356 "GET /api/code-review/stats/ HTTP/1.1" 401 183
WARNING 2026-07-29 18:17:05,843 basehttp 1420 8356 "GET /api/code-review/stats/ HTTP/1.1" 401 183
INFO 2026-07-29 18:17:05,879 basehttp 1420 24536 "POST /api/token/refresh/ HTTP/1.1" 200 582
INFO 2026-07-29 18:17:05,882 basehttp 1420 8836 "POST /api/token/refresh/ HTTP/1.1" 200 582
INFO 2026-07-29 18:17:06,264 basehttp 1420 8356 "GET /api/code-review/stats/ HTTP/1.1" 200 1386
INFO 2026-07-29 18:17:06,750 basehttp 1420 10988 "GET /api/code-review/submissions/ HTTP/1.1" 200 304314
INFO 2026-07-29 18:17:06,906 basehttp 1420 8356 "GET /api/code-review/stats/ HTTP/1.1" 200 1386
INFO 2026-07-29 18:17:07,382 basehttp 1420 8356 "GET /api/code-review/submissions/ HTTP/1.1" 200 304314
INFO 2026-07-29 18:17:10,118 basehttp 1420 8356 "GET /api/code-review/languages/ HTTP/1.1" 200 1587
INFO 2026-07-29 18:17:10,383 basehttp 1420 8356 "GET /api/code-review/languages/ HTTP/1.1" 200 1587
INFO 2026-07-29 18:17:17,351 basehttp 1420 8356 "POST /api/code-review/submissions/ HTTP/1.1" 201 1147
INFO 2026-07-29 18:17:17,663 basehttp 1420 8356 "POST /api/code-review/initiate-review/ HTTP/1.1" 200 1344
INFO 2026-07-29 18:17:21,068 basehttp 1420 8356 "GET /api/code-review/stats/ HTTP/1.1" 200 1393
INFO 2026-07-29 18:17:21,740 basehttp 1420 10988 "GET /api/code-review/submissions/ HTTP/1.1" 200 306595
INFO 2026-07-29 18:17:21,747 basehttp 1420 8356 "GET /api/code-review/stats/ HTTP/1.1" 200 1393
INFO 2026-07-29 18:17:22,084 basehttp 1420 8356 "GET /api/code-review/submissions/ HTTP/1.1" 200 306595
INFO 2026-07-29 18:17:25,187 basehttp 1420 24536 "OPTIONS /api/code-review/submissions/bc4f679a-ccce-4686-bd5c-6818ad9388b5/ HTTP/1.1" 200 0
INFO 2026-07-29 18:17:25,189 basehttp 1420 8836 "OPTIONS /api/code-review/submissions/bc4f679a-ccce-4686-bd5c-6818ad9388b5/ HTTP/1.1" 200 0
INFO 2026-07-29 18:17:25,420 basehttp 1420 8356 "GET /api/code-review/submissions/bc4f679a-ccce-4686-bd5c-6818ad9388b5/ HTTP/1.1" 200 2280
INFO 2026-07-29 18:17:25,624 basehttp 1420 8356 "GET /api/code-review/submissions/bc4f679a-ccce-4686-bd5c-6818ad9388b5/ HTTP/1.1" 200 2280
INFO 2026-07-29 18:19:49,979 autoreload 1420 23404 C:\ai-code-review-platform\backend\code_review\views.py changed, reloading.
INFO 2026-07-29 18:19:53,456 autoreload 15992 21292 Watching for file changes with StatReloader
INFO 2026-07-29 18:20:17,501 autoreload 15992 21292 C:\ai-code-review-platform\backend\code_review\views.py changed, reloading.
INFO 2026-07-29 18:20:21,091 autoreload 24556 22740 Watching for file changes with StatReloader
INFO 2026-07-29 18:20:39,158 autoreload 24556 22740 C:\ai-code-review-platform\backend\code_review\views.py changed, reloading.
INFO 2026-07-29 18:20:42,692 autoreload 4304 3788 Watching for file changes with StatReloader
INFO 2026-07-29 18:25:44,053 autoreload 4304 3788 C:\ai-code-review-platform\backend\code_review\views.py changed, reloading.
INFO 2026-07-29 18:25:45,935 autoreload 22896 4736 Watching for file changes with StatReloader
INFO 2026-07-29 18:25:58,451 basehttp 22896 16044 "GET /api/code-review/stats/ HTTP/1.1" 200 1393
INFO 2026-07-29 18:25:58,558 basehttp 22896 16044 "GET /api/code-review/stats/ HTTP/1.1" 200 1393
INFO 2026-07-29 18:25:58,672 basehttp 22896 22248 "GET /api/code-review/submissions/ HTTP/1.1" 200 306595
INFO 2026-07-29 18:25:58,904 basehttp 22896 16044 "GET /api/code-review/submissions/ HTTP/1.1" 200 306595
INFO 2026-07-29 18:26:00,966 basehttp 22896 16044 "GET /api/code-review/languages/ HTTP/1.1" 200 1587
INFO 2026-07-29 18:26:01,038 basehttp 22896 16044 "GET /api/code-review/languages/ HTTP/1.1" 200 1587
INFO 2026-07-29 18:26:57,342 basehttp 22896 16044 "POST /api/code-review/submissions/ HTTP/1.1" 201 1242
INFO 2026-07-29 18:26:57,566 basehttp 22896 16044 "POST /api/code-review/initiate-review/ HTTP/1.1" 200 4832
INFO 2026-07-29 18:27:00,729 basehttp 22896 16044 "GET /api/code-review/stats/ HTTP/1.1" 200 1410
INFO 2026-07-29 18:27:00,865 basehttp 22896 22248 "GET /api/code-review/submissions/ HTTP/1.1" 200 310908
INFO 2026-07-29 18:27:00,972 basehttp 22896 16044 "GET /api/code-review/stats/ HTTP/1.1" 200 1410
INFO 2026-07-29 18:27:01,218 basehttp 22896 16044 "GET /api/code-review/submissions/ HTTP/1.1" 200 310908
INFO 2026-07-29 18:27:12,364 basehttp 22896 17440 "OPTIONS /api/code-review/submissions/52ccb717-ae7d-433d-a661-cafd0044bb82/ HTTP/1.1" 200 0
INFO 2026-07-29 18:27:12,365 basehttp 22896 17776 "OPTIONS /api/code-review/submissions/52ccb717-ae7d-433d-a661-cafd0044bb82/ HTTP/1.1" 200 0
INFO 2026-07-29 18:27:12,589 basehttp 22896 16044 "GET /api/code-review/submissions/52ccb717-ae7d-433d-a661-cafd0044bb82/ HTTP/1.1" 200 4312
INFO 2026-07-29 18:27:12,803 basehttp 22896 16044 "GET /api/code-review/submissions/52ccb717-ae7d-433d-a661-cafd0044bb82/ HTTP/1.1" 200 4312
INFO 2026-07-29 18:31:47,231 autoreload 22896 4736 C:\ai-code-review-platform\backend\code_review\views.py changed, reloading.
INFO 2026-07-29 18:31:48,555 autoreload 9700 13608 Watching for file changes with StatReloader
INFO 2026-07-29 18:32:07,042 autoreload 9700 13608 C:\ai-code-review-platform\backend\code_review\views.py changed, reloading.
INFO 2026-07-29 18:32:08,468 autoreload 1636 23684 Watching for file changes with StatReloader
INFO 2026-07-29 18:32:13,816 autoreload 1636 23684 C:\ai-code-review-platform\backend\code_review\views.py changed, reloading.
INFO 2026-07-29 18:32:15,112 autoreload 15740 25288 Watching for file changes with StatReloader
WARNING 2026-07-29 18:32:39,558 basehttp 15740 16644 "GET /api/code-review/languages/ HTTP/1.1" 401 183
WARNING 2026-07-29 18:32:39,564 basehttp 15740 16644 "GET /api/code-review/languages/ HTTP/1.1" 401 183
INFO 2026-07-29 18:32:39,887 basehttp 15740 11520 "POST /api/token/refresh/ HTTP/1.1" 200 582
INFO 2026-07-29 18:32:39,887 basehttp 15740 1172 "POST /api/token/refresh/ HTTP/1.1" 200 582
INFO 2026-07-29 18:32:40,066 basehttp 15740 16644 "GET /api/code-review/languages/ HTTP/1.1" 200 1587
INFO 2026-07-29 18:32:40,142 basehttp 15740 16644 "GET /api/code-review/languages/ HTTP/1.1" 200 1587
INFO 2026-07-29 18:32:56,752 basehttp 15740 16644 "POST /api/code-review/submissions/ HTTP/1.1" 201 1366
INFO 2026-07-29 18:32:56,973 basehttp 15740 16644 "POST /api/code-review/initiate-review/ HTTP/1.1" 200 5918
INFO 2026-07-29 18:33:00,171 basehttp 15740 16644 "GET /api/code-review/stats/ HTTP/1.1" 200 1415
INFO 2026-07-29 18:33:00,329 basehttp 15740 16644 "GET /api/code-review/stats/ HTTP/1.1" 200 1415
INFO 2026-07-29 18:33:00,329 basehttp 15740 8904 "GET /api/code-review/submissions/ HTTP/1.1" 200 316241
INFO 2026-07-29 18:33:00,613 basehttp 15740 8904 "GET /api/code-review/submissions/ HTTP/1.1" 200 316241
INFO 2026-07-29 18:33:02,946 basehttp 15740 8904 "GET /api/code-review/languages/ HTTP/1.1" 200 1587
INFO 2026-07-29 18:33:03,021 basehttp 15740 8904 "GET /api/code-review/languages/ HTTP/1.1" 200 1587
INFO 2026-07-29 18:33:07,000 basehttp 15740 8904 "GET /api/code-review/stats/ HTTP/1.1" 200 1415
INFO 2026-07-29 18:33:07,176 basehttp 15740 16644 "GET /api/code-review/submissions/ HTTP/1.1" 200 316241
INFO 2026-07-29 18:33:07,181 basehttp 15740 8904 "GET /api/code-review/stats/ HTTP/1.1" 200 1415
INFO 2026-07-29 18:33:07,440 basehttp 15740 8904 "GET /api/code-review/submissions/ HTTP/1.1" 200 316241
INFO 2026-07-29 18:33:11,561 basehttp 15740 11520 "OPTIONS /api/code-review/submissions/947b9055-4d16-44d4-b214-e5a3dd4788b5/ HTTP/1.1" 200 0
INFO 2026-07-29 18:33:11,561 basehttp 15740 1172 "OPTIONS /api/code-review/submissions/947b9055-4d16-44d4-b214-e5a3dd4788b5/ HTTP/1.1" 200 0
INFO 2026-07-29 18:33:11,648 basehttp 15740 8904 "GET /api/code-review/submissions/947b9055-4d16-44d4-b214-e5a3dd4788b5/ HTTP/1.1" 200 5332
INFO 2026-07-29 18:33:11,724 basehttp 15740 8904 "GET /api/code-review/submissions/947b9055-4d16-44d4-b214-e5a3dd4788b5/ HTTP/1.1" 200 5332
INFO 2026-07-29 18:38:09,701 autoreload 15740 25288 C:\ai-code-review-platform\backend\code_review\views.py changed, reloading.
INFO 2026-07-29 18:38:11,099 autoreload 20032 12096 Watching for file changes with StatReloader
INFO 2026-07-29 18:38:34,010 basehttp 20032 6528 "GET /api/code-review/stats/ HTTP/1.1" 200 1415
INFO 2026-07-29 18:38:34,171 basehttp 20032 9908 "GET /api/code-review/submissions/ HTTP/1.1" 200 316241
INFO 2026-07-29 18:38:34,282 basehttp 20032 6528 "GET /api/code-review/stats/ HTTP/1.1" 200 1415
INFO 2026-07-29 18:38:34,535 basehttp 20032 6528 "GET /api/code-review/submissions/ HTTP/1.1" 200 316241
INFO 2026-07-29 18:38:35,743 basehttp 20032 6528 "GET /api/code-review/languages/ HTTP/1.1" 200 1587
INFO 2026-07-29 18:38:35,809 basehttp 20032 6528 "GET /api/code-review/languages/ HTTP/1.1" 200 1587
INFO 2026-07-29 18:38:42,610 basehttp 20032 6528 "POST /api/code-review/submissions/ HTTP/1.1" 201 1516
INFO 2026-07-29 18:38:42,795 basehttp 20032 6528 "POST /api/code-review/initiate-review/ HTTP/1.1" 200 6219
INFO 2026-07-29 18:38:46,096 basehttp 20032 6528 "GET /api/code-review/stats/ HTTP/1.1" 200 1419
INFO 2026-07-29 18:38:46,247 basehttp 20032 6528 "GET /api/code-review/stats/ HTTP/1.1" 200 1419
INFO 2026-07-29 18:38:46,248 basehttp 20032 9908 "GET /api/code-review/submissions/ HTTP/1.1" 200 321875
INFO 2026-07-29 18:38:46,394 basehttp 20032 9908 "GET /api/code-review/submissions/ HTTP/1.1" 200 321875
INFO 2026-07-29 18:38:49,803 basehttp 20032 21336 "OPTIONS /api/code-review/submissions/83d268cd-e7c9-4fec-beed-4348f0ae3cf2/ HTTP/1.1" 200 0
INFO 2026-07-29 18:38:49,804 basehttp 20032 15144 "OPTIONS /api/code-review/submissions/83d268cd-e7c9-4fec-beed-4348f0ae3cf2/ HTTP/1.1" 200 0
INFO 2026-07-29 18:38:49,916 basehttp 20032 9908 "GET /api/code-review/submissions/83d268cd-e7c9-4fec-beed-4348f0ae3cf2/ HTTP/1.1" 200 5633
INFO 2026-07-29 18:38:50,001 basehttp 20032 9908 "GET /api/code-review/submissions/83d268cd-e7c9-4fec-beed-4348f0ae3cf2/ HTTP/1.1" 200 5633
INFO 2026-07-29 21:55:07,092 autoreload 10380 4508 Watching for file changes with StatReloader
INFO 2026-07-29 21:56:16,732 basehttp 10380 11848 "OPTIONS /api/accounts/login/ HTTP/1.1" 200 0
INFO 2026-07-29 21:56:19,918 basehttp 10380 19336 "POST /api/accounts/login/ HTTP/1.1" 200 1212
INFO 2026-07-29 21:56:20,499 basehttp 10380 1152 "OPTIONS /api/code-review/stats/ HTTP/1.1" 200 0
INFO 2026-07-29 21:56:20,500 basehttp 10380 11848 "OPTIONS /api/code-review/stats/ HTTP/1.1" 200 0
INFO 2026-07-29 21:56:20,768 basehttp 10380 19336 "GET /api/code-review/stats/ HTTP/1.1" 200 1419
INFO 2026-07-29 21:56:20,778 basehttp 10380 11848 "OPTIONS /api/code-review/submissions/ HTTP/1.1" 200 0
INFO 2026-07-29 21:56:21,020 basehttp 10380 19336 "GET /api/code-review/stats/ HTTP/1.1" 200 1419
INFO 2026-07-29 21:56:21,105 basehttp 10380 14428 "GET /api/code-review/submissions/ HTTP/1.1" 200 321875
INFO 2026-07-29 21:56:21,396 basehttp 10380 19336 "GET /api/code-review/submissions/ HTTP/1.1" 200 321875
INFO 2026-07-29 21:56:28,420 basehttp 10380 11848 "OPTIONS /api/code-review/submissions/83d268cd-e7c9-4fec-beed-4348f0ae3cf2/ HTTP/1.1" 200 0
INFO 2026-07-29 21:56:28,693 basehttp 10380 19336 "DELETE /api/code-review/submissions/83d268cd-e7c9-4fec-beed-4348f0ae3cf2/ HTTP/1.1" 204 0
WARNING 2026-07-29 21:56:28,850 basehttp 10380 19336 "GET /api/code-review/submissions/83d268cd-e7c9-4fec-beed-4348f0ae3cf2/ HTTP/1.1" 404 55
INFO 2026-07-29 21:56:28,981 basehttp 10380 14428 "GET /api/code-review/stats/ HTTP/1.1" 200 1415
WARNING 2026-07-29 21:56:29,025 basehttp 10380 19336 "GET /api/code-review/submissions/83d268cd-e7c9-4fec-beed-4348f0ae3cf2/ HTTP/1.1" 404 55
INFO 2026-07-29 21:56:29,251 basehttp 10380 14428 "GET /api/code-review/stats/ HTTP/1.1" 200 1415
INFO 2026-07-29 21:56:29,734 basehttp 10380 14428 "GET /api/code-review/submissions/ HTTP/1.1" 200 316241
INFO 2026-07-29 21:56:30,610 basehttp 10380 14428 "GET /api/code-review/stats/ HTTP/1.1" 200 1415
INFO 2026-07-29 21:56:30,938 basehttp 10380 14428 "GET /api/code-review/stats/ HTTP/1.1" 200 1415
INFO 2026-07-29 21:56:30,938 basehttp 10380 19336 "GET /api/code-review/submissions/ HTTP/1.1" 200 316241
INFO 2026-07-29 21:56:31,242 basehttp 10380 19336 "GET /api/code-review/submissions/ HTTP/1.1" 200 316241
INFO 2026-07-29 21:56:36,714 basehttp 10380 11848 "OPTIONS /api/code-review/submissions/947b9055-4d16-44d4-b214-e5a3dd4788b5/ HTTP/1.1" 200 0
INFO 2026-07-29 21:56:36,948 basehttp 10380 19336 "DELETE /api/code-review/submissions/947b9055-4d16-44d4-b214-e5a3dd4788b5/ HTTP/1.1" 204 0
WARNING 2026-07-29 21:56:37,109 basehttp 10380 19336 "GET /api/code-review/submissions/947b9055-4d16-44d4-b214-e5a3dd4788b5/ HTTP/1.1" 404 55
INFO 2026-07-29 21:56:37,234 basehttp 10380 14428 "GET /api/code-review/stats/ HTTP/1.1" 200 1410
WARNING 2026-07-29 21:56:37,280 basehttp 10380 19336 "GET /api/code-review/submissions/947b9055-4d16-44d4-b214-e5a3dd4788b5/ HTTP/1.1" 404 55
INFO 2026-07-29 21:56:37,603 basehttp 10380 14428 "GET /api/code-review/stats/ HTTP/1.1" 200 1410
INFO 2026-07-29 21:56:37,874 basehttp 10380 14428 "GET /api/code-review/submissions/ HTTP/1.1" 200 310908
INFO 2026-07-29 21:56:39,806 basehttp 10380 14428 "GET /api/code-review/stats/ HTTP/1.1" 200 1410
INFO 2026-07-29 21:56:40,143 basehttp 10380 14428 "GET /api/code-review/stats/ HTTP/1.1" 200 1410
INFO 2026-07-29 21:56:40,144 basehttp 10380 19336 "GET /api/code-review/submissions/ HTTP/1.1" 200 310908
INFO 2026-07-29 21:56:40,394 basehttp 10380 14428 "GET /api/code-review/submissions/ HTTP/1.1" 200 310908
INFO 2026-07-29 21:56:46,342 basehttp 10380 11848 "OPTIONS /api/code-review/submissions/52ccb717-ae7d-433d-a661-cafd0044bb82/ HTTP/1.1" 200 0
INFO 2026-07-29 21:56:46,584 basehttp 10380 14428 "DELETE /api/code-review/submissions/52ccb717-ae7d-433d-a661-cafd0044bb82/ HTTP/1.1" 204 0
WARNING 2026-07-29 21:56:46,847 basehttp 10380 14428 "GET /api/code-review/submissions/52ccb717-ae7d-433d-a661-cafd0044bb82/ HTTP/1.1" 404 55
INFO 2026-07-29 21:56:46,980 basehttp 10380 19336 "GET /api/code-review/stats/ HTTP/1.1" 200 1393
WARNING 2026-07-29 21:56:47,015 basehttp 10380 14428 "GET /api/code-review/submissions/52ccb717-ae7d-433d-a661-cafd0044bb82/ HTTP/1.1" 404 55
INFO 2026-07-29 21:56:47,251 basehttp 10380 19336 "GET /api/code-review/stats/ HTTP/1.1" 200 1393
INFO 2026-07-29 21:56:47,551 basehttp 10380 19336 "GET /api/code-review/submissions/ HTTP/1.1" 200 306595
INFO 2026-07-29 21:56:48,706 basehttp 10380 19336 "GET /api/code-review/stats/ HTTP/1.1" 200 1393
INFO 2026-07-29 21:56:48,999 basehttp 10380 14428 "GET /api/code-review/submissions/ HTTP/1.1" 200 306595
INFO 2026-07-29 21:56:49,138 basehttp 10380 19336 "GET /api/code-review/stats/ HTTP/1.1" 200 1393
INFO 2026-07-29 21:56:49,575 basehttp 10380 19336 "GET /api/code-review/submissions/ HTTP/1.1" 200 306595
INFO 2026-07-29 21:56:53,052 basehttp 10380 11848 "OPTIONS /api/code-review/submissions/bc4f679a-ccce-4686-bd5c-6818ad9388b5/ HTTP/1.1" 200 0
INFO 2026-07-29 21:56:53,336 basehttp 10380 19336 "DELETE /api/code-review/submissions/bc4f679a-ccce-4686-bd5c-6818ad9388b5/ HTTP/1.1" 204 0
WARNING 2026-07-29 21:56:53,593 basehttp 10380 19336 "GET /api/code-review/submissions/bc4f679a-ccce-4686-bd5c-6818ad9388b5/ HTTP/1.1" 404 55
INFO 2026-07-29 21:56:53,614 basehttp 10380 14428 "GET /api/code-review/stats/ HTTP/1.1" 200 1386
WARNING 2026-07-29 21:56:53,757 basehttp 10380 19336 "GET /api/code-review/submissions/bc4f679a-ccce-4686-bd5c-6818ad9388b5/ HTTP/1.1" 404 55
INFO 2026-07-29 21:56:53,885 basehttp 10380 14428 "GET /api/code-review/stats/ HTTP/1.1" 200 1386
INFO 2026-07-29 21:56:54,221 basehttp 10380 14428 "GET /api/code-review/submissions/ HTTP/1.1" 200 304314
INFO 2026-07-29 21:56:55,125 basehttp 10380 14428 "GET /api/code-review/stats/ HTTP/1.1" 200 1386
INFO 2026-07-29 21:56:55,396 basehttp 10380 19336 "GET /api/code-review/submissions/ HTTP/1.1" 200 304314
INFO 2026-07-29 21:56:55,417 basehttp 10380 14428 "GET /api/code-review/stats/ HTTP/1.1" 200 1386
INFO 2026-07-29 21:56:55,943 basehttp 10380 14428 "GET /api/code-review/submissions/ HTTP/1.1" 200 304314
INFO 2026-07-29 21:56:59,593 basehttp 10380 11848 "OPTIONS /api/code-review/submissions/7c9d344c-aa2e-4728-a25e-a5eafe84b3f8/ HTTP/1.1" 200 0
INFO 2026-07-29 21:56:59,823 basehttp 10380 14428 "DELETE /api/code-review/submissions/7c9d344c-aa2e-4728-a25e-a5eafe84b3f8/ HTTP/1.1" 204 0
WARNING 2026-07-29 21:56:59,973 basehttp 10380 14428 "GET /api/code-review/submissions/7c9d344c-aa2e-4728-a25e-a5eafe84b3f8/ HTTP/1.1" 404 55
WARNING 2026-07-29 21:57:00,125 basehttp 10380 14428 "GET /api/code-review/submissions/7c9d344c-aa2e-4728-a25e-a5eafe84b3f8/ HTTP/1.1" 404 55
INFO 2026-07-29 21:57:00,216 basehttp 10380 19336 "GET /api/code-review/stats/ HTTP/1.1" 200 1371
INFO 2026-07-29 21:57:00,472 basehttp 10380 19336 "GET /api/code-review/stats/ HTTP/1.1" 200 1371
INFO 2026-07-29 21:57:00,856 basehttp 10380 19336 "GET /api/code-review/submissions/ HTTP/1.1" 200 303220
INFO 2026-07-29 21:57:01,636 basehttp 10380 19336 "GET /api/code-review/stats/ HTTP/1.1" 200 1371
INFO 2026-07-29 21:57:01,915 basehttp 10380 14428 "GET /api/code-review/submissions/ HTTP/1.1" 200 303220
INFO 2026-07-29 21:57:01,947 basehttp 10380 19336 "GET /api/code-review/stats/ HTTP/1.1" 200 1371
INFO 2026-07-29 21:57:02,455 basehttp 10380 19336 "GET /api/code-review/submissions/ HTTP/1.1" 200 303220
INFO 2026-07-29 21:57:05,745 basehttp 10380 11848 "OPTIONS /api/code-review/submissions/cd60c8bd-eec6-49e7-bd17-47edee5fb2b5/ HTTP/1.1" 200 0
INFO 2026-07-29 21:57:05,962 basehttp 10380 19336 "DELETE /api/code-review/submissions/cd60c8bd-eec6-49e7-bd17-47edee5fb2b5/ HTTP/1.1" 204 0
WARNING 2026-07-29 21:57:06,250 basehttp 10380 19336 "GET /api/code-review/submissions/cd60c8bd-eec6-49e7-bd17-47edee5fb2b5/ HTTP/1.1" 404 55
INFO 2026-07-29 21:57:06,278 basehttp 10380 14428 "GET /api/code-review/stats/ HTTP/1.1" 200 1372
WARNING 2026-07-29 21:57:06,466 basehttp 10380 19336 "GET /api/code-review/submissions/cd60c8bd-eec6-49e7-bd17-47edee5fb2b5/ HTTP/1.1" 404 55
INFO 2026-07-29 21:57:06,625 basehttp 10380 14428 "GET /api/code-review/stats/ HTTP/1.1" 200 1372
INFO 2026-07-29 21:57:06,946 basehttp 10380 14428 "GET /api/code-review/submissions/ HTTP/1.1" 200 302066
INFO 2026-07-29 21:57:08,034 basehttp 10380 14428 "GET /api/code-review/stats/ HTTP/1.1" 200 1372
INFO 2026-07-29 21:57:08,339 basehttp 10380 19336 "GET /api/code-review/submissions/ HTTP/1.1" 200 302066
INFO 2026-07-29 21:57:08,361 basehttp 10380 14428 "GET /api/code-review/stats/ HTTP/1.1" 200 1372
INFO 2026-07-29 21:57:08,820 basehttp 10380 14428 "GET /api/code-review/submissions/ HTTP/1.1" 200 302066
INFO 2026-07-29 21:57:12,655 basehttp 10380 11848 "OPTIONS /api/code-review/submissions/1bf04f19-5f3b-4d16-acc0-d9030d89b18a/ HTTP/1.1" 200 0
INFO 2026-07-29 21:57:12,896 basehttp 10380 14428 "DELETE /api/code-review/submissions/1bf04f19-5f3b-4d16-acc0-d9030d89b18a/ HTTP/1.1" 204 0
WARNING 2026-07-29 21:57:13,031 basehttp 10380 14428 "GET /api/code-review/submissions/1bf04f19-5f3b-4d16-acc0-d9030d89b18a/ HTTP/1.1" 404 55
INFO 2026-07-29 21:57:13,155 basehttp 10380 19336 "GET /api/code-review/stats/ HTTP/1.1" 200 1374
WARNING 2026-07-29 21:57:13,182 basehttp 10380 14428 "GET /api/code-review/submissions/1bf04f19-5f3b-4d16-acc0-d9030d89b18a/ HTTP/1.1" 404 55
INFO 2026-07-29 21:57:13,405 basehttp 10380 19336 "GET /api/code-review/stats/ HTTP/1.1" 200 1374
INFO 2026-07-29 21:57:13,693 basehttp 10380 19336 "GET /api/code-review/submissions/ HTTP/1.1" 200 285673
INFO 2026-07-29 21:57:14,745 basehttp 10380 19336 "GET /api/code-review/stats/ HTTP/1.1" 200 1374
INFO 2026-07-29 21:57:15,126 basehttp 10380 14428 "GET /api/code-review/submissions/ HTTP/1.1" 200 285673
INFO 2026-07-29 21:57:15,172 basehttp 10380 19336 "GET /api/code-review/stats/ HTTP/1.1" 200 1374
INFO 2026-07-29 21:57:15,745 basehttp 10380 19336 "GET /api/code-review/submissions/ HTTP/1.1" 200 285673
INFO 2026-07-29 21:57:19,001 basehttp 10380 11848 "OPTIONS /api/code-review/submissions/9c6805c7-d33c-4ed7-87fb-ff85614bd2f4/ HTTP/1.1" 200 0
INFO 2026-07-29 21:57:19,270 basehttp 10380 19336 "DELETE /api/code-review/submissions/9c6805c7-d33c-4ed7-87fb-ff85614bd2f4/ HTTP/1.1" 204 0
INFO 2026-07-29 21:57:19,519 basehttp 10380 14428 "GET /api/code-review/stats/ HTTP/1.1" 200 1382
WARNING 2026-07-29 21:57:19,547 basehttp 10380 19336 "GET /api/code-review/submissions/9c6805c7-d33c-4ed7-87fb-ff85614bd2f4/ HTTP/1.1" 404 55
WARNING 2026-07-29 21:57:19,713 basehttp 10380 19336 "GET /api/code-review/submissions/9c6805c7-d33c-4ed7-87fb-ff85614bd2f4/ HTTP/1.1" 404 55
INFO 2026-07-29 21:57:19,808 basehttp 10380 14428 "GET /api/code-review/stats/ HTTP/1.1" 200 1382
INFO 2026-07-29 21:57:20,024 basehttp 10380 14428 "GET /api/code-review/submissions/ HTTP/1.1" 200 274237
INFO 2026-07-29 21:57:21,299 basehttp 10380 14428 "GET /api/code-review/stats/ HTTP/1.1" 200 1382
INFO 2026-07-29 21:57:21,633 basehttp 10380 19336 "GET /api/code-review/submissions/ HTTP/1.1" 200 274237
INFO 2026-07-29 21:57:21,678 basehttp 10380 14428 "GET /api/code-review/stats/ HTTP/1.1" 200 1382
INFO 2026-07-29 21:57:22,161 basehttp 10380 14428 "GET /api/code-review/submissions/ HTTP/1.1" 200 274237
INFO 2026-07-29 21:57:26,176 basehttp 10380 11848 "OPTIONS /api/code-review/submissions/30eaa2e0-3ebc-4abe-91db-689477eabaaf/ HTTP/1.1" 200 0
INFO 2026-07-29 21:57:26,398 basehttp 10380 14428 "DELETE /api/code-review/submissions/30eaa2e0-3ebc-4abe-91db-689477eabaaf/ HTTP/1.1" 204 0
WARNING 2026-07-29 21:57:26,556 basehttp 10380 14428 "GET /api/code-review/submissions/30eaa2e0-3ebc-4abe-91db-689477eabaaf/ HTTP/1.1" 404 55
INFO 2026-07-29 21:57:26,668 basehttp 10380 19336 "GET /api/code-review/stats/ HTTP/1.1" 200 1382
WARNING 2026-07-29 21:57:26,703 basehttp 10380 14428 "GET /api/code-review/submissions/30eaa2e0-3ebc-4abe-91db-689477eabaaf/ HTTP/1.1" 404 55
INFO 2026-07-29 21:57:26,957 basehttp 10380 19336 "GET /api/code-review/stats/ HTTP/1.1" 200 1382
INFO 2026-07-29 21:57:27,190 basehttp 10380 19336 "GET /api/code-review/submissions/ HTTP/1.1" 200 174303
INFO 2026-07-29 21:57:28,616 basehttp 10380 19336 "GET /api/code-review/stats/ HTTP/1.1" 200 1382
INFO 2026-07-29 21:57:28,937 basehttp 10380 19336 "GET /api/code-review/stats/ HTTP/1.1" 200 1382
INFO 2026-07-29 21:57:29,007 basehttp 10380 14428 "GET /api/code-review/submissions/ HTTP/1.1" 200 174303
INFO 2026-07-29 21:57:29,289 basehttp 10380 19336 "GET /api/code-review/submissions/ HTTP/1.1" 200 174303
INFO 2026-07-29 21:57:34,541 basehttp 10380 11848 "OPTIONS /api/code-review/submissions/549e3225-4bfa-4c31-95f6-4b47a23ce333/ HTTP/1.1" 200 0
INFO 2026-07-29 21:57:34,808 basehttp 10380 19336 "DELETE /api/code-review/submissions/549e3225-4bfa-4c31-95f6-4b47a23ce333/ HTTP/1.1" 204 0
WARNING 2026-07-29 21:57:34,984 basehttp 10380 19336 "GET /api/code-review/submissions/549e3225-4bfa-4c31-95f6-4b47a23ce333/ HTTP/1.1" 404 55
INFO 2026-07-29 21:57:35,161 basehttp 10380 14428 "GET /api/code-review/stats/ HTTP/1.1" 200 1382
WARNING 2026-07-29 21:57:35,205 basehttp 10380 19336 "GET /api/code-review/submissions/549e3225-4bfa-4c31-95f6-4b47a23ce333/ HTTP/1.1" 404 55
INFO 2026-07-29 21:57:35,453 basehttp 10380 14428 "GET /api/code-review/stats/ HTTP/1.1" 200 1382
INFO 2026-07-29 21:57:35,687 basehttp 10380 14428 "GET /api/code-review/submissions/ HTTP/1.1" 200 163028
INFO 2026-07-29 21:57:36,677 basehttp 10380 14428 "GET /api/code-review/stats/ HTTP/1.1" 200 1382
INFO 2026-07-29 21:57:36,912 basehttp 10380 19336 "GET /api/code-review/submissions/ HTTP/1.1" 200 163028
INFO 2026-07-29 21:57:36,976 basehttp 10380 14428 "GET /api/code-review/stats/ HTTP/1.1" 200 1382
INFO 2026-07-29 21:57:37,358 basehttp 10380 14428 "GET /api/code-review/submissions/ HTTP/1.1" 200 163028
INFO 2026-07-29 21:57:41,417 basehttp 10380 11848 "OPTIONS /api/code-review/submissions/1ada86e2-df09-477f-8418-66c9c5692117/ HTTP/1.1" 200 0
INFO 2026-07-29 21:57:41,673 basehttp 10380 14428 "DELETE /api/code-review/submissions/1ada86e2-df09-477f-8418-66c9c5692117/ HTTP/1.1" 204 0
WARNING 2026-07-29 21:57:41,810 basehttp 10380 14428 "GET /api/code-review/submissions/1ada86e2-df09-477f-8418-66c9c5692117/ HTTP/1.1" 404 55
INFO 2026-07-29 21:57:41,933 basehttp 10380 19336 "GET /api/code-review/stats/ HTTP/1.1" 200 1380
WARNING 2026-07-29 21:57:41,975 basehttp 10380 14428 "GET /api/code-review/submissions/1ada86e2-df09-477f-8418-66c9c5692117/ HTTP/1.1" 404 55
INFO 2026-07-29 21:57:42,201 basehttp 10380 19336 "GET /api/code-review/stats/ HTTP/1.1" 200 1380
INFO 2026-07-29 21:57:42,526 basehttp 10380 19336 "GET /api/code-review/submissions/ HTTP/1.1" 200 156489
INFO 2026-07-29 21:57:43,992 basehttp 10380 19336 "GET /api/code-review/stats/ HTTP/1.1" 200 1380
INFO 2026-07-29 21:57:44,224 basehttp 10380 14428 "GET /api/code-review/submissions/ HTTP/1.1" 200 156489
INFO 2026-07-29 21:57:44,292 basehttp 10380 19336 "GET /api/code-review/stats/ HTTP/1.1" 200 1380
INFO 2026-07-29 21:57:44,603 basehttp 10380 19336 "GET /api/code-review/submissions/ HTTP/1.1" 200 156489
INFO 2026-07-29 21:57:48,822 basehttp 10380 11848 "OPTIONS /api/code-review/submissions/68804fc1-19fd-41e3-8f67-ba9ad3522ac5/ HTTP/1.1" 200 0
INFO 2026-07-29 21:57:49,065 basehttp 10380 19336 "DELETE /api/code-review/submissions/68804fc1-19fd-41e3-8f67-ba9ad3522ac5/ HTTP/1.1" 204 0
WARNING 2026-07-29 21:57:49,217 basehttp 10380 19336 "GET /api/code-review/submissions/68804fc1-19fd-41e3-8f67-ba9ad3522ac5/ HTTP/1.1" 404 55
INFO 2026-07-29 21:57:49,334 basehttp 10380 14428 "GET /api/code-review/stats/ HTTP/1.1" 200 1380
WARNING 2026-07-29 21:57:49,379 basehttp 10380 19336 "GET /api/code-review/submissions/68804fc1-19fd-41e3-8f67-ba9ad3522ac5/ HTTP/1.1" 404 55
INFO 2026-07-29 21:57:49,628 basehttp 10380 14428 "GET /api/code-review/stats/ HTTP/1.1" 200 1380
INFO 2026-07-29 21:57:49,872 basehttp 10380 14428 "GET /api/code-review/submissions/ HTTP/1.1" 200 152814
INFO 2026-07-29 21:57:51,688 basehttp 10380 14428 "GET /api/code-review/stats/ HTTP/1.1" 200 1380
INFO 2026-07-29 21:57:51,952 basehttp 10380 19336 "GET /api/code-review/submissions/ HTTP/1.1" 200 152814
INFO 2026-07-29 21:57:52,024 basehttp 10380 14428 "GET /api/code-review/stats/ HTTP/1.1" 200 1380
INFO 2026-07-29 21:57:52,323 basehttp 10380 14428 "GET /api/code-review/submissions/ HTTP/1.1" 200 152814
INFO 2026-07-29 21:57:57,560 basehttp 10380 11848 "OPTIONS /api/code-review/submissions/7a36a116-da96-4797-9cb7-facbfae95c2f/ HTTP/1.1" 200 0
INFO 2026-07-29 21:57:57,791 basehttp 10380 14428 "DELETE /api/code-review/submissions/7a36a116-da96-4797-9cb7-facbfae95c2f/ HTTP/1.1" 204 0
WARNING 2026-07-29 21:57:58,048 basehttp 10380 14428 "GET /api/code-review/submissions/7a36a116-da96-4797-9cb7-facbfae95c2f/ HTTP/1.1" 404 55
INFO 2026-07-29 21:57:58,105 basehttp 10380 19336 "GET /api/code-review/stats/ HTTP/1.1" 200 1156
WARNING 2026-07-29 21:57:58,195 basehttp 10380 14428 "GET /api/code-review/submissions/7a36a116-da96-4797-9cb7-facbfae95c2f/ HTTP/1.1" 404 55
INFO 2026-07-29 21:57:58,345 basehttp 10380 19336 "GET /api/code-review/stats/ HTTP/1.1" 200 1156
INFO 2026-07-29 21:57:58,580 basehttp 10380 19336 "GET /api/code-review/submissions/ HTTP/1.1" 200 151447
INFO 2026-07-29 21:57:59,406 basehttp 10380 19336 "GET /api/code-review/stats/ HTTP/1.1" 200 1156
INFO 2026-07-29 21:57:59,627 basehttp 10380 14428 "GET /api/code-review/submissions/ HTTP/1.1" 200 151447
INFO 2026-07-29 21:57:59,711 basehttp 10380 19336 "GET /api/code-review/stats/ HTTP/1.1" 200 1156
INFO 2026-07-29 21:58:00,014 basehttp 10380 19336 "GET /api/code-review/submissions/ HTTP/1.1" 200 151447
INFO 2026-07-29 21:58:03,952 basehttp 10380 11848 "OPTIONS /api/code-review/submissions/67ac22df-26bc-4ebb-a9fe-4c861b438cce/ HTTP/1.1" 200 0
INFO 2026-07-29 21:58:04,198 basehttp 10380 19336 "DELETE /api/code-review/submissions/67ac22df-26bc-4ebb-a9fe-4c861b438cce/ HTTP/1.1" 204 0
WARNING 2026-07-29 21:58:04,334 basehttp 10380 19336 "GET /api/code-review/submissions/67ac22df-26bc-4ebb-a9fe-4c861b438cce/ HTTP/1.1" 404 55
INFO 2026-07-29 21:58:04,450 basehttp 10380 14428 "GET /api/code-review/stats/ HTTP/1.1" 200 930
WARNING 2026-07-29 21:58:04,599 basehttp 10380 19336 "GET /api/code-review/submissions/67ac22df-26bc-4ebb-a9fe-4c861b438cce/ HTTP/1.1" 404 55
INFO 2026-07-29 21:58:04,712 basehttp 10380 14428 "GET /api/code-review/stats/ HTTP/1.1" 200 930
INFO 2026-07-29 21:58:04,892 basehttp 10380 14428 "GET /api/code-review/submissions/ HTTP/1.1" 200 144984
INFO 2026-07-29 21:58:06,437 basehttp 10380 14428 "GET /api/code-review/stats/ HTTP/1.1" 200 930
INFO 2026-07-29 21:58:06,650 basehttp 10380 19336 "GET /api/code-review/submissions/ HTTP/1.1" 200 144984
INFO 2026-07-29 21:58:06,723 basehttp 10380 14428 "GET /api/code-review/stats/ HTTP/1.1" 200 930
INFO 2026-07-29 21:58:06,998 basehttp 10380 14428 "GET /api/code-review/submissions/ HTTP/1.1" 200 144984
INFO 2026-07-29 21:58:10,685 basehttp 10380 11848 "OPTIONS /api/code-review/submissions/fe450933-d494-40c4-bcc8-2a7b7ba765b7/ HTTP/1.1" 200 0
INFO 2026-07-29 21:58:10,913 basehttp 10380 14428 "DELETE /api/code-review/submissions/fe450933-d494-40c4-bcc8-2a7b7ba765b7/ HTTP/1.1" 204 0
WARNING 2026-07-29 21:58:11,062 basehttp 10380 14428 "GET /api/code-review/submissions/fe450933-d494-40c4-bcc8-2a7b7ba765b7/ HTTP/1.1" 404 55
WARNING 2026-07-29 21:58:11,232 basehttp 10380 14428 "GET /api/code-review/submissions/fe450933-d494-40c4-bcc8-2a7b7ba765b7/ HTTP/1.1" 404 55
INFO 2026-07-29 21:58:11,302 basehttp 10380 19336 "GET /api/code-review/stats/ HTTP/1.1" 200 688
INFO 2026-07-29 21:58:11,572 basehttp 10380 19336 "GET /api/code-review/stats/ HTTP/1.1" 200 688
INFO 2026-07-29 21:58:11,768 basehttp 10380 19336 "GET /api/code-review/submissions/ HTTP/1.1" 200 129933
INFO 2026-07-29 21:58:12,646 basehttp 10380 19336 "GET /api/code-review/stats/ HTTP/1.1" 200 688
INFO 2026-07-29 21:58:12,852 basehttp 10380 14428 "GET /api/code-review/submissions/ HTTP/1.1" 200 129933
INFO 2026-07-29 21:58:12,930 basehttp 10380 19336 "GET /api/code-review/stats/ HTTP/1.1" 200 688
INFO 2026-07-29 21:58:13,156 basehttp 10380 19336 "GET /api/code-review/submissions/ HTTP/1.1" 200 129933
INFO 2026-07-29 21:58:16,809 basehttp 10380 11848 "OPTIONS /api/code-review/submissions/0e286b0d-0186-4fff-bfb8-bc7e469f4c4d/ HTTP/1.1" 200 0
INFO 2026-07-29 21:58:17,063 basehttp 10380 19336 "DELETE /api/code-review/submissions/0e286b0d-0186-4fff-bfb8-bc7e469f4c4d/ HTTP/1.1" 204 0
WARNING 2026-07-29 21:58:17,204 basehttp 10380 19336 "GET /api/code-review/submissions/0e286b0d-0186-4fff-bfb8-bc7e469f4c4d/ HTTP/1.1" 404 55
INFO 2026-07-29 21:58:17,318 basehttp 10380 14428 "GET /api/code-review/stats/ HTTP/1.1" 200 451
WARNING 2026-07-29 21:58:17,371 basehttp 10380 19336 "GET /api/code-review/submissions/0e286b0d-0186-4fff-bfb8-bc7e469f4c4d/ HTTP/1.1" 404 55
INFO 2026-07-29 21:58:17,561 basehttp 10380 14428 "GET /api/code-review/stats/ HTTP/1.1" 200 451
INFO 2026-07-29 21:58:17,723 basehttp 10380 14428 "GET /api/code-review/submissions/ HTTP/1.1" 200 11579
INFO 2026-07-29 21:58:18,888 basehttp 10380 14428 "GET /api/code-review/stats/ HTTP/1.1" 200 451
INFO 2026-07-29 21:58:19,171 basehttp 10380 19336 "GET /api/code-review/submissions/ HTTP/1.1" 200 11579
INFO 2026-07-29 21:58:19,301 basehttp 10380 14428 "GET /api/code-review/stats/ HTTP/1.1" 200 451
INFO 2026-07-29 21:58:19,558 basehttp 10380 14428 "GET /api/code-review/submissions/ HTTP/1.1" 200 11579
INFO 2026-07-29 21:58:23,213 basehttp 10380 11848 "OPTIONS /api/code-review/submissions/ed80ec68-ca93-404d-8877-d0ef4ed225ad/ HTTP/1.1" 200 0
INFO 2026-07-29 21:58:23,431 basehttp 10380 14428 "DELETE /api/code-review/submissions/ed80ec68-ca93-404d-8877-d0ef4ed225ad/ HTTP/1.1" 204 0
WARNING 2026-07-29 21:58:23,597 basehttp 10380 14428 "GET /api/code-review/submissions/ed80ec68-ca93-404d-8877-d0ef4ed225ad/ HTTP/1.1" 404 55
INFO 2026-07-29 21:58:23,703 basehttp 10380 19336 "GET /api/code-review/stats/ HTTP/1.1" 200 230
WARNING 2026-07-29 21:58:23,753 basehttp 10380 14428 "GET /api/code-review/submissions/ed80ec68-ca93-404d-8877-d0ef4ed225ad/ HTTP/1.1" 404 55
INFO 2026-07-29 21:58:23,958 basehttp 10380 19336 "GET /api/code-review/stats/ HTTP/1.1" 200 230
INFO 2026-07-29 21:58:24,117 basehttp 10380 19336 "GET /api/code-review/submissions/ HTTP/1.1" 200 52
INFO 2026-07-29 21:58:24,934 basehttp 10380 19336 "GET /api/code-review/stats/ HTTP/1.1" 200 230
INFO 2026-07-29 21:58:25,198 basehttp 10380 14428 "GET /api/code-review/submissions/ HTTP/1.1" 200 52
INFO 2026-07-29 21:58:25,294 basehttp 10380 19336 "GET /api/code-review/stats/ HTTP/1.1" 200 230
INFO 2026-07-29 21:58:25,585 basehttp 10380 19336 "GET /api/code-review/submissions/ HTTP/1.1" 200 52
INFO 2026-07-29 21:58:29,806 basehttp 10380 11848 "OPTIONS /api/code-review/languages/ HTTP/1.1" 200 0
INFO 2026-07-29 21:58:29,806 basehttp 10380 1152 "OPTIONS /api/code-review/languages/ HTTP/1.1" 200 0
INFO 2026-07-29 21:58:30,000 basehttp 10380 19336 "GET /api/code-review/languages/ HTTP/1.1" 200 1587
INFO 2026-07-29 21:58:30,159 basehttp 10380 19336 "GET /api/code-review/languages/ HTTP/1.1" 200 1587
INFO 2026-07-29 21:59:11,044 basehttp 10380 19336 "POST /api/code-review/submissions/ HTTP/1.1" 201 2295
INFO 2026-07-29 21:59:11,059 basehttp 10380 1152 "OPTIONS /api/code-review/initiate-review/ HTTP/1.1" 200 0
INFO 2026-07-29 21:59:11,376 basehttp 10380 19336 "POST /api/code-review/initiate-review/ HTTP/1.1" 200 10496
INFO 2026-07-29 21:59:14,694 basehttp 10380 19336 "GET /api/code-review/stats/ HTTP/1.1" 200 463
INFO 2026-07-29 21:59:14,895 basehttp 10380 14428 "GET /api/code-review/submissions/ HTTP/1.1" 200 9669
INFO 2026-07-29 21:59:14,982 basehttp 10380 19336 "GET /api/code-review/stats/ HTTP/1.1" 200 463
INFO 2026-07-29 21:59:15,425 basehttp 10380 19336 "GET /api/code-review/submissions/ HTTP/1.1" 200 9669
INFO 2026-07-29 21:59:18,714 basehttp 10380 11848 "OPTIONS /api/code-review/submissions/737314b4-b960-4a76-a5b8-f1cfdc097668/ HTTP/1.1" 200 0
INFO 2026-07-29 21:59:18,715 basehttp 10380 1152 "OPTIONS /api/code-review/submissions/737314b4-b960-4a76-a5b8-f1cfdc097668/ HTTP/1.1" 200 0
INFO 2026-07-29 21:59:18,924 basehttp 10380 19336 "GET /api/code-review/submissions/737314b4-b960-4a76-a5b8-f1cfdc097668/ HTTP/1.1" 200 9617
INFO 2026-07-29 21:59:19,073 basehttp 10380 14428 "GET /api/code-review/submissions/737314b4-b960-4a76-a5b8-f1cfdc097668/ HTTP/1.1" 200 9617
INFO 2026-07-29 22:01:33,580 basehttp 10380 14428 "GET /api/code-review/stats/ HTTP/1.1" 200 463
INFO 2026-07-29 22:01:33,787 basehttp 10380 19336 "GET /api/code-review/submissions/ HTTP/1.1" 200 9669
INFO 2026-07-29 22:01:33,879 basehttp 10380 14428 "GET /api/code-review/stats/ HTTP/1.1" 200 463
INFO 2026-07-29 22:01:34,171 basehttp 10380 14428 "GET /api/code-review/submissions/ HTTP/1.1" 200 9669
INFO 2026-07-29 22:01:36,256 basehttp 10380 14428 "GET /api/code-review/languages/ HTTP/1.1" 200 1587
INFO 2026-07-29 22:01:36,373 basehttp 10380 14428 "GET /api/code-review/languages/ HTTP/1.1" 200 1587
INFO 2026-07-29 22:01:43,331 basehttp 10380 14428 "POST /api/code-review/submissions/ HTTP/1.1" 201 2729
INFO 2026-07-29 22:01:43,709 basehttp 10380 14428 "POST /api/code-review/initiate-review/ HTTP/1.1" 200 7104
INFO 2026-07-29 22:01:46,999 basehttp 10380 14428 "GET /api/code-review/stats/ HTTP/1.1" 200 683
INFO 2026-07-29 22:01:47,247 basehttp 10380 19336 "GET /api/code-review/submissions/ HTTP/1.1" 200 16398
INFO 2026-07-29 22:01:47,346 basehttp 10380 14428 "GET /api/code-review/stats/ HTTP/1.1" 200 683
INFO 2026-07-29 22:01:47,597 basehttp 10380 14428 "GET /api/code-review/submissions/ HTTP/1.1" 200 16398
INFO 2026-07-29 22:01:50,673 basehttp 10380 1152 "OPTIONS /api/code-review/submissions/88263160-0a6e-46a8-82a2-09b8a6148d7b/ HTTP/1.1" 200 0
INFO 2026-07-29 22:01:50,676 basehttp 10380 11848 "OPTIONS /api/code-review/submissions/88263160-0a6e-46a8-82a2-09b8a6148d7b/ HTTP/1.1" 200 0
INFO 2026-07-29 22:01:50,981 basehttp 10380 14428 "GET /api/code-review/submissions/88263160-0a6e-46a8-82a2-09b8a6148d7b/ HTTP/1.1" 200 6728
INFO 2026-07-29 22:01:51,277 basehttp 10380 14428 "GET /api/code-review/submissions/88263160-0a6e-46a8-82a2-09b8a6148d7b/ HTTP/1.1" 200 6728
INFO 2026-07-29 22:06:00,407 autoreload 10380 4508 C:\ai-code-review-platform\backend\code_review\views.py changed, reloading.
INFO 2026-07-29 22:06:06,424 autoreload 2992 4080 Watching for file changes with StatReloader
INFO 2026-07-29 22:11:02,305 autoreload 2992 4080 C:\ai-code-review-platform\backend\code_review\views.py changed, reloading.
INFO 2026-07-29 22:11:05,050 autoreload 15196 17680 Watching for file changes with StatReloader
INFO 2026-07-29 22:12:56,924 autoreload 8848 11592 Watching for file changes with StatReloader
INFO 2026-07-29 22:17:35,745 autoreload 8848 11592 C:\ai-code-review-platform\backend\code_review\views.py changed, reloading.
INFO 2026-07-29 22:17:38,997 autoreload 19376 19848 Watching for file changes with StatReloader
INFO 2026-07-29 22:18:15,919 autoreload 17896 12988 Watching for file changes with StatReloader
INFO 2026-07-29 22:21:22,078 autoreload 17896 12988 C:\ai-code-review-platform\backend\code_review\views.py changed, reloading.
INFO 2026-07-29 22:21:25,356 autoreload 19996 15436 Watching for file changes with StatReloader
INFO 2026-07-29 22:24:28,326 autoreload 19996 15436 C:\ai-code-review-platform\backend\code_review\views.py changed, reloading.
INFO 2026-07-29 22:24:31,091 autoreload 14356 5844 Watching for file changes with StatReloader
INFO 2026-07-29 22:32:17,841 autoreload 14356 5844 C:\ai-code-review-platform\backend\code_review\views.py changed, reloading.
INFO 2026-07-29 22:32:20,494 autoreload 4920 18324 Watching for file changes with StatReloader
INFO 2026-07-29 22:33:15,300 basehttp 4920 19376 "POST /api/accounts/login/ HTTP/1.1" 200 1212
INFO 2026-07-29 22:33:16,147 basehttp 4920 19376 "GET /api/code-review/stats/ HTTP/1.1" 200 683
INFO 2026-07-29 22:33:16,550 basehttp 4920 15380 "GET /api/code-review/submissions/ HTTP/1.1" 200 16398
INFO 2026-07-29 22:33:16,580 basehttp 4920 19376 "GET /api/code-review/stats/ HTTP/1.1" 200 683
INFO 2026-07-29 22:33:16,961 basehttp 4920 19376 "GET /api/code-review/submissions/ HTTP/1.1" 200 16398
INFO 2026-07-29 22:33:21,879 basehttp 4920 19376 "GET /api/code-review/languages/ HTTP/1.1" 200 1587
INFO 2026-07-29 22:33:22,119 basehttp 4920 19376 "GET /api/code-review/languages/ HTTP/1.1" 200 1587
INFO 2026-07-29 22:34:13,956 basehttp 4920 19376 "POST /api/code-review/submissions/ HTTP/1.1" 201 2729
INFO 2026-07-29 22:34:14,372 basehttp 4920 19376 "POST /api/code-review/initiate-review/ HTTP/1.1" 200 8884
INFO 2026-07-29 22:34:17,795 basehttp 4920 19376 "GET /api/code-review/stats/ HTTP/1.1" 200 899
INFO 2026-07-29 22:34:18,118 basehttp 4920 15380 "GET /api/code-review/submissions/ HTTP/1.1" 200 24612
INFO 2026-07-29 22:34:18,198 basehttp 4920 19376 "GET /api/code-review/stats/ HTTP/1.1" 200 899
INFO 2026-07-29 22:34:18,442 basehttp 4920 19376 "GET /api/code-review/submissions/ HTTP/1.1" 200 24612
INFO 2026-07-29 22:34:23,048 basehttp 4920 10612 "OPTIONS /api/code-review/submissions/d538a9a5-da13-46af-8bb1-942e8922baee/ HTTP/1.1" 200 0
INFO 2026-07-29 22:34:23,062 basehttp 4920 12992 "OPTIONS /api/code-review/submissions/d538a9a5-da13-46af-8bb1-942e8922baee/ HTTP/1.1" 200 0
INFO 2026-07-29 22:34:23,345 basehttp 4920 19376 "GET /api/code-review/submissions/d538a9a5-da13-46af-8bb1-942e8922baee/ HTTP/1.1" 200 8213
INFO 2026-07-29 22:34:23,537 basehttp 4920 19376 "GET /api/code-review/submissions/d538a9a5-da13-46af-8bb1-942e8922baee/ HTTP/1.1" 200 8213
INFO 2026-07-29 23:13:55,973 basehttp 4920 5556 "POST /api/accounts/login/ HTTP/1.1" 200 1212
INFO 2026-07-29 23:13:56,757 basehttp 4920 5556 "GET /api/code-review/stats/ HTTP/1.1" 200 899
INFO 2026-07-29 23:13:56,925 basehttp 4920 11972 "GET /api/code-review/submissions/ HTTP/1.1" 200 24612
INFO 2026-07-29 23:13:57,092 basehttp 4920 5556 "GET /api/code-review/stats/ HTTP/1.1" 200 899
INFO 2026-07-29 23:13:57,306 basehttp 4920 5556 "GET /api/code-review/submissions/ HTTP/1.1" 200 24612
INFO 2026-07-29 23:14:07,528 basehttp 4920 5556 "GET /api/code-review/languages/ HTTP/1.1" 200 1587
INFO 2026-07-29 23:14:07,654 basehttp 4920 5556 "GET /api/code-review/languages/ HTTP/1.1" 200 1587
INFO 2026-07-29 23:14:27,162 basehttp 4920 5556 "POST /api/code-review/submissions/ HTTP/1.1" 201 850
INFO 2026-07-29 23:14:27,359 basehttp 4920 5556 "POST /api/code-review/initiate-review/ HTTP/1.1" 200 1176
INFO 2026-07-29 23:14:30,560 basehttp 4920 5556 "GET /api/code-review/stats/ HTTP/1.1" 200 1123
INFO 2026-07-29 23:14:30,722 basehttp 4920 11972 "GET /api/code-review/submissions/ HTTP/1.1" 200 25960
INFO 2026-07-29 23:14:30,775 basehttp 4920 5556 "GET /api/code-review/stats/ HTTP/1.1" 200 1123
INFO 2026-07-29 23:14:30,991 basehttp 4920 5556 "GET /api/code-review/submissions/ HTTP/1.1" 200 25960
INFO 2026-07-29 23:14:36,874 basehttp 4920 19084 "OPTIONS /api/code-review/submissions/866012fa-1a55-4639-a80c-d8ca0c5a77ba/ HTTP/1.1" 200 0
INFO 2026-07-29 23:14:36,889 basehttp 4920 18864 "OPTIONS /api/code-review/submissions/866012fa-1a55-4639-a80c-d8ca0c5a77ba/ HTTP/1.1" 200 0
INFO 2026-07-29 23:14:37,213 basehttp 4920 5556 "GET /api/code-review/submissions/866012fa-1a55-4639-a80c-d8ca0c5a77ba/ HTTP/1.1" 200 1347
INFO 2026-07-29 23:14:37,607 basehttp 4920 5556 "GET /api/code-review/submissions/866012fa-1a55-4639-a80c-d8ca0c5a77ba/ HTTP/1.1" 200 1347
INFO 2026-07-29 23:17:54,579 autoreload 4920 18324 C:\ai-code-review-platform\backend\code_review\views.py changed, reloading.
INFO 2026-07-29 23:17:57,700 autoreload 15192 8904 Watching for file changes with StatReloader
INFO 2026-07-29 23:21:15,113 autoreload 15192 8904 C:\ai-code-review-platform\backend\code_review\views.py changed, reloading.
INFO 2026-07-29 23:21:18,990 autoreload 7716 4120 Watching for file changes with StatReloader
INFO 2026-07-29 23:25:36,873 autoreload 7716 4120 C:\ai-code-review-platform\backend\code_review\views.py changed, reloading.
INFO 2026-07-29 23:25:39,451 autoreload 19592 9564 Watching for file changes with StatReloader
INFO 2026-07-29 23:28:53,295 autoreload 19592 9564 C:\ai-code-review-platform\backend\code_review\views.py changed, reloading.
INFO 2026-07-29 23:28:56,325 autoreload 13872 16072 Watching for file changes with StatReloader
WARNING 2026-07-29 23:29:13,046 basehttp 13872 18232 "GET /api/code-review/stats/ HTTP/1.1" 401 183
WARNING 2026-07-29 23:29:13,061 basehttp 13872 18232 "GET /api/code-review/stats/ HTTP/1.1" 401 183
INFO 2026-07-29 23:29:13,378 basehttp 13872 4184 "OPTIONS /api/token/refresh/ HTTP/1.1" 200 0
INFO 2026-07-29 23:29:13,378 basehttp 13872 19772 "OPTIONS /api/token/refresh/ HTTP/1.1" 200 0
INFO 2026-07-29 23:29:13,435 basehttp 13872 19772 "POST /api/token/refresh/ HTTP/1.1" 200 582
INFO 2026-07-29 23:29:13,448 basehttp 13872 4184 "POST /api/token/refresh/ HTTP/1.1" 200 582
INFO 2026-07-29 23:29:13,817 basehttp 13872 18232 "GET /api/code-review/stats/ HTTP/1.1" 200 1123
INFO 2026-07-29 23:29:14,244 basehttp 13872 5224 "GET /api/code-review/submissions/ HTTP/1.1" 200 25960
INFO 2026-07-29 23:29:14,426 basehttp 13872 18232 "GET /api/code-review/stats/ HTTP/1.1" 200 1123
INFO 2026-07-29 23:29:14,830 basehttp 13872 18232 "GET /api/code-review/submissions/ HTTP/1.1" 200 25960
INFO 2026-07-29 23:29:17,929 basehttp 13872 18232 "GET /api/code-review/languages/ HTTP/1.1" 200 1587
INFO 2026-07-29 23:29:18,167 basehttp 13872 18232 "GET /api/code-review/languages/ HTTP/1.1" 200 1587
INFO 2026-07-29 23:29:30,357 basehttp 13872 18232 "POST /api/code-review/submissions/ HTTP/1.1" 201 851
ERROR 2026-07-29 23:29:30,675 log 13872 18232 Internal Server Error: /api/code-review/initiate-review/
ERROR 2026-07-29 23:29:30,680 basehttp 13872 18232 "POST /api/code-review/initiate-review/ HTTP/1.1" 500 110
INFO 2026-07-29 23:29:34,141 basehttp 13872 18232 "GET /api/code-review/stats/ HTTP/1.1" 200 1334
INFO 2026-07-29 23:29:34,408 basehttp 13872 5224 "GET /api/code-review/submissions/ HTTP/1.1" 200 26672
INFO 2026-07-29 23:29:34,464 basehttp 13872 18232 "GET /api/code-review/stats/ HTTP/1.1" 200 1334
INFO 2026-07-29 23:29:34,875 basehttp 13872 18232 "GET /api/code-review/submissions/ HTTP/1.1" 200 26672
INFO 2026-07-29 23:29:37,970 basehttp 13872 4184 "OPTIONS /api/code-review/submissions/283a41e5-3165-42e3-8033-303a6520c87c/ HTTP/1.1" 200 0
INFO 2026-07-29 23:29:37,972 basehttp 13872 19772 "OPTIONS /api/code-review/submissions/283a41e5-3165-42e3-8033-303a6520c87c/ HTTP/1.1" 200 0
INFO 2026-07-29 23:29:38,261 basehttp 13872 18232 "GET /api/code-review/submissions/283a41e5-3165-42e3-8033-303a6520c87c/ HTTP/1.1" 200 711
INFO 2026-07-29 23:29:38,561 basehttp 13872 18232 "GET /api/code-review/submissions/283a41e5-3165-42e3-8033-303a6520c87c/ HTTP/1.1" 200 711
INFO 2026-07-29 23:32:28,957 autoreload 13872 16072 C:\ai-code-review-platform\backend\code_review\views.py changed, reloading.
INFO 2026-07-29 23:32:32,727 autoreload 3540 2728 Watching for file changes with StatReloader
INFO 2026-07-29 23:36:18,999 autoreload 3540 2728 C:\ai-code-review-platform\backend\code_review\views.py changed, reloading.
INFO 2026-07-29 23:36:21,834 autoreload 19696 2912 Watching for file changes with StatReloader
INFO 2026-07-29 23:36:35,733 basehttp 19696 17240 "GET /api/code-review/stats/ HTTP/1.1" 200 1334
INFO 2026-07-29 23:36:35,996 basehttp 19696 11520 "GET /api/code-review/submissions/ HTTP/1.1" 200 26672
INFO 2026-07-29 23:36:36,038 basehttp 19696 17240 "GET /api/code-review/stats/ HTTP/1.1" 200 1334
INFO 2026-07-29 23:36:36,411 basehttp 19696 17240 "GET /api/code-review/submissions/ HTTP/1.1" 200 26672
INFO 2026-07-29 23:36:38,436 basehttp 19696 17240 "GET /api/code-review/languages/ HTTP/1.1" 200 1587
INFO 2026-07-29 23:36:38,647 basehttp 19696 17240 "GET /api/code-review/languages/ HTTP/1.1" 200 1587
INFO 2026-07-29 23:36:43,378 basehttp 19696 17240 "GET /api/code-review/stats/ HTTP/1.1" 200 1334
INFO 2026-07-29 23:36:43,671 basehttp 19696 11520 "GET /api/code-review/submissions/ HTTP/1.1" 200 26672
INFO 2026-07-29 23:36:43,741 basehttp 19696 17240 "GET /api/code-review/stats/ HTTP/1.1" 200 1334
INFO 2026-07-29 23:36:44,112 basehttp 19696 17240 "GET /api/code-review/submissions/ HTTP/1.1" 200 26672
INFO 2026-07-29 23:37:21,151 basehttp 19696 17240 "GET /api/code-review/languages/ HTTP/1.1" 200 1587
INFO 2026-07-29 23:37:21,295 basehttp 19696 17240 "GET /api/code-review/languages/ HTTP/1.1" 200 1587
INFO 2026-07-29 23:38:02,525 basehttp 19696 17240 "POST /api/code-review/submissions/ HTTP/1.1" 201 2147
INFO 2026-07-29 23:38:02,851 basehttp 19696 17240 "POST /api/code-review/initiate-review/ HTTP/1.1" 200 476
INFO 2026-07-29 23:38:06,169 basehttp 19696 17240 "GET /api/code-review/stats/ HTTP/1.1" 200 1341
INFO 2026-07-29 23:38:06,411 basehttp 19696 11520 "GET /api/code-review/submissions/ HTTP/1.1" 200 29091
INFO 2026-07-29 23:38:06,489 basehttp 19696 17240 "GET /api/code-review/stats/ HTTP/1.1" 200 1341
INFO 2026-07-29 23:38:06,816 basehttp 19696 17240 "GET /api/code-review/submissions/ HTTP/1.1" 200 29091
INFO 2026-07-29 23:38:10,479 basehttp 19696 20960 "OPTIONS /api/code-review/submissions/8b527d4f-862f-4289-9b31-851097a738fb/ HTTP/1.1" 200 0
INFO 2026-07-29 23:38:10,479 basehttp 19696 4080 "OPTIONS /api/code-review/submissions/8b527d4f-862f-4289-9b31-851097a738fb/ HTTP/1.1" 200 0
INFO 2026-07-29 23:38:10,652 basehttp 19696 17240 "GET /api/code-review/submissions/8b527d4f-862f-4289-9b31-851097a738fb/ HTTP/1.1" 200 2418
INFO 2026-07-29 23:38:10,893 basehttp 19696 17240 "GET /api/code-review/submissions/8b527d4f-862f-4289-9b31-851097a738fb/ HTTP/1.1" 200 2418
INFO 2026-07-30 10:11:55,495 autoreload 16316 15564 Watching for file changes with StatReloader
INFO 2026-07-30 10:13:19,042 basehttp 16316 22232 "OPTIONS /api/accounts/login/ HTTP/1.1" 200 0
INFO 2026-07-30 10:13:22,311 basehttp 16316 12460 "POST /api/accounts/login/ HTTP/1.1" 200 1212
INFO 2026-07-30 10:13:23,503 basehttp 16316 22232 "OPTIONS /api/code-review/stats/ HTTP/1.1" 200 0
INFO 2026-07-30 10:13:23,503 basehttp 16316 16396 "OPTIONS /api/code-review/stats/ HTTP/1.1" 200 0
INFO 2026-07-30 10:13:23,828 basehttp 16316 12460 "GET /api/code-review/stats/ HTTP/1.1" 200 1341
INFO 2026-07-30 10:13:23,838 basehttp 16316 16396 "OPTIONS /api/code-review/submissions/ HTTP/1.1" 200 0
INFO 2026-07-30 10:13:24,054 basehttp 16316 11148 "GET /api/code-review/submissions/ HTTP/1.1" 200 29091
INFO 2026-07-30 10:13:24,171 basehttp 16316 12460 "GET /api/code-review/stats/ HTTP/1.1" 200 1341
INFO 2026-07-30 10:13:24,608 basehttp 16316 12460 "GET /api/code-review/submissions/ HTTP/1.1" 200 29091
INFO 2026-07-30 10:13:55,411 basehttp 16316 16396 "OPTIONS /api/code-review/languages/ HTTP/1.1" 200 0
INFO 2026-07-30 10:13:55,412 basehttp 16316 22232 "OPTIONS /api/code-review/languages/ HTTP/1.1" 200 0
INFO 2026-07-30 10:13:55,582 basehttp 16316 12460 "GET /api/code-review/languages/ HTTP/1.1" 200 1587
INFO 2026-07-30 10:13:55,735 basehttp 16316 12460 "GET /api/code-review/languages/ HTTP/1.1" 200 1587
INFO 2026-07-30 10:14:07,476 basehttp 16316 12460 "POST /api/code-review/submissions/ HTTP/1.1" 201 2149
INFO 2026-07-30 10:14:07,500 basehttp 16316 22232 "OPTIONS /api/code-review/initiate-review/ HTTP/1.1" 200 0
INFO 2026-07-30 10:14:07,757 basehttp 16316 12460 "POST /api/code-review/initiate-review/ HTTP/1.1" 200 2790
INFO 2026-07-30 10:14:11,091 basehttp 16316 12460 "GET /api/code-review/stats/ HTTP/1.1" 200 1348
INFO 2026-07-30 10:14:11,306 basehttp 16316 11148 "GET /api/code-review/submissions/ HTTP/1.1" 200 33825
INFO 2026-07-30 10:14:11,463 basehttp 16316 12460 "GET /api/code-review/stats/ HTTP/1.1" 200 1348
INFO 2026-07-30 10:14:11,730 basehttp 16316 12460 "GET /api/code-review/submissions/ HTTP/1.1" 200 33825
INFO 2026-07-30 10:14:14,236 basehttp 16316 22232 "OPTIONS /api/code-review/submissions/af212d4d-866c-4242-bb9f-348779b3d713/ HTTP/1.1" 200 0
INFO 2026-07-30 10:14:14,239 basehttp 16316 16396 "OPTIONS /api/code-review/submissions/af212d4d-866c-4242-bb9f-348779b3d713/ HTTP/1.1" 200 0
INFO 2026-07-30 10:14:14,411 basehttp 16316 12460 "GET /api/code-review/submissions/af212d4d-866c-4242-bb9f-348779b3d713/ HTTP/1.1" 200 4733
INFO 2026-07-30 10:14:14,547 basehttp 16316 12460 "GET /api/code-review/submissions/af212d4d-866c-4242-bb9f-348779b3d713/ HTTP/1.1" 200 4733
INFO 2026-07-30 10:15:02,906 basehttp 16316 12460 "GET /api/code-review/stats/ HTTP/1.1" 200 1348
INFO 2026-07-30 10:15:03,143 basehttp 16316 11148 "GET /api/code-review/submissions/ HTTP/1.1" 200 33825
INFO 2026-07-30 10:15:03,204 basehttp 16316 12460 "GET /api/code-review/stats/ HTTP/1.1" 200 1348
INFO 2026-07-30 10:15:03,602 basehttp 16316 12460 "GET /api/code-review/submissions/ HTTP/1.1" 200 33825
INFO 2026-07-30 10:15:07,036 basehttp 16316 16396 "OPTIONS /api/code-review/submissions/8b527d4f-862f-4289-9b31-851097a738fb/ HTTP/1.1" 200 0
INFO 2026-07-30 10:15:07,289 basehttp 16316 12460 "DELETE /api/code-review/submissions/8b527d4f-862f-4289-9b31-851097a738fb/ HTTP/1.1" 204 0
WARNING 2026-07-30 10:15:07,437 basehttp 16316 12460 "GET /api/code-review/submissions/8b527d4f-862f-4289-9b31-851097a738fb/ HTTP/1.1" 404 55
INFO 2026-07-30 10:15:07,538 basehttp 16316 11148 "GET /api/code-review/stats/ HTTP/1.1" 200 1335
WARNING 2026-07-30 10:15:07,573 basehttp 16316 12460 "GET /api/code-review/submissions/8b527d4f-862f-4289-9b31-851097a738fb/ HTTP/1.1" 404 55
INFO 2026-07-30 10:15:07,790 basehttp 16316 11148 "GET /api/code-review/stats/ HTTP/1.1" 200 1335
INFO 2026-07-30 10:15:08,121 basehttp 16316 11148 "GET /api/code-review/submissions/ HTTP/1.1" 200 31406
INFO 2026-07-30 10:15:09,156 basehttp 16316 11148 "GET /api/code-review/stats/ HTTP/1.1" 200 1335
INFO 2026-07-30 10:15:09,396 basehttp 16316 12460 "GET /api/code-review/submissions/ HTTP/1.1" 200 31406
INFO 2026-07-30 10:15:09,459 basehttp 16316 11148 "GET /api/code-review/stats/ HTTP/1.1" 200 1335
INFO 2026-07-30 10:15:09,904 basehttp 16316 11148 "GET /api/code-review/submissions/ HTTP/1.1" 200 31406
INFO 2026-07-30 10:15:13,820 basehttp 16316 16396 "OPTIONS /api/code-review/submissions/283a41e5-3165-42e3-8033-303a6520c87c/ HTTP/1.1" 200 0
INFO 2026-07-30 10:15:14,082 basehttp 16316 11148 "DELETE /api/code-review/submissions/283a41e5-3165-42e3-8033-303a6520c87c/ HTTP/1.1" 204 0
WARNING 2026-07-30 10:15:14,354 basehttp 16316 11148 "GET /api/code-review/submissions/283a41e5-3165-42e3-8033-303a6520c87c/ HTTP/1.1" 404 55
INFO 2026-07-30 10:15:14,354 basehttp 16316 12460 "GET /api/code-review/stats/ HTTP/1.1" 200 1344
WARNING 2026-07-30 10:15:14,527 basehttp 16316 12460 "GET /api/code-review/submissions/283a41e5-3165-42e3-8033-303a6520c87c/ HTTP/1.1" 404 55
INFO 2026-07-30 10:15:14,642 basehttp 16316 11148 "GET /api/code-review/stats/ HTTP/1.1" 200 1344
INFO 2026-07-30 10:15:14,863 basehttp 16316 11148 "GET /api/code-review/submissions/ HTTP/1.1" 200 30694
INFO 2026-07-30 10:15:15,997 basehttp 16316 11148 "GET /api/code-review/stats/ HTTP/1.1" 200 1344
INFO 2026-07-30 10:15:16,205 basehttp 16316 12460 "GET /api/code-review/submissions/ HTTP/1.1" 200 30694
INFO 2026-07-30 10:15:16,267 basehttp 16316 11148 "GET /api/code-review/stats/ HTTP/1.1" 200 1344
INFO 2026-07-30 10:15:16,571 basehttp 16316 11148 "GET /api/code-review/submissions/ HTTP/1.1" 200 30694
INFO 2026-07-30 10:15:21,006 basehttp 16316 16396 "OPTIONS /api/code-review/submissions/866012fa-1a55-4639-a80c-d8ca0c5a77ba/ HTTP/1.1" 200 0
INFO 2026-07-30 10:15:21,239 basehttp 16316 11148 "DELETE /api/code-review/submissions/866012fa-1a55-4639-a80c-d8ca0c5a77ba/ HTTP/1.1" 204 0
WARNING 2026-07-30 10:15:21,381 basehttp 16316 11148 "GET /api/code-review/submissions/866012fa-1a55-4639-a80c-d8ca0c5a77ba/ HTTP/1.1" 404 55
INFO 2026-07-30 10:15:21,493 basehttp 16316 12460 "GET /api/code-review/stats/ HTTP/1.1" 200 1120
WARNING 2026-07-30 10:15:21,548 basehttp 16316 11148 "GET /api/code-review/submissions/866012fa-1a55-4639-a80c-d8ca0c5a77ba/ HTTP/1.1" 404 55
INFO 2026-07-30 10:15:21,744 basehttp 16316 12460 "GET /api/code-review/stats/ HTTP/1.1" 200 1120
INFO 2026-07-30 10:15:21,948 basehttp 16316 12460 "GET /api/code-review/submissions/ HTTP/1.1" 200 29346
INFO 2026-07-30 10:15:26,765 basehttp 16316 12460 "GET /api/code-review/stats/ HTTP/1.1" 200 1120
INFO 2026-07-30 10:15:26,974 basehttp 16316 11148 "GET /api/code-review/submissions/ HTTP/1.1" 200 29346
INFO 2026-07-30 10:15:27,064 basehttp 16316 12460 "GET /api/code-review/stats/ HTTP/1.1" 200 1120
INFO 2026-07-30 10:15:27,497 basehttp 16316 12460 "GET /api/code-review/submissions/ HTTP/1.1" 200 29346
INFO 2026-07-30 10:15:31,942 basehttp 16316 16396 "OPTIONS /api/code-review/submissions/d538a9a5-da13-46af-8bb1-942e8922baee/ HTTP/1.1" 200 0
INFO 2026-07-30 10:15:32,207 basehttp 16316 12460 "DELETE /api/code-review/submissions/d538a9a5-da13-46af-8bb1-942e8922baee/ HTTP/1.1" 204 0
WARNING 2026-07-30 10:15:32,360 basehttp 16316 12460 "GET /api/code-review/submissions/d538a9a5-da13-46af-8bb1-942e8922baee/ HTTP/1.1" 404 55
INFO 2026-07-30 10:15:32,474 basehttp 16316 11148 "GET /api/code-review/stats/ HTTP/1.1" 200 905
WARNING 2026-07-30 10:15:32,521 basehttp 16316 12460 "GET /api/code-review/submissions/d538a9a5-da13-46af-8bb1-942e8922baee/ HTTP/1.1" 404 55
INFO 2026-07-30 10:15:32,738 basehttp 16316 11148 "GET /api/code-review/stats/ HTTP/1.1" 200 905
INFO 2026-07-30 10:15:33,011 basehttp 16316 11148 "GET /api/code-review/submissions/ HTTP/1.1" 200 21132
INFO 2026-07-30 10:15:34,500 basehttp 16316 11148 "GET /api/code-review/stats/ HTTP/1.1" 200 905
INFO 2026-07-30 10:15:34,849 basehttp 16316 12460 "GET /api/code-review/submissions/ HTTP/1.1" 200 21132
INFO 2026-07-30 10:15:34,935 basehttp 16316 11148 "GET /api/code-review/stats/ HTTP/1.1" 200 905
INFO 2026-07-30 10:15:35,234 basehttp 16316 11148 "GET /api/code-review/submissions/ HTTP/1.1" 200 21132
INFO 2026-07-30 10:15:38,462 basehttp 16316 16396 "OPTIONS /api/code-review/submissions/88263160-0a6e-46a8-82a2-09b8a6148d7b/ HTTP/1.1" 200 0
INFO 2026-07-30 10:15:38,834 basehttp 16316 11148 "DELETE /api/code-review/submissions/88263160-0a6e-46a8-82a2-09b8a6148d7b/ HTTP/1.1" 204 0
WARNING 2026-07-30 10:15:39,028 basehttp 16316 11148 "GET /api/code-review/submissions/88263160-0a6e-46a8-82a2-09b8a6148d7b/ HTTP/1.1" 404 55
INFO 2026-07-30 10:15:39,144 basehttp 16316 12460 "GET /api/code-review/stats/ HTTP/1.1" 200 684
WARNING 2026-07-30 10:15:39,188 basehttp 16316 11148 "GET /api/code-review/submissions/88263160-0a6e-46a8-82a2-09b8a6148d7b/ HTTP/1.1" 404 55
INFO 2026-07-30 10:15:39,448 basehttp 16316 12460 "GET /api/code-review/stats/ HTTP/1.1" 200 684
INFO 2026-07-30 10:15:39,764 basehttp 16316 12460 "GET /api/code-review/submissions/ HTTP/1.1" 200 14403
INFO 2026-07-30 10:15:41,144 basehttp 16316 12460 "GET /api/code-review/stats/ HTTP/1.1" 200 684
INFO 2026-07-30 10:15:41,397 basehttp 16316 11148 "GET /api/code-review/submissions/ HTTP/1.1" 200 14403
INFO 2026-07-30 10:15:41,465 basehttp 16316 12460 "GET /api/code-review/stats/ HTTP/1.1" 200 684
INFO 2026-07-30 10:15:41,688 basehttp 16316 12460 "GET /api/code-review/submissions/ HTTP/1.1" 200 14403
INFO 2026-07-30 10:15:44,661 basehttp 16316 16396 "OPTIONS /api/code-review/submissions/737314b4-b960-4a76-a5b8-f1cfdc097668/ HTTP/1.1" 200 0
INFO 2026-07-30 10:15:45,038 basehttp 16316 12460 "DELETE /api/code-review/submissions/737314b4-b960-4a76-a5b8-f1cfdc097668/ HTTP/1.1" 204 0
WARNING 2026-07-30 10:15:45,308 basehttp 16316 12460 "GET /api/code-review/submissions/737314b4-b960-4a76-a5b8-f1cfdc097668/ HTTP/1.1" 404 55
INFO 2026-07-30 10:15:45,495 basehttp 16316 11148 "GET /api/code-review/stats/ HTTP/1.1" 200 464
WARNING 2026-07-30 10:15:45,580 basehttp 16316 12460 "GET /api/code-review/submissions/737314b4-b960-4a76-a5b8-f1cfdc097668/ HTTP/1.1" 404 55
INFO 2026-07-30 10:15:45,940 basehttp 16316 11148 "GET /api/code-review/stats/ HTTP/1.1" 200 464
INFO 2026-07-30 10:15:46,248 basehttp 16316 11148 "GET /api/code-review/submissions/ HTTP/1.1" 200 4785
INFO 2026-07-30 10:15:47,501 basehttp 16316 11148 "GET /api/code-review/stats/ HTTP/1.1" 200 464
INFO 2026-07-30 10:15:47,762 basehttp 16316 12460 "GET /api/code-review/submissions/ HTTP/1.1" 200 4785
INFO 2026-07-30 10:15:47,843 basehttp 16316 11148 "GET /api/code-review/stats/ HTTP/1.1" 200 464
INFO 2026-07-30 10:15:48,056 basehttp 16316 11148 "GET /api/code-review/submissions/ HTTP/1.1" 200 4785
INFO 2026-07-30 10:15:51,553 basehttp 16316 11148 "GET /api/code-review/submissions/af212d4d-866c-4242-bb9f-348779b3d713/ HTTP/1.1" 200 4733
INFO 2026-07-30 10:15:51,799 basehttp 16316 11148 "GET /api/code-review/submissions/af212d4d-866c-4242-bb9f-348779b3d713/ HTTP/1.1" 200 4733
INFO 2026-07-30 10:17:00,504 basehttp 16316 11148 "GET /api/code-review/stats/ HTTP/1.1" 200 464
INFO 2026-07-30 10:17:00,858 basehttp 16316 12460 "GET /api/code-review/submissions/ HTTP/1.1" 200 4785
INFO 2026-07-30 10:17:00,994 basehttp 16316 11148 "GET /api/code-review/stats/ HTTP/1.1" 200 464
INFO 2026-07-30 10:17:01,395 basehttp 16316 11148 "GET /api/code-review/submissions/ HTTP/1.1" 200 4785
INFO 2026-07-30 10:17:03,253 basehttp 16316 11148 "GET /api/code-review/languages/ HTTP/1.1" 200 1587
INFO 2026-07-30 10:17:03,439 basehttp 16316 11148 "GET /api/code-review/languages/ HTTP/1.1" 200 1587
INFO 2026-07-30 10:17:13,933 basehttp 16316 11148 "POST /api/code-review/submissions/ HTTP/1.1" 201 10020
INFO 2026-07-30 10:17:14,309 basehttp 16316 11148 "POST /api/code-review/initiate-review/ HTTP/1.1" 200 1405
INFO 2026-07-30 10:17:17,562 basehttp 16316 11148 "GET /api/code-review/stats/ HTTP/1.1" 200 685
INFO 2026-07-30 10:17:17,786 basehttp 16316 11148 "GET /api/code-review/stats/ HTTP/1.1" 200 685
INFO 2026-07-30 10:17:17,833 basehttp 16316 12460 "GET /api/code-review/submissions/ HTTP/1.1" 200 16009
INFO 2026-07-30 10:17:17,988 basehttp 16316 12460 "GET /api/code-review/submissions/ HTTP/1.1" 200 16009
INFO 2026-07-30 10:17:21,220 basehttp 16316 16396 "OPTIONS /api/code-review/submissions/90a03cac-eecd-44f7-be19-af1bcc26136d/ HTTP/1.1" 200 0
INFO 2026-07-30 10:17:21,222 basehttp 16316 22232 "OPTIONS /api/code-review/submissions/90a03cac-eecd-44f7-be19-af1bcc26136d/ HTTP/1.1" 200 0
INFO 2026-07-30 10:17:21,545 basehttp 16316 12460 "GET /api/code-review/submissions/90a03cac-eecd-44f7-be19-af1bcc26136d/ HTTP/1.1" 200 11223
INFO 2026-07-30 10:17:21,771 basehttp 16316 12460 "GET /api/code-review/submissions/90a03cac-eecd-44f7-be19-af1bcc26136d/ HTTP/1.1" 200 11223
INFO 2026-07-30 10:21:41,241 basehttp 16316 14480 "GET /api/code-review/stats/ HTTP/1.1" 200 685
INFO 2026-07-30 10:21:41,457 basehttp 16316 14480 "GET /api/code-review/stats/ HTTP/1.1" 200 685
INFO 2026-07-30 10:21:41,563 basehttp 16316 7636 "GET /api/code-review/submissions/ HTTP/1.1" 200 16009
INFO 2026-07-30 10:21:41,768 basehttp 16316 14480 "GET /api/code-review/submissions/ HTTP/1.1" 200 16009
INFO 2026-07-30 10:21:45,386 basehttp 16316 14480 "GET /api/code-review/languages/ HTTP/1.1" 200 1587
INFO 2026-07-30 10:21:45,593 basehttp 16316 14480 "GET /api/code-review/languages/ HTTP/1.1" 200 1587
INFO 2026-07-30 10:21:56,157 basehttp 16316 14480 "GET /api/code-review/stats/ HTTP/1.1" 200 685
INFO 2026-07-30 10:21:56,375 basehttp 16316 7636 "GET /api/code-review/submissions/ HTTP/1.1" 200 16009
INFO 2026-07-30 10:21:56,493 basehttp 16316 14480 "GET /api/code-review/stats/ HTTP/1.1" 200 685
INFO 2026-07-30 10:21:56,732 basehttp 16316 14480 "GET /api/code-review/submissions/ HTTP/1.1" 200 16009
INFO 2026-07-30 10:22:00,368 basehttp 16316 14480 "GET /api/code-review/submissions/90a03cac-eecd-44f7-be19-af1bcc26136d/ HTTP/1.1" 200 11223
INFO 2026-07-30 10:22:00,540 basehttp 16316 14480 "GET /api/code-review/submissions/90a03cac-eecd-44f7-be19-af1bcc26136d/ HTTP/1.1" 200 11223
INFO 2026-07-30 10:22:22,608 basehttp 16316 14480 "GET /api/code-review/stats/ HTTP/1.1" 200 685
INFO 2026-07-30 10:22:22,935 basehttp 16316 14480 "GET /api/code-review/stats/ HTTP/1.1" 200 685
INFO 2026-07-30 10:22:22,966 basehttp 16316 7636 "GET /api/code-review/submissions/ HTTP/1.1" 200 16009
INFO 2026-07-30 10:22:23,171 basehttp 16316 7636 "GET /api/code-review/submissions/ HTTP/1.1" 200 16009
INFO 2026-07-30 10:22:27,246 basehttp 16316 7636 "GET /api/code-review/languages/ HTTP/1.1" 200 1587
INFO 2026-07-30 10:22:27,418 basehttp 16316 7636 "GET /api/code-review/languages/ HTTP/1.1" 200 1587
INFO 2026-07-30 10:22:34,734 basehttp 16316 7636 "POST /api/code-review/submissions/ HTTP/1.1" 201 10141
INFO 2026-07-30 10:22:35,001 basehttp 16316 7636 "POST /api/code-review/initiate-review/ HTTP/1.1" 200 1406
INFO 2026-07-30 10:22:38,283 basehttp 16316 7636 "GET /api/code-review/stats/ HTTP/1.1" 200 899
INFO 2026-07-30 10:22:38,492 basehttp 16316 14480 "GET /api/code-review/submissions/ HTTP/1.1" 200 27355
INFO 2026-07-30 10:22:38,557 basehttp 16316 7636 "GET /api/code-review/stats/ HTTP/1.1" 200 899
INFO 2026-07-30 10:22:38,792 basehttp 16316 7636 "GET /api/code-review/submissions/ HTTP/1.1" 200 27355
INFO 2026-07-30 10:22:42,625 basehttp 16316 3840 "OPTIONS /api/code-review/submissions/78f7e978-5778-43d9-9671-da3be6a0c0c9/ HTTP/1.1" 200 0
INFO 2026-07-30 10:22:42,625 basehttp 16316 5876 "OPTIONS /api/code-review/submissions/78f7e978-5778-43d9-9671-da3be6a0c0c9/ HTTP/1.1" 200 0
INFO 2026-07-30 10:22:42,759 basehttp 16316 7636 "GET /api/code-review/submissions/78f7e978-5778-43d9-9671-da3be6a0c0c9/ HTTP/1.1" 200 11345
INFO 2026-07-30 10:22:42,912 basehttp 16316 7636 "GET /api/code-review/submissions/78f7e978-5778-43d9-9671-da3be6a0c0c9/ HTTP/1.1" 200 11345
INFO 2026-07-30 10:24:46,256 autoreload 16316 15564 C:\ai-code-review-platform\backend\code_review\views.py changed, reloading.
INFO 2026-07-30 10:24:53,455 autoreload 19728 1904 Watching for file changes with StatReloader
INFO 2026-07-30 10:25:42,796 autoreload 19728 1904 C:\ai-code-review-platform\backend\code_review\views.py changed, reloading.
INFO 2026-07-30 10:25:46,348 autoreload 18932 10752 Watching for file changes with StatReloader
INFO 2026-07-30 10:25:55,227 autoreload 18932 10752 C:\ai-code-review-platform\backend\code_review\views.py changed, reloading.
INFO 2026-07-30 10:25:58,507 autoreload 12564 12072 Watching for file changes with StatReloader
INFO 2026-07-30 10:26:01,771 autoreload 12564 12072 C:\ai-code-review-platform\backend\code_review\views.py changed, reloading.
INFO 2026-07-30 10:26:05,137 autoreload 14324 16452 Watching for file changes with StatReloader
INFO 2026-07-30 10:26:08,459 autoreload 14324 16452 C:\ai-code-review-platform\backend\code_review\views.py changed, reloading.
INFO 2026-07-30 10:26:11,748 autoreload 9368 19656 Watching for file changes with StatReloader
INFO 2026-07-30 10:32:04,655 autoreload 9368 19656 C:\ai-code-review-platform\backend\code_review\views.py changed, reloading.
INFO 2026-07-30 10:32:08,205 autoreload 22088 21256 Watching for file changes with StatReloader
WARNING 2026-07-30 10:32:35,039 basehttp 22088 21592 "GET /api/code-review/stats/ HTTP/1.1" 401 183
WARNING 2026-07-30 10:32:35,051 basehttp 22088 21592 "GET /api/code-review/stats/ HTTP/1.1" 401 183
INFO 2026-07-30 10:32:35,365 basehttp 22088 17300 "OPTIONS /api/token/refresh/ HTTP/1.1" 200 0
INFO 2026-07-30 10:32:35,371 basehttp 22088 9152 "OPTIONS /api/token/refresh/ HTTP/1.1" 200 0
INFO 2026-07-30 10:32:35,388 basehttp 22088 17300 "POST /api/token/refresh/ HTTP/1.1" 200 582
INFO 2026-07-30 10:32:35,389 basehttp 22088 9152 "POST /api/token/refresh/ HTTP/1.1" 200 582
INFO 2026-07-30 10:32:35,722 basehttp 22088 21592 "GET /api/code-review/stats/ HTTP/1.1" 200 899
INFO 2026-07-30 10:32:36,028 basehttp 22088 2736 "GET /api/code-review/submissions/ HTTP/1.1" 200 27355
INFO 2026-07-30 10:32:36,074 basehttp 22088 21592 "GET /api/code-review/stats/ HTTP/1.1" 200 899
INFO 2026-07-30 10:32:36,462 basehttp 22088 21592 "GET /api/code-review/submissions/ HTTP/1.1" 200 27355
INFO 2026-07-30 10:32:38,600 basehttp 22088 21592 "GET /api/code-review/languages/ HTTP/1.1" 200 1587
INFO 2026-07-30 10:32:38,751 basehttp 22088 21592 "GET /api/code-review/languages/ HTTP/1.1" 200 1587
INFO 2026-07-30 10:34:59,240 basehttp 22088 12256 "OPTIONS /api/accounts/profile/ HTTP/1.1" 200 0
INFO 2026-07-30 10:34:59,254 basehttp 22088 7196 "OPTIONS /api/accounts/profile/ HTTP/1.1" 200 0
INFO 2026-07-30 10:34:59,782 basehttp 22088 1444 "GET /api/accounts/profile/ HTTP/1.1" 200 562
INFO 2026-07-30 10:35:00,211 basehttp 22088 1444 "GET /api/accounts/profile/ HTTP/1.1" 200 562
INFO 2026-07-30 10:35:10,228 basehttp 22088 7196 "OPTIONS /api/accounts/login/ HTTP/1.1" 200 0
INFO 2026-07-30 10:35:12,267 basehttp 22088 1444 "POST /api/accounts/login/ HTTP/1.1" 200 1212
INFO 2026-07-30 10:35:12,836 basehttp 22088 7196 "OPTIONS /api/code-review/stats/ HTTP/1.1" 200 0
INFO 2026-07-30 10:35:13,137 basehttp 22088 1444 "GET /api/code-review/stats/ HTTP/1.1" 200 899
INFO 2026-07-30 10:35:13,164 basehttp 22088 7196 "OPTIONS /api/code-review/submissions/ HTTP/1.1" 200 0
INFO 2026-07-30 10:35:13,399 basehttp 22088 2240 "GET /api/code-review/submissions/ HTTP/1.1" 200 27355
INFO 2026-07-30 10:35:13,492 basehttp 22088 1444 "GET /api/code-review/stats/ HTTP/1.1" 200 899
INFO 2026-07-30 10:35:13,948 basehttp 22088 1444 "GET /api/code-review/submissions/ HTTP/1.1" 200 27355
INFO 2026-07-30 10:35:18,464 basehttp 22088 7196 "OPTIONS /api/code-review/languages/ HTTP/1.1" 200 0
INFO 2026-07-30 10:35:18,464 basehttp 22088 12256 "OPTIONS /api/code-review/languages/ HTTP/1.1" 200 0
INFO 2026-07-30 10:35:18,616 basehttp 22088 1444 "GET /api/code-review/languages/ HTTP/1.1" 200 1587
INFO 2026-07-30 10:35:18,757 basehttp 22088 1444 "GET /api/code-review/languages/ HTTP/1.1" 200 1587
INFO 2026-07-30 10:35:36,704 basehttp 22088 11124 "POST /api/code-review/submissions/ HTTP/1.1" 201 11888
INFO 2026-07-30 10:35:37,028 basehttp 22088 13088 "OPTIONS /api/code-review/initiate-review/ HTTP/1.1" 200 0
INFO 2026-07-30 10:35:37,364 basehttp 22088 11124 "POST /api/code-review/initiate-review/ HTTP/1.1" 200 6856
INFO 2026-07-30 10:35:40,657 basehttp 22088 11124 "GET /api/code-review/stats/ HTTP/1.1" 200 1114
INFO 2026-07-30 10:35:40,947 basehttp 22088 9992 "GET /api/code-review/submissions/ HTTP/1.1" 200 45899
INFO 2026-07-30 10:35:40,996 basehttp 22088 11124 "GET /api/code-review/stats/ HTTP/1.1" 200 1114
INFO 2026-07-30 10:35:41,280 basehttp 22088 11124 "GET /api/code-review/submissions/ HTTP/1.1" 200 45899
INFO 2026-07-30 10:35:44,427 basehttp 22088 19704 "OPTIONS /api/code-review/submissions/6ef4b9b7-ce28-47f9-85e5-8c9603358443/ HTTP/1.1" 200 0
INFO 2026-07-30 10:35:44,428 basehttp 22088 13088 "OPTIONS /api/code-review/submissions/6ef4b9b7-ce28-47f9-85e5-8c9603358443/ HTTP/1.1" 200 0
INFO 2026-07-30 10:35:44,602 basehttp 22088 11124 "GET /api/code-review/submissions/6ef4b9b7-ce28-47f9-85e5-8c9603358443/ HTTP/1.1" 200 18543
INFO 2026-07-30 10:35:44,757 basehttp 22088 11124 "GET /api/code-review/submissions/6ef4b9b7-ce28-47f9-85e5-8c9603358443/ HTTP/1.1" 200 18543
INFO 2026-07-30 10:37:09,822 basehttp 22088 11124 "GET /api/code-review/languages/ HTTP/1.1" 200 1587
INFO 2026-07-30 10:37:09,983 basehttp 22088 11124 "GET /api/code-review/languages/ HTTP/1.1" 200 1587
INFO 2026-07-30 10:37:19,056 basehttp 22088 11124 "POST /api/code-review/submissions/ HTTP/1.1" 201 8415
INFO 2026-07-30 10:37:19,289 basehttp 22088 11124 "POST /api/code-review/initiate-review/ HTTP/1.1" 200 5995
INFO 2026-07-30 10:37:22,707 basehttp 22088 11124 "GET /api/code-review/stats/ HTTP/1.1" 200 1335
INFO 2026-07-30 10:37:22,942 basehttp 22088 9992 "GET /api/code-review/submissions/ HTTP/1.1" 200 60104
INFO 2026-07-30 10:37:23,004 basehttp 22088 11124 "GET /api/code-review/stats/ HTTP/1.1" 200 1335
INFO 2026-07-30 10:37:23,403 basehttp 22088 11124 "GET /api/code-review/submissions/ HTTP/1.1" 200 60104
INFO 2026-07-30 10:37:26,227 basehttp 22088 13088 "OPTIONS /api/code-review/submissions/9183ad51-6119-480c-a86c-41e80eb3bc13/ HTTP/1.1" 200 0
INFO 2026-07-30 10:37:26,228 basehttp 22088 19704 "OPTIONS /api/code-review/submissions/9183ad51-6119-480c-a86c-41e80eb3bc13/ HTTP/1.1" 200 0
INFO 2026-07-30 10:37:26,509 basehttp 22088 11124 "GET /api/code-review/submissions/9183ad51-6119-480c-a86c-41e80eb3bc13/ HTTP/1.1" 200 14204
INFO 2026-07-30 10:37:26,729 basehttp 22088 11124 "GET /api/code-review/submissions/9183ad51-6119-480c-a86c-41e80eb3bc13/ HTTP/1.1" 200 14204
INFO 2026-07-30 10:37:52,280 basehttp 22088 11124 "GET /api/code-review/submissions/ HTTP/1.1" 200 60104
INFO 2026-07-30 10:37:52,567 basehttp 22088 11124 "GET /api/code-review/submissions/ HTTP/1.1" 200 60104
INFO 2026-07-30 10:37:54,473 basehttp 22088 19704 "OPTIONS /api/code-review/submissions/af212d4d-866c-4242-bb9f-348779b3d713/ HTTP/1.1" 200 0
INFO 2026-07-30 10:37:54,474 basehttp 22088 13088 "OPTIONS /api/code-review/submissions/af212d4d-866c-4242-bb9f-348779b3d713/ HTTP/1.1" 200 0
INFO 2026-07-30 10:37:54,689 basehttp 22088 11124 "GET /api/code-review/submissions/af212d4d-866c-4242-bb9f-348779b3d713/ HTTP/1.1" 200 4733
INFO 2026-07-30 10:37:54,876 basehttp 22088 11124 "GET /api/code-review/submissions/af212d4d-866c-4242-bb9f-348779b3d713/ HTTP/1.1" 200 4733
INFO 2026-07-30 10:37:57,301 basehttp 22088 11124 "GET /api/code-review/stats/ HTTP/1.1" 200 1335
INFO 2026-07-30 10:37:57,583 basehttp 22088 9992 "GET /api/code-review/submissions/ HTTP/1.1" 200 60104
INFO 2026-07-30 10:37:57,658 basehttp 22088 11124 "GET /api/code-review/stats/ HTTP/1.1" 200 1335
INFO 2026-07-30 10:37:57,961 basehttp 22088 11124 "GET /api/code-review/submissions/ HTTP/1.1" 200 60104
INFO 2026-07-30 10:38:03,987 basehttp 22088 13088 "OPTIONS /api/code-review/submissions/78f7e978-5778-43d9-9671-da3be6a0c0c9/ HTTP/1.1" 200 0
INFO 2026-07-30 10:38:04,273 basehttp 22088 11124 "DELETE /api/code-review/submissions/78f7e978-5778-43d9-9671-da3be6a0c0c9/ HTTP/1.1" 204 0
WARNING 2026-07-30 10:38:04,437 basehttp 22088 11124 "GET /api/code-review/submissions/78f7e978-5778-43d9-9671-da3be6a0c0c9/ HTTP/1.1" 404 55
INFO 2026-07-30 10:38:04,552 basehttp 22088 9992 "GET /api/code-review/stats/ HTTP/1.1" 200 1121
WARNING 2026-07-30 10:38:04,605 basehttp 22088 11124 "GET /api/code-review/submissions/78f7e978-5778-43d9-9671-da3be6a0c0c9/ HTTP/1.1" 404 55
INFO 2026-07-30 10:38:05,110 basehttp 22088 9992 "GET /api/code-review/stats/ HTTP/1.1" 200 1121
INFO 2026-07-30 10:38:05,300 basehttp 22088 9992 "GET /api/code-review/submissions/ HTTP/1.1" 200 48758
INFO 2026-07-30 10:38:06,227 basehttp 22088 9992 "GET /api/code-review/stats/ HTTP/1.1" 200 1121
INFO 2026-07-30 10:38:06,507 basehttp 22088 11124 "GET /api/code-review/submissions/ HTTP/1.1" 200 48758
INFO 2026-07-30 10:38:06,568 basehttp 22088 9992 "GET /api/code-review/stats/ HTTP/1.1" 200 1121
INFO 2026-07-30 10:38:06,839 basehttp 22088 9992 "GET /api/code-review/submissions/ HTTP/1.1" 200 48758
INFO 2026-07-30 10:38:10,934 basehttp 22088 13088 "OPTIONS /api/code-review/submissions/90a03cac-eecd-44f7-be19-af1bcc26136d/ HTTP/1.1" 200 0
INFO 2026-07-30 10:38:11,196 basehttp 22088 9992 "DELETE /api/code-review/submissions/90a03cac-eecd-44f7-be19-af1bcc26136d/ HTTP/1.1" 204 0
WARNING 2026-07-30 10:38:11,377 basehttp 22088 9992 "GET /api/code-review/submissions/90a03cac-eecd-44f7-be19-af1bcc26136d/ HTTP/1.1" 404 55
INFO 2026-07-30 10:38:11,514 basehttp 22088 11124 "GET /api/code-review/stats/ HTTP/1.1" 200 907
WARNING 2026-07-30 10:38:11,724 basehttp 22088 9992 "GET /api/code-review/submissions/90a03cac-eecd-44f7-be19-af1bcc26136d/ HTTP/1.1" 404 55
INFO 2026-07-30 10:38:11,944 basehttp 22088 11124 "GET /api/code-review/stats/ HTTP/1.1" 200 907
INFO 2026-07-30 10:38:12,251 basehttp 22088 11124 "GET /api/code-review/submissions/ HTTP/1.1" 200 37534
INFO 2026-07-30 10:38:13,022 basehttp 22088 11124 "GET /api/code-review/stats/ HTTP/1.1" 200 907
INFO 2026-07-30 10:38:13,302 basehttp 22088 9992 "GET /api/code-review/submissions/ HTTP/1.1" 200 37534
INFO 2026-07-30 10:38:13,371 basehttp 22088 11124 "GET /api/code-review/stats/ HTTP/1.1" 200 907
INFO 2026-07-30 10:38:13,659 basehttp 22088 11124 "GET /api/code-review/submissions/ HTTP/1.1" 200 37534
INFO 2026-07-30 10:38:17,685 basehttp 22088 11124 "DELETE /api/code-review/submissions/af212d4d-866c-4242-bb9f-348779b3d713/ HTTP/1.1" 204 0
WARNING 2026-07-30 10:38:17,841 basehttp 22088 11124 "GET /api/code-review/submissions/af212d4d-866c-4242-bb9f-348779b3d713/ HTTP/1.1" 404 55
INFO 2026-07-30 10:38:17,925 basehttp 22088 9992 "GET /api/code-review/stats/ HTTP/1.1" 200 686
WARNING 2026-07-30 10:38:17,974 basehttp 22088 11124 "GET /api/code-review/submissions/af212d4d-866c-4242-bb9f-348779b3d713/ HTTP/1.1" 404 55
INFO 2026-07-30 10:38:18,138 basehttp 22088 9992 "GET /api/code-review/stats/ HTTP/1.1" 200 686
INFO 2026-07-30 10:38:18,295 basehttp 22088 9992 "GET /api/code-review/submissions/ HTTP/1.1" 200 32800
INFO 2026-07-30 10:38:24,150 basehttp 22088 9992 "GET /api/code-review/stats/ HTTP/1.1" 200 686
INFO 2026-07-30 10:38:24,342 basehttp 22088 11124 "GET /api/code-review/submissions/ HTTP/1.1" 200 32800
INFO 2026-07-30 10:38:24,426 basehttp 22088 9992 "GET /api/code-review/stats/ HTTP/1.1" 200 686
INFO 2026-07-30 10:38:24,646 basehttp 22088 9992 "GET /api/code-review/submissions/ HTTP/1.1" 200 32800
INFO 2026-07-30 10:38:30,735 basehttp 22088 9992 "GET /api/code-review/languages/ HTTP/1.1" 200 1587
INFO 2026-07-30 10:38:30,873 basehttp 22088 9992 "GET /api/code-review/languages/ HTTP/1.1" 200 1587
INFO 2026-07-30 10:38:47,056 basehttp 22088 9992 "POST /api/code-review/submissions/ HTTP/1.1" 201 11250
INFO 2026-07-30 10:38:47,291 basehttp 22088 9992 "POST /api/code-review/initiate-review/ HTTP/1.1" 200 601
INFO 2026-07-30 10:38:50,800 basehttp 22088 9992 "GET /api/code-review/stats/ HTTP/1.1" 200 907
INFO 2026-07-30 10:38:51,099 basehttp 22088 11124 "GET /api/code-review/submissions/ HTTP/1.1" 200 44445
INFO 2026-07-30 10:38:51,181 basehttp 22088 9992 "GET /api/code-review/stats/ HTTP/1.1" 200 907
INFO 2026-07-30 10:38:51,468 basehttp 22088 9992 "GET /api/code-review/submissions/ HTTP/1.1" 200 44445
INFO 2026-07-30 10:38:58,972 basehttp 22088 13088 "OPTIONS /api/code-review/submissions/18b4f9de-471a-4fd0-8862-40521b7c3cec/ HTTP/1.1" 200 0
INFO 2026-07-30 10:38:58,974 basehttp 22088 19704 "OPTIONS /api/code-review/submissions/18b4f9de-471a-4fd0-8862-40521b7c3cec/ HTTP/1.1" 200 0
INFO 2026-07-30 10:38:59,277 basehttp 22088 9992 "GET /api/code-review/submissions/18b4f9de-471a-4fd0-8862-40521b7c3cec/ HTTP/1.1" 200 11644
INFO 2026-07-30 10:38:59,550 basehttp 22088 11124 "GET /api/code-review/submissions/18b4f9de-471a-4fd0-8862-40521b7c3cec/ HTTP/1.1" 200 11644
INFO 2026-07-30 10:44:10,573 autoreload 22088 21256 C:\ai-code-review-platform\backend\code_review\views.py changed, reloading.
INFO 2026-07-30 10:44:15,175 autoreload 2248 15488 Watching for file changes with StatReloader
INFO 2026-07-30 10:45:04,274 basehttp 2248 10048 "GET /api/code-review/stats/ HTTP/1.1" 200 907
INFO 2026-07-30 10:45:04,575 basehttp 2248 11444 "GET /api/code-review/submissions/ HTTP/1.1" 200 44445
INFO 2026-07-30 10:45:04,637 basehttp 2248 10048 "GET /api/code-review/stats/ HTTP/1.1" 200 907
INFO 2026-07-30 10:45:05,041 basehttp 2248 10048 "GET /api/code-review/submissions/ HTTP/1.1" 200 44445
INFO 2026-07-30 10:45:06,676 basehttp 2248 10048 "GET /api/code-review/languages/ HTTP/1.1" 200 1587
INFO 2026-07-30 10:45:06,898 basehttp 2248 10048 "GET /api/code-review/languages/ HTTP/1.1" 200 1587
INFO 2026-07-30 10:45:14,335 basehttp 2248 10048 "POST /api/code-review/submissions/ HTTP/1.1" 201 13010
INFO 2026-07-30 10:45:14,621 basehttp 2248 10048 "POST /api/code-review/initiate-review/ HTTP/1.1" 200 5511
INFO 2026-07-30 10:45:18,150 basehttp 2248 10048 "GET /api/code-review/stats/ HTTP/1.1" 200 1135
INFO 2026-07-30 10:45:18,487 basehttp 2248 11444 "GET /api/code-review/submissions/ HTTP/1.1" 200 62764
INFO 2026-07-30 10:45:18,572 basehttp 2248 10048 "GET /api/code-review/stats/ HTTP/1.1" 200 1135
INFO 2026-07-30 10:45:18,848 basehttp 2248 10048 "GET /api/code-review/submissions/ HTTP/1.1" 200 62764
INFO 2026-07-30 10:45:23,324 basehttp 2248 6780 "OPTIONS /api/code-review/submissions/60e56340-6266-48cc-8505-d4811d6b445e/ HTTP/1.1" 200 0
INFO 2026-07-30 10:45:23,337 basehttp 2248 5944 "OPTIONS /api/code-review/submissions/60e56340-6266-48cc-8505-d4811d6b445e/ HTTP/1.1" 200 0
INFO 2026-07-30 10:45:23,610 basehttp 2248 10048 "GET /api/code-review/submissions/60e56340-6266-48cc-8505-d4811d6b445e/ HTTP/1.1" 200 18318
INFO 2026-07-30 10:45:23,806 basehttp 2248 10048 "GET /api/code-review/submissions/60e56340-6266-48cc-8505-d4811d6b445e/ HTTP/1.1" 200 18318
INFO 2026-07-30 10:46:04,474 basehttp 2248 10048 "GET /api/code-review/stats/ HTTP/1.1" 200 1135
INFO 2026-07-30 10:46:04,876 basehttp 2248 11444 "GET /api/code-review/submissions/ HTTP/1.1" 200 62764
INFO 2026-07-30 10:46:04,964 basehttp 2248 10048 "GET /api/code-review/stats/ HTTP/1.1" 200 1135
INFO 2026-07-30 10:46:05,354 basehttp 2248 10048 "GET /api/code-review/submissions/ HTTP/1.1" 200 62764
INFO 2026-07-30 10:46:10,865 basehttp 2248 10048 "DELETE /api/code-review/submissions/18b4f9de-471a-4fd0-8862-40521b7c3cec/ HTTP/1.1" 204 0
WARNING 2026-07-30 10:46:11,176 basehttp 2248 10048 "GET /api/code-review/submissions/18b4f9de-471a-4fd0-8862-40521b7c3cec/ HTTP/1.1" 404 55
INFO 2026-07-30 10:46:11,320 basehttp 2248 11444 "GET /api/code-review/stats/ HTTP/1.1" 200 914
WARNING 2026-07-30 10:46:11,365 basehttp 2248 10048 "GET /api/code-review/submissions/18b4f9de-471a-4fd0-8862-40521b7c3cec/ HTTP/1.1" 404 55
INFO 2026-07-30 10:46:11,618 basehttp 2248 11444 "GET /api/code-review/stats/ HTTP/1.1" 200 914
INFO 2026-07-30 10:46:11,851 basehttp 2248 11444 "GET /api/code-review/submissions/ HTTP/1.1" 200 51119
INFO 2026-07-30 10:46:13,057 basehttp 2248 11444 "GET /api/code-review/stats/ HTTP/1.1" 200 914
INFO 2026-07-30 10:46:13,452 basehttp 2248 10048 "GET /api/code-review/submissions/ HTTP/1.1" 200 51119
INFO 2026-07-30 10:46:13,583 basehttp 2248 11444 "GET /api/code-review/stats/ HTTP/1.1" 200 914
INFO 2026-07-30 10:46:13,869 basehttp 2248 11444 "GET /api/code-review/submissions/ HTTP/1.1" 200 51119
INFO 2026-07-30 10:46:20,937 basehttp 2248 11444 "GET /api/code-review/languages/ HTTP/1.1" 200 1587
INFO 2026-07-30 10:46:21,153 basehttp 2248 11444 "GET /api/code-review/languages/ HTTP/1.1" 200 1587
INFO 2026-07-30 10:46:28,156 basehttp 2248 11444 "POST /api/code-review/submissions/ HTTP/1.1" 201 8074
INFO 2026-07-30 10:46:28,411 basehttp 2248 11444 "POST /api/code-review/initiate-review/ HTTP/1.1" 200 1589
INFO 2026-07-30 10:46:31,921 basehttp 2248 11444 "GET /api/code-review/stats/ HTTP/1.1" 200 1131
INFO 2026-07-30 10:46:32,159 basehttp 2248 10048 "GET /api/code-review/submissions/ HTTP/1.1" 200 60579
INFO 2026-07-30 10:46:32,286 basehttp 2248 11444 "GET /api/code-review/stats/ HTTP/1.1" 200 1131
INFO 2026-07-30 10:46:32,499 basehttp 2248 11444 "GET /api/code-review/submissions/ HTTP/1.1" 200 60579
INFO 2026-07-30 10:46:36,804 basehttp 2248 5944 "OPTIONS /api/code-review/submissions/4d4cfccf-7272-4c70-ade3-b5f827e44deb/ HTTP/1.1" 200 0
INFO 2026-07-30 10:46:36,805 basehttp 2248 6780 "OPTIONS /api/code-review/submissions/4d4cfccf-7272-4c70-ade3-b5f827e44deb/ HTTP/1.1" 200 0
INFO 2026-07-30 10:46:36,959 basehttp 2248 11444 "GET /api/code-review/submissions/4d4cfccf-7272-4c70-ade3-b5f827e44deb/ HTTP/1.1" 200 9459
INFO 2026-07-30 10:46:37,106 basehttp 2248 10048 "GET /api/code-review/submissions/4d4cfccf-7272-4c70-ade3-b5f827e44deb/ HTTP/1.1" 200 9459
INFO 2026-07-30 10:46:48,011 basehttp 2248 10048 "GET /api/code-review/stats/ HTTP/1.1" 200 1131
INFO 2026-07-30 10:46:48,423 basehttp 2248 11444 "GET /api/code-review/submissions/ HTTP/1.1" 200 60579
INFO 2026-07-30 10:46:48,527 basehttp 2248 10048 "GET /api/code-review/stats/ HTTP/1.1" 200 1131
INFO 2026-07-30 10:46:49,011 basehttp 2248 10048 "GET /api/code-review/submissions/ HTTP/1.1" 200 60579
INFO 2026-07-30 10:46:54,858 basehttp 2248 10048 "DELETE /api/code-review/submissions/4d4cfccf-7272-4c70-ade3-b5f827e44deb/ HTTP/1.1" 204 0
WARNING 2026-07-30 10:46:55,096 basehttp 2248 10048 "GET /api/code-review/submissions/4d4cfccf-7272-4c70-ade3-b5f827e44deb/ HTTP/1.1" 404 55
INFO 2026-07-30 10:46:55,202 basehttp 2248 11444 "GET /api/code-review/stats/ HTTP/1.1" 200 914
WARNING 2026-07-30 10:46:55,405 basehttp 2248 10048 "GET /api/code-review/submissions/4d4cfccf-7272-4c70-ade3-b5f827e44deb/ HTTP/1.1" 404 55
INFO 2026-07-30 10:46:55,496 basehttp 2248 11444 "GET /api/code-review/stats/ HTTP/1.1" 200 914
INFO 2026-07-30 10:46:55,749 basehttp 2248 11444 "GET /api/code-review/submissions/ HTTP/1.1" 200 51119
INFO 2026-07-30 10:46:56,788 basehttp 2248 11444 "GET /api/code-review/stats/ HTTP/1.1" 200 914
INFO 2026-07-30 10:46:57,072 basehttp 2248 10048 "GET /api/code-review/submissions/ HTTP/1.1" 200 51119
INFO 2026-07-30 10:46:57,221 basehttp 2248 11444 "GET /api/code-review/stats/ HTTP/1.1" 200 914
INFO 2026-07-30 10:46:57,414 basehttp 2248 11444 "GET /api/code-review/submissions/ HTTP/1.1" 200 51119
INFO 2026-07-30 10:46:59,465 basehttp 2248 11444 "GET /api/code-review/languages/ HTTP/1.1" 200 1587
INFO 2026-07-30 10:46:59,709 basehttp 2248 11444 "GET /api/code-review/languages/ HTTP/1.1" 200 1587
INFO 2026-07-30 10:47:11,628 basehttp 2248 11444 "POST /api/code-review/submissions/ HTTP/1.1" 201 8074
INFO 2026-07-30 10:47:11,992 basehttp 2248 11444 "POST /api/code-review/initiate-review/ HTTP/1.1" 200 1589
INFO 2026-07-30 10:47:15,321 basehttp 2248 11444 "GET /api/code-review/stats/ HTTP/1.1" 200 1131
INFO 2026-07-30 10:47:15,533 basehttp 2248 10048 "GET /api/code-review/submissions/ HTTP/1.1" 200 60579
INFO 2026-07-30 10:47:15,599 basehttp 2248 11444 "GET /api/code-review/stats/ HTTP/1.1" 200 1131
INFO 2026-07-30 10:47:15,870 basehttp 2248 11444 "GET /api/code-review/submissions/ HTTP/1.1" 200 60579
INFO 2026-07-30 10:47:17,532 basehttp 2248 11444 "GET /api/code-review/languages/ HTTP/1.1" 200 1587
INFO 2026-07-30 10:47:17,668 basehttp 2248 11444 "GET /api/code-review/languages/ HTTP/1.1" 200 1587
INFO 2026-07-30 10:47:19,905 basehttp 2248 11444 "GET /api/code-review/stats/ HTTP/1.1" 200 1131
INFO 2026-07-30 10:47:20,181 basehttp 2248 10048 "GET /api/code-review/submissions/ HTTP/1.1" 200 60579
INFO 2026-07-30 10:47:20,237 basehttp 2248 11444 "GET /api/code-review/stats/ HTTP/1.1" 200 1131
INFO 2026-07-30 10:47:20,539 basehttp 2248 11444 "GET /api/code-review/submissions/ HTTP/1.1" 200 60579
INFO 2026-07-30 10:47:23,478 basehttp 2248 6780 "OPTIONS /api/code-review/submissions/416f5cb6-0da5-4764-9805-f0e2f9839ea6/ HTTP/1.1" 200 0
INFO 2026-07-30 10:47:23,479 basehttp 2248 5944 "OPTIONS /api/code-review/submissions/416f5cb6-0da5-4764-9805-f0e2f9839ea6/ HTTP/1.1" 200 0
INFO 2026-07-30 10:47:23,767 basehttp 2248 11444 "GET /api/code-review/submissions/416f5cb6-0da5-4764-9805-f0e2f9839ea6/ HTTP/1.1" 200 9459
INFO 2026-07-30 10:47:23,958 basehttp 2248 10048 "GET /api/code-review/submissions/416f5cb6-0da5-4764-9805-f0e2f9839ea6/ HTTP/1.1" 200 9459
INFO 2026-07-30 10:51:50,222 autoreload 2248 15488 C:\ai-code-review-platform\backend\code_review\views.py changed, reloading.
INFO 2026-07-30 10:51:52,864 autoreload 5560 19588 Watching for file changes with StatReloader
WARNING 2026-07-30 10:54:09,528 basehttp 5560 14500 "GET /api/code-review/languages/ HTTP/1.1" 401 183
WARNING 2026-07-30 10:54:09,541 basehttp 5560 14500 "GET /api/code-review/languages/ HTTP/1.1" 401 183
INFO 2026-07-30 10:54:09,855 basehttp 5560 888 "OPTIONS /api/token/refresh/ HTTP/1.1" 200 0
INFO 2026-07-30 10:54:09,873 basehttp 5560 888 "OPTIONS /api/token/refresh/ HTTP/1.1" 200 0
INFO 2026-07-30 10:54:09,893 basehttp 5560 888 "POST /api/token/refresh/ HTTP/1.1" 200 582
INFO 2026-07-30 10:54:09,895 basehttp 5560 11000 "POST /api/token/refresh/ HTTP/1.1" 200 582
INFO 2026-07-30 10:54:10,204 basehttp 5560 14500 "GET /api/code-review/languages/ HTTP/1.1" 200 1587
INFO 2026-07-30 10:54:10,398 basehttp 5560 14500 "GET /api/code-review/languages/ HTTP/1.1" 200 1587
INFO 2026-07-30 10:54:31,866 basehttp 5560 11372 "POST /api/code-review/submissions/ HTTP/1.1" 201 9947
INFO 2026-07-30 10:54:32,393 basehttp 5560 11372 "POST /api/code-review/initiate-review/ HTTP/1.1" 200 1973
INFO 2026-07-30 10:54:35,794 basehttp 5560 11372 "GET /api/code-review/stats/ HTTP/1.1" 200 1370
INFO 2026-07-30 10:54:36,096 basehttp 5560 14792 "GET /api/code-review/submissions/ HTTP/1.1" 200 72289
INFO 2026-07-30 10:54:36,190 basehttp 5560 11372 "GET /api/code-review/stats/ HTTP/1.1" 200 1370
INFO 2026-07-30 10:54:36,495 basehttp 5560 11372 "GET /api/code-review/submissions/ HTTP/1.1" 200 72289
INFO 2026-07-30 10:54:40,399 basehttp 5560 13444 "OPTIONS /api/code-review/submissions/00271e46-e097-433d-8317-fd280d898a65/ HTTP/1.1" 200 0
INFO 2026-07-30 10:54:40,401 basehttp 5560 15600 "OPTIONS /api/code-review/submissions/00271e46-e097-433d-8317-fd280d898a65/ HTTP/1.1" 200 0
INFO 2026-07-30 10:54:40,657 basehttp 5560 11372 "GET /api/code-review/submissions/00271e46-e097-433d-8317-fd280d898a65/ HTTP/1.1" 200 11709
INFO 2026-07-30 10:54:40,858 basehttp 5560 11372 "GET /api/code-review/submissions/00271e46-e097-433d-8317-fd280d898a65/ HTTP/1.1" 200 11709
INFO 2026-07-30 10:59:14,317 autoreload 5560 19588 C:\ai-code-review-platform\backend\code_review\views.py changed, reloading.
INFO 2026-07-30 10:59:18,508 autoreload 15908 12604 Watching for file changes with StatReloader
INFO 2026-07-30 10:59:33,384 basehttp 15908 7944 "GET /api/code-review/stats/ HTTP/1.1" 200 1370
INFO 2026-07-30 10:59:33,904 basehttp 15908 7944 "GET /api/code-review/stats/ HTTP/1.1" 200 1370
INFO 2026-07-30 10:59:33,972 basehttp 15908 11788 "GET /api/code-review/submissions/ HTTP/1.1" 200 72289
INFO 2026-07-30 10:59:34,248 basehttp 15908 7944 "GET /api/code-review/submissions/ HTTP/1.1" 200 72289
INFO 2026-07-30 10:59:36,155 basehttp 15908 7944 "GET /api/code-review/languages/ HTTP/1.1" 200 1587
INFO 2026-07-30 10:59:36,427 basehttp 15908 7944 "GET /api/code-review/languages/ HTTP/1.1" 200 1587
INFO 2026-07-30 10:59:42,902 basehttp 15908 7944 "POST /api/code-review/submissions/ HTTP/1.1" 201 10130
INFO 2026-07-30 10:59:43,179 basehttp 15908 7944 "POST /api/code-review/initiate-review/ HTTP/1.1" 200 5774
INFO 2026-07-30 10:59:46,586 basehttp 15908 7944 "GET /api/code-review/stats/ HTTP/1.1" 200 1382
INFO 2026-07-30 10:59:46,907 basehttp 15908 11788 "GET /api/code-review/submissions/ HTTP/1.1" 200 87985
INFO 2026-07-30 10:59:47,082 basehttp 15908 7944 "GET /api/code-review/stats/ HTTP/1.1" 200 1382
INFO 2026-07-30 10:59:47,385 basehttp 15908 7944 "GET /api/code-review/submissions/ HTTP/1.1" 200 87985
INFO 2026-07-30 10:59:51,344 basehttp 15908 21552 "OPTIONS /api/code-review/submissions/182ef758-8b4f-4b1d-81ec-5b8f652e1c92/ HTTP/1.1" 200 0
INFO 2026-07-30 10:59:51,351 basehttp 15908 10332 "OPTIONS /api/code-review/submissions/182ef758-8b4f-4b1d-81ec-5b8f652e1c92/ HTTP/1.1" 200 0
INFO 2026-07-30 10:59:51,686 basehttp 15908 7944 "GET /api/code-review/submissions/182ef758-8b4f-4b1d-81ec-5b8f652e1c92/ HTTP/1.1" 200 15695
INFO 2026-07-30 10:59:51,917 basehttp 15908 7944 "GET /api/code-review/submissions/182ef758-8b4f-4b1d-81ec-5b8f652e1c92/ HTTP/1.1" 200 15695
INFO 2026-07-30 11:00:54,303 basehttp 15908 7944 "GET /api/code-review/stats/ HTTP/1.1" 200 1382
INFO 2026-07-30 11:00:54,612 basehttp 15908 11788 "GET /api/code-review/submissions/ HTTP/1.1" 200 87985
INFO 2026-07-30 11:00:54,691 basehttp 15908 7944 "GET /api/code-review/stats/ HTTP/1.1" 200 1382
INFO 2026-07-30 11:00:55,162 basehttp 15908 7944 "GET /api/code-review/submissions/ HTTP/1.1" 200 87985
INFO 2026-07-30 11:00:59,479 basehttp 15908 7944 "DELETE /api/code-review/submissions/00271e46-e097-433d-8317-fd280d898a65/ HTTP/1.1" 204 0
WARNING 2026-07-30 11:00:59,768 basehttp 15908 7944 "GET /api/code-review/submissions/00271e46-e097-433d-8317-fd280d898a65/ HTTP/1.1" 404 55
INFO 2026-07-30 11:00:59,946 basehttp 15908 11788 "GET /api/code-review/stats/ HTTP/1.1" 200 1373
WARNING 2026-07-30 11:00:59,994 basehttp 15908 7944 "GET /api/code-review/submissions/00271e46-e097-433d-8317-fd280d898a65/ HTTP/1.1" 404 55
INFO 2026-07-30 11:01:00,554 basehttp 15908 11788 "GET /api/code-review/stats/ HTTP/1.1" 200 1373
INFO 2026-07-30 11:01:00,981 basehttp 15908 11788 "GET /api/code-review/submissions/ HTTP/1.1" 200 76275
WARNING 2026-07-30 11:01:01,284 basehttp 15908 7944 "GET /api/code-review/submissions/00271e46-e097-433d-8317-fd280d898a65/ HTTP/1.1" 404 55
INFO 2026-07-30 11:01:02,987 basehttp 15908 7944 "GET /api/code-review/stats/ HTTP/1.1" 200 1373
INFO 2026-07-30 11:01:03,446 basehttp 15908 11788 "GET /api/code-review/submissions/ HTTP/1.1" 200 76275
INFO 2026-07-30 11:01:03,566 basehttp 15908 7944 "GET /api/code-review/stats/ HTTP/1.1" 200 1373
INFO 2026-07-30 11:01:03,937 basehttp 15908 7944 "GET /api/code-review/submissions/ HTTP/1.1" 200 76275
INFO 2026-07-30 11:01:08,598 basehttp 15908 7944 "DELETE /api/code-review/submissions/416f5cb6-0da5-4764-9805-f0e2f9839ea6/ HTTP/1.1" 204 0
WARNING 2026-07-30 11:01:08,879 basehttp 15908 7944 "GET /api/code-review/submissions/416f5cb6-0da5-4764-9805-f0e2f9839ea6/ HTTP/1.1" 404 55
INFO 2026-07-30 11:01:08,988 basehttp 15908 11788 "GET /api/code-review/stats/ HTTP/1.1" 200 1155
WARNING 2026-07-30 11:01:09,026 basehttp 15908 7944 "GET /api/code-review/submissions/416f5cb6-0da5-4764-9805-f0e2f9839ea6/ HTTP/1.1" 404 55
INFO 2026-07-30 11:01:09,274 basehttp 15908 11788 "GET /api/code-review/stats/ HTTP/1.1" 200 1155
INFO 2026-07-30 11:01:09,444 basehttp 15908 11788 "GET /api/code-review/submissions/ HTTP/1.1" 200 66815
INFO 2026-07-30 11:01:10,595 basehttp 15908 11788 "GET /api/code-review/stats/ HTTP/1.1" 200 1155
INFO 2026-07-30 11:01:11,031 basehttp 15908 7944 "GET /api/code-review/submissions/ HTTP/1.1" 200 66815
INFO 2026-07-30 11:01:11,160 basehttp 15908 11788 "GET /api/code-review/stats/ HTTP/1.1" 200 1155
INFO 2026-07-30 11:01:11,702 basehttp 15908 11788 "GET /api/code-review/submissions/ HTTP/1.1" 200 66815
INFO 2026-07-30 11:01:13,833 basehttp 15908 11788 "GET /api/code-review/languages/ HTTP/1.1" 200 1587
INFO 2026-07-30 11:01:14,055 basehttp 15908 11788 "GET /api/code-review/languages/ HTTP/1.1" 200 1587
INFO 2026-07-30 11:01:30,432 basehttp 15908 11788 "POST /api/code-review/submissions/ HTTP/1.1" 201 5507
INFO 2026-07-30 11:01:30,776 basehttp 15908 11788 "POST /api/code-review/initiate-review/ HTTP/1.1" 200 472
INFO 2026-07-30 11:01:34,337 basehttp 15908 11788 "GET /api/code-review/stats/ HTTP/1.1" 200 1379
INFO 2026-07-30 11:01:34,638 basehttp 15908 7944 "GET /api/code-review/submissions/ HTTP/1.1" 200 72592
INFO 2026-07-30 11:01:34,716 basehttp 15908 11788 "GET /api/code-review/stats/ HTTP/1.1" 200 1379
INFO 2026-07-30 11:01:35,166 basehttp 15908 11788 "GET /api/code-review/submissions/ HTTP/1.1" 200 72592
INFO 2026-07-30 11:01:38,318 basehttp 15908 10332 "OPTIONS /api/code-review/submissions/e7051da2-c3e9-42e5-9a6c-5401f93d7bfb/ HTTP/1.1" 200 0
INFO 2026-07-30 11:01:38,319 basehttp 15908 21552 "OPTIONS /api/code-review/submissions/e7051da2-c3e9-42e5-9a6c-5401f93d7bfb/ HTTP/1.1" 200 0
INFO 2026-07-30 11:01:38,598 basehttp 15908 11788 "GET /api/code-review/submissions/e7051da2-c3e9-42e5-9a6c-5401f93d7bfb/ HTTP/1.1" 200 5776
INFO 2026-07-30 11:01:38,808 basehttp 15908 11788 "GET /api/code-review/submissions/e7051da2-c3e9-42e5-9a6c-5401f93d7bfb/ HTTP/1.1" 200 5776
INFO 2026-07-30 11:02:48,485 autoreload 15908 12604 C:\ai-code-review-platform\backend\code_review\views.py changed, reloading.
INFO 2026-07-30 11:02:52,145 autoreload 18016 20132 Watching for file changes with StatReloader
INFO 2026-07-30 11:03:03,990 autoreload 18016 20132 C:\ai-code-review-platform\backend\code_review\views.py changed, reloading.
INFO 2026-07-30 11:03:06,763 autoreload 17092 21892 Watching for file changes with StatReloader
INFO 2026-07-30 11:03:11,571 autoreload 17092 21892 C:\ai-code-review-platform\backend\code_review\views.py changed, reloading.
INFO 2026-07-30 11:03:13,899 autoreload 14636 13640 Watching for file changes with StatReloader
INFO 2026-07-30 11:04:40,274 autoreload 14636 13640 C:\ai-code-review-platform\backend\code_review\views.py changed, reloading.
INFO 2026-07-30 11:04:44,024 autoreload 10508 19112 Watching for file changes with StatReloader
INFO 2026-07-30 11:04:49,636 autoreload 10508 19112 C:\ai-code-review-platform\backend\code_review\views.py changed, reloading.
INFO 2026-07-30 11:04:52,891 autoreload 14524 204 Watching for file changes with StatReloader
INFO 2026-07-30 11:06:38,152 autoreload 14524 204 C:\ai-code-review-platform\backend\code_review\views.py changed, reloading.
INFO 2026-07-30 11:06:41,182 autoreload 16568 2696 Watching for file changes with StatReloader
INFO 2026-07-30 11:09:41,554 autoreload 16568 2696 C:\ai-code-review-platform\backend\code_review\views.py changed, reloading.
INFO 2026-07-30 11:09:45,377 autoreload 15240 16176 Watching for file changes with StatReloader
WARNING 2026-07-30 11:10:02,618 basehttp 15240 18324 "GET /api/code-review/stats/ HTTP/1.1" 401 183
WARNING 2026-07-30 11:10:02,625 basehttp 15240 18324 "GET /api/code-review/stats/ HTTP/1.1" 401 183
INFO 2026-07-30 11:10:02,940 basehttp 15240 5828 "POST /api/token/refresh/ HTTP/1.1" 200 582
INFO 2026-07-30 11:10:02,954 basehttp 15240 12280 "POST /api/token/refresh/ HTTP/1.1" 200 582
INFO 2026-07-30 11:10:03,326 basehttp 15240 18324 "GET /api/code-review/stats/ HTTP/1.1" 200 1379
INFO 2026-07-30 11:10:03,562 basehttp 15240 5872 "GET /api/code-review/submissions/ HTTP/1.1" 200 72592
INFO 2026-07-30 11:10:03,602 basehttp 15240 18324 "GET /api/code-review/stats/ HTTP/1.1" 200 1379
INFO 2026-07-30 11:10:04,000 basehttp 15240 18324 "GET /api/code-review/submissions/ HTTP/1.1" 200 72592
INFO 2026-07-30 11:10:06,004 basehttp 15240 18324 "GET /api/code-review/languages/ HTTP/1.1" 200 1587
INFO 2026-07-30 11:10:06,239 basehttp 15240 18324 "GET /api/code-review/languages/ HTTP/1.1" 200 1587
INFO 2026-07-30 11:10:18,185 basehttp 15240 18324 "POST /api/code-review/submissions/ HTTP/1.1" 201 5507
INFO 2026-07-30 11:10:18,592 basehttp 15240 18324 "POST /api/code-review/initiate-review/ HTTP/1.1" 200 2343
INFO 2026-07-30 11:10:21,963 basehttp 15240 18324 "GET /api/code-review/stats/ HTTP/1.1" 200 1381
INFO 2026-07-30 11:10:22,234 basehttp 15240 5872 "GET /api/code-review/submissions/ HTTP/1.1" 200 80240
INFO 2026-07-30 11:10:22,315 basehttp 15240 18324 "GET /api/code-review/stats/ HTTP/1.1" 200 1381
INFO 2026-07-30 11:10:22,942 basehttp 15240 18324 "GET /api/code-review/submissions/ HTTP/1.1" 200 80240
INFO 2026-07-30 11:10:26,620 basehttp 15240 12280 "OPTIONS /api/code-review/submissions/442c07ba-d307-4fd7-a267-2c14653d09a9/ HTTP/1.1" 200 0
INFO 2026-07-30 11:10:26,623 basehttp 15240 5828 "OPTIONS /api/code-review/submissions/442c07ba-d307-4fd7-a267-2c14653d09a9/ HTTP/1.1" 200 0
INFO 2026-07-30 11:10:26,960 basehttp 15240 18324 "GET /api/code-review/submissions/442c07ba-d307-4fd7-a267-2c14653d09a9/ HTTP/1.1" 200 7647
INFO 2026-07-30 11:10:27,143 basehttp 15240 18324 "GET /api/code-review/submissions/442c07ba-d307-4fd7-a267-2c14653d09a9/ HTTP/1.1" 200 7647
INFO 2026-07-30 11:14:09,376 autoreload 15240 16176 C:\ai-code-review-platform\backend\code_review\views.py changed, reloading.
INFO 2026-07-30 11:14:15,401 autoreload 15892 2980 Watching for file changes with StatReloader
INFO 2026-07-30 11:14:28,714 basehttp 15892 9968 "GET /api/code-review/stats/ HTTP/1.1" 200 1381
INFO 2026-07-30 11:14:29,254 basehttp 15892 13088 "GET /api/code-review/submissions/ HTTP/1.1" 200 80240
INFO 2026-07-30 11:14:29,419 basehttp 15892 9968 "GET /api/code-review/stats/ HTTP/1.1" 200 1381
INFO 2026-07-30 11:14:29,927 basehttp 15892 9968 "GET /api/code-review/submissions/ HTTP/1.1" 200 80240
INFO 2026-07-30 11:14:33,452 basehttp 15892 9968 "GET /api/code-review/languages/ HTTP/1.1" 200 1587
INFO 2026-07-30 11:14:33,747 basehttp 15892 9968 "GET /api/code-review/languages/ HTTP/1.1" 200 1587
INFO 2026-07-30 11:14:47,170 basehttp 15892 9968 "POST /api/code-review/submissions/ HTTP/1.1" 201 5685
INFO 2026-07-30 11:14:47,748 basehttp 15892 9968 "POST /api/code-review/initiate-review/ HTTP/1.1" 200 2344
INFO 2026-07-30 11:14:51,194 basehttp 15892 9968 "GET /api/code-review/stats/ HTTP/1.1" 200 1376
INFO 2026-07-30 11:14:51,526 basehttp 15892 13088 "GET /api/code-review/submissions/ HTTP/1.1" 200 88067
INFO 2026-07-30 11:14:51,589 basehttp 15892 9968 "GET /api/code-review/stats/ HTTP/1.1" 200 1376
INFO 2026-07-30 11:14:52,037 basehttp 15892 9968 "GET /api/code-review/submissions/ HTTP/1.1" 200 88067
INFO 2026-07-30 11:14:56,312 basehttp 15892 12776 "OPTIONS /api/code-review/submissions/9e794599-a643-47c0-8558-9bf908a4499e/ HTTP/1.1" 200 0
INFO 2026-07-30 11:14:56,313 basehttp 15892 1996 "OPTIONS /api/code-review/submissions/9e794599-a643-47c0-8558-9bf908a4499e/ HTTP/1.1" 200 0
INFO 2026-07-30 11:14:56,673 basehttp 15892 9968 "GET /api/code-review/submissions/9e794599-a643-47c0-8558-9bf908a4499e/ HTTP/1.1" 200 7826
INFO 2026-07-30 11:14:56,974 basehttp 15892 9968 "GET /api/code-review/submissions/9e794599-a643-47c0-8558-9bf908a4499e/ HTTP/1.1" 200 7826
INFO 2026-07-30 11:22:56,149 autoreload 15892 2980 C:\ai-code-review-platform\backend\code_review\views.py changed, reloading.
INFO 2026-07-30 11:22:58,192 autoreload 3344 9716 Watching for file changes with StatReloader
INFO 2026-07-30 11:26:09,895 autoreload 3344 9716 C:\ai-code-review-platform\backend\code_review\views.py changed, reloading.
INFO 2026-07-30 11:26:11,681 autoreload 7368 17696 Watching for file changes with StatReloader
WARNING 2026-07-30 11:26:27,859 basehttp 7368 5240 "GET /api/code-review/stats/ HTTP/1.1" 401 183
WARNING 2026-07-30 11:26:27,862 basehttp 7368 5240 "GET /api/code-review/stats/ HTTP/1.1" 401 183
INFO 2026-07-30 11:26:28,205 basehttp 7368 4112 "POST /api/token/refresh/ HTTP/1.1" 200 582
INFO 2026-07-30 11:26:28,205 basehttp 7368 12396 "POST /api/token/refresh/ HTTP/1.1" 200 582
INFO 2026-07-30 11:26:28,344 basehttp 7368 5240 "GET /api/code-review/stats/ HTTP/1.1" 200 1376
INFO 2026-07-30 11:26:28,482 basehttp 7368 16144 "GET /api/code-review/submissions/ HTTP/1.1" 200 88067
INFO 2026-07-30 11:26:28,503 basehttp 7368 5240 "GET /api/code-review/stats/ HTTP/1.1" 200 1376
INFO 2026-07-30 11:26:28,722 basehttp 7368 5240 "GET /api/code-review/submissions/ HTTP/1.1" 200 88067
INFO 2026-07-30 11:26:31,278 basehttp 7368 5240 "GET /api/code-review/languages/ HTTP/1.1" 200 1587
INFO 2026-07-30 11:26:31,353 basehttp 7368 5240 "GET /api/code-review/languages/ HTTP/1.1" 200 1587
INFO 2026-07-30 11:26:43,781 basehttp 7368 5240 "POST /api/code-review/submissions/ HTTP/1.1" 201 5863
INFO 2026-07-30 11:26:43,982 basehttp 7368 5240 "POST /api/code-review/initiate-review/ HTTP/1.1" 200 2377
INFO 2026-07-30 11:26:47,148 basehttp 7368 5240 "GET /api/code-review/stats/ HTTP/1.1" 200 1373
INFO 2026-07-30 11:26:47,273 basehttp 7368 16144 "GET /api/code-review/submissions/ HTTP/1.1" 200 96105
INFO 2026-07-30 11:26:47,297 basehttp 7368 5240 "GET /api/code-review/stats/ HTTP/1.1" 200 1373
INFO 2026-07-30 11:26:47,504 basehttp 7368 5240 "GET /api/code-review/submissions/ HTTP/1.1" 200 96105
INFO 2026-07-30 11:26:51,511 basehttp 7368 12396 "OPTIONS /api/code-review/submissions/cac450a2-0420-4f83-8174-aa8ef4033450/ HTTP/1.1" 200 0
INFO 2026-07-30 11:26:51,512 basehttp 7368 4112 "OPTIONS /api/code-review/submissions/cac450a2-0420-4f83-8174-aa8ef4033450/ HTTP/1.1" 200 0
INFO 2026-07-30 11:26:51,603 basehttp 7368 5240 "GET /api/code-review/submissions/cac450a2-0420-4f83-8174-aa8ef4033450/ HTTP/1.1" 200 8037
INFO 2026-07-30 11:26:51,682 basehttp 7368 16144 "GET /api/code-review/submissions/cac450a2-0420-4f83-8174-aa8ef4033450/ HTTP/1.1" 200 8037
INFO 2026-07-30 11:31:14,560 autoreload 7368 17696 C:\ai-code-review-platform\backend\code_review\views.py changed, reloading.
INFO 2026-07-30 11:31:16,019 autoreload 9504 6460 Watching for file changes with StatReloader
INFO 2026-07-30 11:31:52,905 basehttp 9504 21540 "GET /api/code-review/stats/ HTTP/1.1" 200 1373
INFO 2026-07-30 11:31:53,038 basehttp 9504 9532 "GET /api/code-review/submissions/ HTTP/1.1" 200 96105
INFO 2026-07-30 11:31:53,065 basehttp 9504 21540 "GET /api/code-review/stats/ HTTP/1.1" 200 1373
INFO 2026-07-30 11:31:53,402 basehttp 9504 21540 "GET /api/code-review/submissions/ HTTP/1.1" 200 96105
INFO 2026-07-30 11:31:55,360 basehttp 9504 21540 "GET /api/code-review/languages/ HTTP/1.1" 200 1587
INFO 2026-07-30 11:31:55,440 basehttp 9504 21540 "GET /api/code-review/languages/ HTTP/1.1" 200 1587
INFO 2026-07-30 11:32:06,008 basehttp 9504 21540 "POST /api/code-review/submissions/ HTTP/1.1" 201 6061
INFO 2026-07-30 11:32:06,181 basehttp 9504 21540 "POST /api/code-review/initiate-review/ HTTP/1.1" 200 2540
INFO 2026-07-30 11:32:09,350 basehttp 9504 21540 "GET /api/code-review/stats/ HTTP/1.1" 200 1363
INFO 2026-07-30 11:32:09,473 basehttp 9504 21540 "GET /api/code-review/stats/ HTTP/1.1" 200 1363
INFO 2026-07-30 11:32:09,569 basehttp 9504 9532 "GET /api/code-review/submissions/ HTTP/1.1" 200 104504
INFO 2026-07-30 11:32:09,671 basehttp 9504 21540 "GET /api/code-review/submissions/ HTTP/1.1" 200 104504
INFO 2026-07-30 11:32:13,612 basehttp 9504 18604 "OPTIONS /api/code-review/submissions/7ab05872-24de-43af-b496-0dd4fba19e39/ HTTP/1.1" 200 0
INFO 2026-07-30 11:32:13,614 basehttp 9504 19140 "OPTIONS /api/code-review/submissions/7ab05872-24de-43af-b496-0dd4fba19e39/ HTTP/1.1" 200 0
INFO 2026-07-30 11:32:13,775 basehttp 9504 21540 "GET /api/code-review/submissions/7ab05872-24de-43af-b496-0dd4fba19e39/ HTTP/1.1" 200 8398
INFO 2026-07-30 11:32:13,872 basehttp 9504 9532 "GET /api/code-review/submissions/7ab05872-24de-43af-b496-0dd4fba19e39/ HTTP/1.1" 200 8398
INFO 2026-07-30 11:33:14,693 basehttp 9504 9532 "GET /api/code-review/stats/ HTTP/1.1" 200 1363
INFO 2026-07-30 11:33:14,817 basehttp 9504 9532 "GET /api/code-review/stats/ HTTP/1.1" 200 1363
INFO 2026-07-30 11:33:14,909 basehttp 9504 21540 "GET /api/code-review/submissions/ HTTP/1.1" 200 104504
INFO 2026-07-30 11:33:15,021 basehttp 9504 9532 "GET /api/code-review/submissions/ HTTP/1.1" 200 104504
INFO 2026-07-30 11:33:21,150 basehttp 9504 9532 "DELETE /api/code-review/submissions/7ab05872-24de-43af-b496-0dd4fba19e39/ HTTP/1.1" 204 0
WARNING 2026-07-30 11:33:21,245 basehttp 9504 9532 "GET /api/code-review/submissions/7ab05872-24de-43af-b496-0dd4fba19e39/ HTTP/1.1" 404 55
INFO 2026-07-30 11:33:21,326 basehttp 9504 21540 "GET /api/code-review/stats/ HTTP/1.1" 200 1373
WARNING 2026-07-30 11:33:21,346 basehttp 9504 9532 "GET /api/code-review/submissions/7ab05872-24de-43af-b496-0dd4fba19e39/ HTTP/1.1" 404 55
INFO 2026-07-30 11:33:21,486 basehttp 9504 21540 "GET /api/code-review/stats/ HTTP/1.1" 200 1373
INFO 2026-07-30 11:33:21,597 basehttp 9504 21540 "GET /api/code-review/submissions/ HTTP/1.1" 200 96105
INFO 2026-07-30 11:33:23,150 basehttp 9504 21540 "GET /api/code-review/stats/ HTTP/1.1" 200 1373
INFO 2026-07-30 11:33:23,292 basehttp 9504 9532 "GET /api/code-review/submissions/ HTTP/1.1" 200 96105
INFO 2026-07-30 11:33:23,326 basehttp 9504 21540 "GET /api/code-review/stats/ HTTP/1.1" 200 1373
INFO 2026-07-30 11:33:23,563 basehttp 9504 21540 "GET /api/code-review/submissions/ HTTP/1.1" 200 96105
INFO 2026-07-30 11:33:26,856 basehttp 9504 21540 "DELETE /api/code-review/submissions/cac450a2-0420-4f83-8174-aa8ef4033450/ HTTP/1.1" 204 0
WARNING 2026-07-30 11:33:26,991 basehttp 9504 21540 "GET /api/code-review/submissions/cac450a2-0420-4f83-8174-aa8ef4033450/ HTTP/1.1" 404 55
INFO 2026-07-30 11:33:27,089 basehttp 9504 9532 "GET /api/code-review/stats/ HTTP/1.1" 200 1376
WARNING 2026-07-30 11:33:27,097 basehttp 9504 21540 "GET /api/code-review/submissions/cac450a2-0420-4f83-8174-aa8ef4033450/ HTTP/1.1" 404 55
INFO 2026-07-30 11:33:27,231 basehttp 9504 9532 "GET /api/code-review/stats/ HTTP/1.1" 200 1376
INFO 2026-07-30 11:33:27,344 basehttp 9504 9532 "GET /api/code-review/submissions/ HTTP/1.1" 200 88067
INFO 2026-07-30 11:33:28,214 basehttp 9504 9532 "GET /api/code-review/stats/ HTTP/1.1" 200 1376
INFO 2026-07-30 11:33:28,350 basehttp 9504 21540 "GET /api/code-review/submissions/ HTTP/1.1" 200 88067
INFO 2026-07-30 11:33:28,389 basehttp 9504 9532 "GET /api/code-review/stats/ HTTP/1.1" 200 1376
INFO 2026-07-30 11:33:28,584 basehttp 9504 9532 "GET /api/code-review/submissions/ HTTP/1.1" 200 88067
INFO 2026-07-30 11:33:32,090 basehttp 9504 9532 "DELETE /api/code-review/submissions/e7051da2-c3e9-42e5-9a6c-5401f93d7bfb/ HTTP/1.1" 204 0
WARNING 2026-07-30 11:33:32,189 basehttp 9504 9532 "GET /api/code-review/submissions/e7051da2-c3e9-42e5-9a6c-5401f93d7bfb/ HTTP/1.1" 404 55
INFO 2026-07-30 11:33:32,272 basehttp 9504 21540 "GET /api/code-review/stats/ HTTP/1.1" 200 1380
WARNING 2026-07-30 11:33:32,290 basehttp 9504 9532 "GET /api/code-review/submissions/e7051da2-c3e9-42e5-9a6c-5401f93d7bfb/ HTTP/1.1" 404 55
INFO 2026-07-30 11:33:32,397 basehttp 9504 21540 "GET /api/code-review/stats/ HTTP/1.1" 200 1380
INFO 2026-07-30 11:33:32,500 basehttp 9504 21540 "GET /api/code-review/submissions/ HTTP/1.1" 200 82290
INFO 2026-07-30 11:33:33,586 basehttp 9504 21540 "GET /api/code-review/stats/ HTTP/1.1" 200 1380
INFO 2026-07-30 11:33:33,727 basehttp 9504 21540 "GET /api/code-review/stats/ HTTP/1.1" 200 1380
INFO 2026-07-30 11:33:33,806 basehttp 9504 9532 "GET /api/code-review/submissions/ HTTP/1.1" 200 82290
INFO 2026-07-30 11:33:33,918 basehttp 9504 21540 "GET /api/code-review/submissions/ HTTP/1.1" 200 82290
INFO 2026-07-30 11:33:37,487 basehttp 9504 21540 "DELETE /api/code-review/submissions/9e794599-a643-47c0-8558-9bf908a4499e/ HTTP/1.1" 204 0
WARNING 2026-07-30 11:33:37,584 basehttp 9504 21540 "GET /api/code-review/submissions/9e794599-a643-47c0-8558-9bf908a4499e/ HTTP/1.1" 404 55
WARNING 2026-07-30 11:33:37,712 basehttp 9504 21540 "GET /api/code-review/submissions/9e794599-a643-47c0-8558-9bf908a4499e/ HTTP/1.1" 404 55
INFO 2026-07-30 11:33:37,736 basehttp 9504 9532 "GET /api/code-review/stats/ HTTP/1.1" 200 1379
INFO 2026-07-30 11:33:37,872 basehttp 9504 9532 "GET /api/code-review/stats/ HTTP/1.1" 200 1379
INFO 2026-07-30 11:33:38,098 basehttp 9504 9532 "GET /api/code-review/submissions/ HTTP/1.1" 200 74463
INFO 2026-07-30 11:33:39,328 basehttp 9504 9532 "GET /api/code-review/stats/ HTTP/1.1" 200 1379
INFO 2026-07-30 11:33:39,458 basehttp 9504 21540 "GET /api/code-review/submissions/ HTTP/1.1" 200 74463
INFO 2026-07-30 11:33:39,496 basehttp 9504 9532 "GET /api/code-review/stats/ HTTP/1.1" 200 1379
INFO 2026-07-30 11:33:39,667 basehttp 9504 9532 "GET /api/code-review/submissions/ HTTP/1.1" 200 74463
INFO 2026-07-30 11:33:44,468 basehttp 9504 9532 "GET /api/code-review/submissions/182ef758-8b4f-4b1d-81ec-5b8f652e1c92/ HTTP/1.1" 200 15695
INFO 2026-07-30 11:33:44,569 basehttp 9504 21540 "GET /api/code-review/submissions/182ef758-8b4f-4b1d-81ec-5b8f652e1c92/ HTTP/1.1" 200 15695
INFO 2026-07-30 11:33:48,016 basehttp 9504 21540 "GET /api/code-review/stats/ HTTP/1.1" 200 1379
INFO 2026-07-30 11:33:48,152 basehttp 9504 9532 "GET /api/code-review/submissions/ HTTP/1.1" 200 74463
INFO 2026-07-30 11:33:48,202 basehttp 9504 21540 "GET /api/code-review/stats/ HTTP/1.1" 200 1379
INFO 2026-07-30 11:33:48,503 basehttp 9504 21540 "GET /api/code-review/submissions/ HTTP/1.1" 200 74463
INFO 2026-07-30 11:33:53,443 basehttp 9504 21540 "GET /api/code-review/submissions/442c07ba-d307-4fd7-a267-2c14653d09a9/ HTTP/1.1" 200 7647
INFO 2026-07-30 11:33:53,558 basehttp 9504 9532 "GET /api/code-review/submissions/442c07ba-d307-4fd7-a267-2c14653d09a9/ HTTP/1.1" 200 7647
INFO 2026-07-30 11:36:03,566 autoreload 9504 6460 C:\ai-code-review-platform\backend\code_review\views.py changed, reloading.
INFO 2026-07-30 11:36:05,232 autoreload 21544 17864 Watching for file changes with StatReloader
INFO 2026-07-30 11:36:18,581 basehttp 21544 2672 "GET /api/code-review/stats/ HTTP/1.1" 200 1379
INFO 2026-07-30 11:36:18,696 basehttp 21544 2672 "GET /api/code-review/stats/ HTTP/1.1" 200 1379
INFO 2026-07-30 11:36:18,842 basehttp 21544 21244 "GET /api/code-review/submissions/ HTTP/1.1" 200 74463
INFO 2026-07-30 11:36:18,943 basehttp 21544 2672 "GET /api/code-review/submissions/ HTTP/1.1" 200 74463
INFO 2026-07-30 11:36:20,893 basehttp 21544 2672 "GET /api/code-review/languages/ HTTP/1.1" 200 1587
INFO 2026-07-30 11:36:20,983 basehttp 21544 2672 "GET /api/code-review/languages/ HTTP/1.1" 200 1587
INFO 2026-07-30 11:36:39,560 basehttp 21544 2672 "POST /api/code-review/submissions/ HTTP/1.1" 201 5685
INFO 2026-07-30 11:36:39,762 basehttp 21544 2672 "POST /api/code-review/initiate-review/ HTTP/1.1" 200 3023
INFO 2026-07-30 11:36:42,939 basehttp 21544 2672 "GET /api/code-review/stats/ HTTP/1.1" 200 1380
INFO 2026-07-30 11:36:43,069 basehttp 21544 21244 "GET /api/code-review/submissions/ HTTP/1.1" 200 82969
INFO 2026-07-30 11:36:43,089 basehttp 21544 2672 "GET /api/code-review/stats/ HTTP/1.1" 200 1380
INFO 2026-07-30 11:36:43,254 basehttp 21544 2672 "GET /api/code-review/submissions/ HTTP/1.1" 200 82969
INFO 2026-07-30 11:36:47,510 basehttp 21544 14400 "OPTIONS /api/code-review/submissions/0043d17e-7c67-42fe-a1a6-ae0e8d7d4be2/ HTTP/1.1" 200 0
INFO 2026-07-30 11:36:47,510 basehttp 21544 4328 "OPTIONS /api/code-review/submissions/0043d17e-7c67-42fe-a1a6-ae0e8d7d4be2/ HTTP/1.1" 200 0
INFO 2026-07-30 11:36:47,619 basehttp 21544 2672 "GET /api/code-review/submissions/0043d17e-7c67-42fe-a1a6-ae0e8d7d4be2/ HTTP/1.1" 200 8505
INFO 2026-07-30 11:36:47,739 basehttp 21544 21244 "GET /api/code-review/submissions/0043d17e-7c67-42fe-a1a6-ae0e8d7d4be2/ HTTP/1.1" 200 8505
INFO 2026-07-30 11:39:10,747 basehttp 21544 21244 "GET /api/code-review/languages/ HTTP/1.1" 200 1587
INFO 2026-07-30 11:39:10,828 basehttp 21544 21244 "GET /api/code-review/languages/ HTTP/1.1" 200 1587
INFO 2026-07-30 11:39:39,309 basehttp 21544 21244 "POST /api/code-review/submissions/ HTTP/1.1" 201 11239
INFO 2026-07-30 11:39:39,640 basehttp 21544 21244 "POST /api/code-review/initiate-review/ HTTP/1.1" 200 5982
INFO 2026-07-30 11:39:42,808 basehttp 21544 21244 "GET /api/code-review/stats/ HTTP/1.1" 200 1393
INFO 2026-07-30 11:39:42,932 basehttp 21544 2672 "GET /api/code-review/submissions/ HTTP/1.1" 200 99982
INFO 2026-07-30 11:39:42,959 basehttp 21544 21244 "GET /api/code-review/stats/ HTTP/1.1" 200 1393
INFO 2026-07-30 11:39:43,146 basehttp 21544 21244 "GET /api/code-review/submissions/ HTTP/1.1" 200 99982
INFO 2026-07-30 11:39:47,055 basehttp 21544 4328 "OPTIONS /api/code-review/submissions/bade320c-17ad-4bc6-b8e2-b232ef5588e6/ HTTP/1.1" 200 0
INFO 2026-07-30 11:39:47,057 basehttp 21544 14400 "OPTIONS /api/code-review/submissions/bade320c-17ad-4bc6-b8e2-b232ef5588e6/ HTTP/1.1" 200 0
INFO 2026-07-30 11:39:47,281 basehttp 21544 21244 "GET /api/code-review/submissions/bade320c-17ad-4bc6-b8e2-b232ef5588e6/ HTTP/1.1" 200 17012
INFO 2026-07-30 11:39:47,357 basehttp 21544 21244 "GET /api/code-review/submissions/bade320c-17ad-4bc6-b8e2-b232ef5588e6/ HTTP/1.1" 200 17012
WARNING 2026-07-30 11:41:49,786 basehttp 21544 21244 "GET /api/code-review/stats/ HTTP/1.1" 401 183
WARNING 2026-07-30 11:41:49,792 basehttp 21544 2672 "GET /api/code-review/stats/ HTTP/1.1" 401 183
INFO 2026-07-30 11:41:49,804 basehttp 21544 14400 "POST /api/token/refresh/ HTTP/1.1" 200 582
INFO 2026-07-30 11:41:49,805 basehttp 21544 4328 "POST /api/token/refresh/ HTTP/1.1" 200 582
INFO 2026-07-30 11:41:49,957 basehttp 21544 2672 "GET /api/code-review/stats/ HTTP/1.1" 200 1393
INFO 2026-07-30 11:41:50,106 basehttp 21544 21244 "GET /api/code-review/submissions/ HTTP/1.1" 200 99982
INFO 2026-07-30 11:41:50,140 basehttp 21544 2672 "GET /api/code-review/stats/ HTTP/1.1" 200 1393
INFO 2026-07-30 11:41:50,383 basehttp 21544 2672 "GET /api/code-review/submissions/ HTTP/1.1" 200 99982
INFO 2026-07-30 11:41:52,046 basehttp 21544 2672 "GET /api/code-review/languages/ HTTP/1.1" 200 1587
INFO 2026-07-30 11:41:52,127 basehttp 21544 2672 "GET /api/code-review/languages/ HTTP/1.1" 200 1587
INFO 2026-07-30 11:42:02,999 basehttp 21544 2672 "POST /api/code-review/submissions/ HTTP/1.1" 201 13804
INFO 2026-07-30 11:42:03,225 basehttp 21544 2672 "POST /api/code-review/initiate-review/ HTTP/1.1" 200 1085
INFO 2026-07-30 11:42:06,398 basehttp 21544 2672 "GET /api/code-review/stats/ HTTP/1.1" 200 1396
INFO 2026-07-30 11:42:06,573 basehttp 21544 21244 "GET /api/code-review/submissions/ HTTP/1.1" 200 114665
INFO 2026-07-30 11:42:06,646 basehttp 21544 2672 "GET /api/code-review/stats/ HTTP/1.1" 200 1396
INFO 2026-07-30 11:42:06,914 basehttp 21544 2672 "GET /api/code-review/submissions/ HTTP/1.1" 200 114665
INFO 2026-07-30 11:42:10,007 basehttp 21544 4328 "OPTIONS /api/code-review/submissions/9b893ae4-103e-49a7-b380-268bc345c4ef/ HTTP/1.1" 200 0
INFO 2026-07-30 11:42:10,008 basehttp 21544 14400 "OPTIONS /api/code-review/submissions/9b893ae4-103e-49a7-b380-268bc345c4ef/ HTTP/1.1" 200 0
INFO 2026-07-30 11:42:10,102 basehttp 21544 2672 "GET /api/code-review/submissions/9b893ae4-103e-49a7-b380-268bc345c4ef/ HTTP/1.1" 200 14682
INFO 2026-07-30 11:42:10,175 basehttp 21544 2672 "GET /api/code-review/submissions/9b893ae4-103e-49a7-b380-268bc345c4ef/ HTTP/1.1" 200 14682
INFO 2026-07-30 11:45:43,943 autoreload 21544 17864 C:\ai-code-review-platform\backend\code_review\views.py changed, reloading.
INFO 2026-07-30 11:45:45,513 autoreload 16916 17300 Watching for file changes with StatReloader
INFO 2026-07-30 11:49:14,493 autoreload 16916 17300 C:\ai-code-review-platform\backend\code_review\views.py changed, reloading.
INFO 2026-07-30 11:49:16,022 autoreload 1476 18380 Watching for file changes with StatReloader
INFO 2026-07-30 11:49:39,926 autoreload 6436 11112 Watching for file changes with StatReloader
INFO 2026-07-30 11:50:28,563 basehttp 6436 7916 "GET /api/code-review/languages/ HTTP/1.1" 200 1587
INFO 2026-07-30 11:50:28,796 basehttp 6436 7916 "GET /api/code-review/languages/ HTTP/1.1" 200 1587
INFO 2026-07-30 11:50:41,534 basehttp 6436 7916 "POST /api/code-review/submissions/ HTTP/1.1" 201 16291
INFO 2026-07-30 11:50:41,867 basehttp 6436 7916 "POST /api/code-review/initiate-review/ HTTP/1.1" 200 2732
INFO 2026-07-30 11:50:45,031 basehttp 6436 7916 "GET /api/code-review/stats/ HTTP/1.1" 200 1412
INFO 2026-07-30 11:50:45,165 basehttp 6436 11240 "GET /api/code-review/submissions/ HTTP/1.1" 200 133479
INFO 2026-07-30 11:50:45,177 basehttp 6436 7916 "GET /api/code-review/stats/ HTTP/1.1" 200 1412
INFO 2026-07-30 11:50:45,466 basehttp 6436 7916 "GET /api/code-review/submissions/ HTTP/1.1" 200 133479
INFO 2026-07-30 11:50:49,030 basehttp 6436 696 "OPTIONS /api/code-review/submissions/c68990d4-ae44-4094-947b-250690ebfe01/ HTTP/1.1" 200 0
INFO 2026-07-30 11:50:49,031 basehttp 6436 15988 "OPTIONS /api/code-review/submissions/c68990d4-ae44-4094-947b-250690ebfe01/ HTTP/1.1" 200 0
INFO 2026-07-30 11:50:49,170 basehttp 6436 7916 "GET /api/code-review/submissions/c68990d4-ae44-4094-947b-250690ebfe01/ HTTP/1.1" 200 18813
INFO 2026-07-30 11:50:49,247 basehttp 6436 7916 "GET /api/code-review/submissions/c68990d4-ae44-4094-947b-250690ebfe01/ HTTP/1.1" 200 18813
INFO 2026-07-30 12:38:27,749 autoreload 6436 11112 C:\ai-code-review-platform\backend\code_review\views.py changed, reloading.
INFO 2026-07-30 12:38:29,413 autoreload 11428 20176 Watching for file changes with StatReloader
INFO 2026-07-30 12:38:39,606 basehttp 11428 17528 "OPTIONS /api/accounts/login/ HTTP/1.1" 200 0
INFO 2026-07-30 12:38:40,746 basehttp 11428 1432 "POST /api/accounts/login/ HTTP/1.1" 200 1212
INFO 2026-07-30 12:38:41,290 basehttp 11428 17528 "OPTIONS /api/code-review/stats/ HTTP/1.1" 200 0
INFO 2026-07-30 12:38:41,290 basehttp 11428 4944 "OPTIONS /api/code-review/stats/ HTTP/1.1" 200 0
INFO 2026-07-30 12:38:41,427 basehttp 11428 1432 "GET /api/code-review/stats/ HTTP/1.1" 200 1412
INFO 2026-07-30 12:38:41,432 basehttp 11428 17528 "OPTIONS /api/code-review/submissions/ HTTP/1.1" 200 0
INFO 2026-07-30 12:38:41,587 basehttp 11428 9556 "GET /api/code-review/submissions/ HTTP/1.1" 200 133479
INFO 2026-07-30 12:38:41,607 basehttp 11428 1432 "GET /api/code-review/stats/ HTTP/1.1" 200 1412
INFO 2026-07-30 12:38:41,971 basehttp 11428 1432 "GET /api/code-review/submissions/ HTTP/1.1" 200 133479
INFO 2026-07-30 12:38:56,774 basehttp 11428 1432 "GET /api/code-review/submissions/c68990d4-ae44-4094-947b-250690ebfe01/ HTTP/1.1" 200 18813
INFO 2026-07-30 12:38:56,849 basehttp 11428 1432 "GET /api/code-review/submissions/c68990d4-ae44-4094-947b-250690ebfe01/ HTTP/1.1" 200 18813
INFO 2026-07-30 12:40:54,997 basehttp 11428 1432 "GET /api/code-review/stats/ HTTP/1.1" 200 1412
INFO 2026-07-30 12:40:55,105 basehttp 11428 1432 "GET /api/code-review/stats/ HTTP/1.1" 200 1412
INFO 2026-07-30 12:40:55,216 basehttp 11428 9556 "GET /api/code-review/submissions/ HTTP/1.1" 200 133479
INFO 2026-07-30 12:40:55,322 basehttp 11428 1432 "GET /api/code-review/submissions/ HTTP/1.1" 200 133479
INFO 2026-07-30 12:40:57,408 basehttp 11428 4944 "OPTIONS /api/code-review/languages/ HTTP/1.1" 200 0
INFO 2026-07-30 12:40:57,408 basehttp 11428 17528 "OPTIONS /api/code-review/languages/ HTTP/1.1" 200 0
INFO 2026-07-30 12:40:57,507 basehttp 11428 1432 "GET /api/code-review/languages/ HTTP/1.1" 200 1587
INFO 2026-07-30 12:40:57,580 basehttp 11428 1432 "GET /api/code-review/languages/ HTTP/1.1" 200 1587
INFO 2026-07-30 12:41:15,077 basehttp 11428 1432 "POST /api/code-review/submissions/ HTTP/1.1" 201 16676
INFO 2026-07-30 12:41:15,086 basehttp 11428 17528 "OPTIONS /api/code-review/initiate-review/ HTTP/1.1" 200 0
INFO 2026-07-30 12:41:15,276 basehttp 11428 1432 "POST /api/code-review/initiate-review/ HTTP/1.1" 200 9974
INFO 2026-07-30 12:41:18,474 basehttp 11428 1432 "GET /api/code-review/stats/ HTTP/1.1" 200 1429
INFO 2026-07-30 12:41:18,618 basehttp 11428 9556 "GET /api/code-review/submissions/ HTTP/1.1" 200 159928
INFO 2026-07-30 12:41:18,642 basehttp 11428 1432 "GET /api/code-review/stats/ HTTP/1.1" 200 1429
INFO 2026-07-30 12:41:18,854 basehttp 11428 1432 "GET /api/code-review/submissions/ HTTP/1.1" 200 159928
INFO 2026-07-30 12:41:23,708 basehttp 11428 17528 "OPTIONS /api/code-review/submissions/ecf86448-27a0-4b34-b5d1-0f15c9d75af5/ HTTP/1.1" 200 0
INFO 2026-07-30 12:41:23,708 basehttp 11428 4944 "OPTIONS /api/code-review/submissions/ecf86448-27a0-4b34-b5d1-0f15c9d75af5/ HTTP/1.1" 200 0
INFO 2026-07-30 12:41:23,802 basehttp 11428 1432 "GET /api/code-review/submissions/ecf86448-27a0-4b34-b5d1-0f15c9d75af5/ HTTP/1.1" 200 26447
INFO 2026-07-30 12:41:23,899 basehttp 11428 9556 "GET /api/code-review/submissions/ecf86448-27a0-4b34-b5d1-0f15c9d75af5/ HTTP/1.1" 200 26447
INFO 2026-07-30 12:42:22,415 basehttp 11428 18008 "GET /api/code-review/languages/ HTTP/1.1" 200 1587
INFO 2026-07-30 12:42:22,482 basehttp 11428 18008 "GET /api/code-review/languages/ HTTP/1.1" 200 1587
INFO 2026-07-30 12:42:43,194 basehttp 11428 18008 "POST /api/code-review/submissions/ HTTP/1.1" 201 10959
INFO 2026-07-30 12:42:43,393 basehttp 11428 18008 "POST /api/code-review/initiate-review/ HTTP/1.1" 200 3320
INFO 2026-07-30 12:42:46,567 basehttp 11428 18008 "GET /api/code-review/stats/ HTTP/1.1" 200 1432
INFO 2026-07-30 12:42:46,687 basehttp 11428 18008 "GET /api/code-review/stats/ HTTP/1.1" 200 1432
INFO 2026-07-30 12:42:46,776 basehttp 11428 12268 "GET /api/code-review/submissions/ HTTP/1.1" 200 174004
INFO 2026-07-30 12:42:46,884 basehttp 11428 18008 "GET /api/code-review/submissions/ HTTP/1.1" 200 174004
INFO 2026-07-30 12:42:50,525 basehttp 11428 19000 "OPTIONS /api/code-review/submissions/03b68fbc-976f-472c-b25d-d3b6078fb03e/ HTTP/1.1" 200 0
INFO 2026-07-30 12:42:50,526 basehttp 11428 10028 "OPTIONS /api/code-review/submissions/03b68fbc-976f-472c-b25d-d3b6078fb03e/ HTTP/1.1" 200 0
INFO 2026-07-30 12:42:50,604 basehttp 11428 18008 "GET /api/code-review/submissions/03b68fbc-976f-472c-b25d-d3b6078fb03e/ HTTP/1.1" 200 14075
INFO 2026-07-30 12:42:50,678 basehttp 11428 12268 "GET /api/code-review/submissions/03b68fbc-976f-472c-b25d-d3b6078fb03e/ HTTP/1.1" 200 14075
INFO 2026-07-30 12:46:00,982 basehttp 11428 12268 "GET /api/code-review/languages/ HTTP/1.1" 200 1587
INFO 2026-07-30 12:46:01,206 basehttp 11428 12268 "GET /api/code-review/languages/ HTTP/1.1" 200 1587
INFO 2026-07-30 12:47:09,384 autoreload 11428 20176 C:\ai-code-review-platform\backend\code_review\views.py changed, reloading.
INFO 2026-07-30 12:47:10,875 autoreload 12928 23380 Watching for file changes with StatReloader
INFO 2026-07-30 12:47:18,416 basehttp 12928 19960 "GET /api/code-review/submissions/03b68fbc-976f-472c-b25d-d3b6078fb03e/ HTTP/1.1" 200 14075
INFO 2026-07-30 12:47:18,496 basehttp 12928 19960 "GET /api/code-review/submissions/03b68fbc-976f-472c-b25d-d3b6078fb03e/ HTTP/1.1" 200 14075
INFO 2026-07-30 12:47:33,511 basehttp 12928 19960 "GET /api/code-review/languages/ HTTP/1.1" 200 1587
INFO 2026-07-30 12:47:33,580 basehttp 12928 19960 "GET /api/code-review/languages/ HTTP/1.1" 200 1587
INFO 2026-07-30 12:47:45,745 basehttp 12928 19960 "POST /api/code-review/submissions/ HTTP/1.1" 201 11351
INFO 2026-07-30 12:47:45,903 basehttp 12928 19960 "POST /api/code-review/initiate-review/ HTTP/1.1" 200 6437
INFO 2026-07-30 12:47:49,179 basehttp 12928 19960 "GET /api/code-review/stats/ HTTP/1.1" 200 1424
INFO 2026-07-30 12:47:49,313 basehttp 12928 22580 "GET /api/code-review/submissions/ HTTP/1.1" 200 191592
INFO 2026-07-30 12:47:49,323 basehttp 12928 19960 "GET /api/code-review/stats/ HTTP/1.1" 200 1424
INFO 2026-07-30 12:47:49,637 basehttp 12928 19960 "GET /api/code-review/submissions/ HTTP/1.1" 200 191592
INFO 2026-07-30 12:47:53,689 basehttp 12928 23276 "OPTIONS /api/code-review/submissions/73c0fded-8ec4-4dd9-ae0c-91375a1f8e0b/ HTTP/1.1" 200 0
INFO 2026-07-30 12:47:53,690 basehttp 12928 22800 "OPTIONS /api/code-review/submissions/73c0fded-8ec4-4dd9-ae0c-91375a1f8e0b/ HTTP/1.1" 200 0
INFO 2026-07-30 12:47:53,781 basehttp 12928 19960 "GET /api/code-review/submissions/73c0fded-8ec4-4dd9-ae0c-91375a1f8e0b/ HTTP/1.1" 200 17587
INFO 2026-07-30 12:47:54,014 basehttp 12928 22580 "GET /api/code-review/submissions/73c0fded-8ec4-4dd9-ae0c-91375a1f8e0b/ HTTP/1.1" 200 17587
INFO 2026-07-30 12:48:54,328 basehttp 12928 22580 "GET /api/code-review/languages/ HTTP/1.1" 200 1587
INFO 2026-07-30 12:48:54,508 basehttp 12928 22580 "GET /api/code-review/languages/ HTTP/1.1" 200 1587
INFO 2026-07-30 12:49:07,793 basehttp 12928 22580 "POST /api/code-review/submissions/ HTTP/1.1" 201 5835
INFO 2026-07-30 12:49:08,028 basehttp 12928 22580 "POST /api/code-review/initiate-review/ HTTP/1.1" 200 1659
INFO 2026-07-30 12:49:11,457 basehttp 12928 22580 "GET /api/code-review/stats/ HTTP/1.1" 200 1429
INFO 2026-07-30 12:49:11,777 basehttp 12928 19960 "GET /api/code-review/submissions/ HTTP/1.1" 200 198877
INFO 2026-07-30 12:49:11,793 basehttp 12928 22580 "GET /api/code-review/stats/ HTTP/1.1" 200 1429
INFO 2026-07-30 12:49:12,458 basehttp 12928 22580 "GET /api/code-review/submissions/ HTTP/1.1" 200 198877
INFO 2026-07-30 12:49:15,618 basehttp 12928 22800 "OPTIONS /api/code-review/submissions/a290607a-a03f-416d-9766-d75a70c54c11/ HTTP/1.1" 200 0
INFO 2026-07-30 12:49:15,619 basehttp 12928 23276 "OPTIONS /api/code-review/submissions/a290607a-a03f-416d-9766-d75a70c54c11/ HTTP/1.1" 200 0
INFO 2026-07-30 12:49:16,019 basehttp 12928 22580 "GET /api/code-review/submissions/a290607a-a03f-416d-9766-d75a70c54c11/ HTTP/1.1" 200 7284
INFO 2026-07-30 12:49:16,230 basehttp 12928 22580 "GET /api/code-review/submissions/a290607a-a03f-416d-9766-d75a70c54c11/ HTTP/1.1" 200 7284
INFO 2026-07-30 12:53:45,804 autoreload 12928 23380 C:\ai-code-review-platform\backend\code_review\views.py changed, reloading.
INFO 2026-07-30 12:53:49,453 autoreload 4188 23532 Watching for file changes with StatReloader
WARNING 2026-07-30 12:54:10,851 basehttp 4188 2640 "GET /api/code-review/stats/ HTTP/1.1" 401 183
WARNING 2026-07-30 12:54:10,865 basehttp 4188 2640 "GET /api/code-review/stats/ HTTP/1.1" 401 183
INFO 2026-07-30 12:54:11,177 basehttp 4188 17164 "OPTIONS /api/token/refresh/ HTTP/1.1" 200 0
INFO 2026-07-30 12:54:11,197 basehttp 4188 17164 "OPTIONS /api/token/refresh/ HTTP/1.1" 200 0
INFO 2026-07-30 12:54:11,234 basehttp 4188 7884 "POST /api/token/refresh/ HTTP/1.1" 200 582
INFO 2026-07-30 12:54:11,235 basehttp 4188 17164 "POST /api/token/refresh/ HTTP/1.1" 200 582
INFO 2026-07-30 12:54:11,787 basehttp 4188 2640 "GET /api/code-review/stats/ HTTP/1.1" 200 1429
INFO 2026-07-30 12:54:12,195 basehttp 4188 2640 "GET /api/code-review/stats/ HTTP/1.1" 200 1429
INFO 2026-07-30 12:54:12,255 basehttp 4188 11016 "GET /api/code-review/submissions/ HTTP/1.1" 200 198877
INFO 2026-07-30 12:54:12,617 basehttp 4188 2640 "GET /api/code-review/submissions/ HTTP/1.1" 200 198877
INFO 2026-07-30 12:54:16,387 basehttp 4188 2640 "GET /api/code-review/languages/ HTTP/1.1" 200 1587
INFO 2026-07-30 12:54:16,697 basehttp 4188 2640 "GET /api/code-review/languages/ HTTP/1.1" 200 1587
INFO 2026-07-30 12:54:28,709 basehttp 4188 2640 "POST /api/code-review/submissions/ HTTP/1.1" 201 6081
INFO 2026-07-30 12:54:29,170 basehttp 4188 2640 "POST /api/code-review/initiate-review/ HTTP/1.1" 200 5313
INFO 2026-07-30 12:54:31,336 basehttp 4188 2640 "POST /api/code-review/submissions/ HTTP/1.1" 201 6081
INFO 2026-07-30 12:54:31,594 basehttp 4188 2640 "POST /api/code-review/initiate-review/ HTTP/1.1" 200 5313
INFO 2026-07-30 12:54:32,521 basehttp 4188 2640 "GET /api/code-review/stats/ HTTP/1.1" 200 1431
INFO 2026-07-30 12:54:32,882 basehttp 4188 11016 "GET /api/code-review/submissions/ HTTP/1.1" 200 221259
INFO 2026-07-30 12:54:32,903 basehttp 4188 2640 "GET /api/code-review/stats/ HTTP/1.1" 200 1431
INFO 2026-07-30 12:54:33,387 basehttp 4188 2640 "GET /api/code-review/submissions/ HTTP/1.1" 200 221259
INFO 2026-07-30 12:54:39,590 basehttp 4188 7884 "OPTIONS /api/code-review/submissions/b2d00b1e-7f60-44e4-824d-c4c4e02cf3b8/ HTTP/1.1" 200 0
INFO 2026-07-30 12:54:39,591 basehttp 4188 17164 "OPTIONS /api/code-review/submissions/b2d00b1e-7f60-44e4-824d-c4c4e02cf3b8/ HTTP/1.1" 200 0
INFO 2026-07-30 12:54:39,800 basehttp 4188 2640 "GET /api/code-review/submissions/b2d00b1e-7f60-44e4-824d-c4c4e02cf3b8/ HTTP/1.1" 200 11190
INFO 2026-07-30 12:54:39,962 basehttp 4188 2640 "GET /api/code-review/submissions/b2d00b1e-7f60-44e4-824d-c4c4e02cf3b8/ HTTP/1.1" 200 11190
INFO 2026-07-30 12:59:10,610 basehttp 4188 21576 "GET /api/code-review/languages/ HTTP/1.1" 200 1587
INFO 2026-07-30 12:59:10,785 basehttp 4188 21576 "GET /api/code-review/languages/ HTTP/1.1" 200 1587
INFO 2026-07-30 13:00:06,413 basehttp 4188 21576 "POST /api/code-review/submissions/ HTTP/1.1" 201 445
INFO 2026-07-30 13:00:06,723 basehttp 4188 21576 "POST /api/code-review/initiate-review/ HTTP/1.1" 200 480
INFO 2026-07-30 13:00:10,134 basehttp 4188 21576 "GET /api/code-review/stats/ HTTP/1.1" 200 1433
INFO 2026-07-30 13:00:10,520 basehttp 4188 21576 "GET /api/code-review/stats/ HTTP/1.1" 200 1433
INFO 2026-07-30 13:00:10,554 basehttp 4188 21632 "GET /api/code-review/submissions/ HTTP/1.1" 200 221978
INFO 2026-07-30 13:00:11,035 basehttp 4188 21576 "GET /api/code-review/submissions/ HTTP/1.1" 200 221978
INFO 2026-07-30 13:00:14,894 basehttp 4188 19568 "OPTIONS /api/code-review/submissions/cb38c41a-91e7-4bac-af8e-3e6396701343/ HTTP/1.1" 200 0
INFO 2026-07-30 13:00:14,905 basehttp 4188 12092 "OPTIONS /api/code-review/submissions/cb38c41a-91e7-4bac-af8e-3e6396701343/ HTTP/1.1" 200 0
INFO 2026-07-30 13:00:15,177 basehttp 4188 21576 "GET /api/code-review/submissions/cb38c41a-91e7-4bac-af8e-3e6396701343/ HTTP/1.1" 200 718
INFO 2026-07-30 13:00:15,579 basehttp 4188 21576 "GET /api/code-review/submissions/cb38c41a-91e7-4bac-af8e-3e6396701343/ HTTP/1.1" 200 718
INFO 2026-07-30 13:00:30,094 basehttp 4188 21576 "GET /api/code-review/stats/ HTTP/1.1" 200 1433
INFO 2026-07-30 13:00:30,725 basehttp 4188 21632 "GET /api/code-review/submissions/ HTTP/1.1" 200 221978
INFO 2026-07-30 13:00:30,735 basehttp 4188 21576 "GET /api/code-review/stats/ HTTP/1.1" 200 1433
INFO 2026-07-30 13:00:31,356 basehttp 4188 21576 "GET /api/code-review/submissions/ HTTP/1.1" 200 221978
INFO 2026-07-30 13:00:34,629 basehttp 4188 21576 "GET /api/code-review/languages/ HTTP/1.1" 200 1587
INFO 2026-07-30 13:00:34,831 basehttp 4188 21576 "GET /api/code-review/languages/ HTTP/1.1" 200 1587
INFO 2026-07-30 13:00:55,579 basehttp 4188 21576 "POST /api/code-review/submissions/ HTTP/1.1" 201 9390
INFO 2026-07-30 13:00:55,949 basehttp 4188 21576 "POST /api/code-review/initiate-review/ HTTP/1.1" 200 8547
INFO 2026-07-30 13:00:59,430 basehttp 4188 21576 "GET /api/code-review/stats/ HTTP/1.1" 200 1437
INFO 2026-07-30 13:00:59,920 basehttp 4188 21576 "GET /api/code-review/stats/ HTTP/1.1" 200 1437
INFO 2026-07-30 13:00:59,920 basehttp 4188 21632 "GET /api/code-review/submissions/ HTTP/1.1" 200 239713
INFO 2026-07-30 13:01:00,343 basehttp 4188 21632 "GET /api/code-review/submissions/ HTTP/1.1" 200 239713
INFO 2026-07-30 13:01:04,295 basehttp 4188 12092 "OPTIONS /api/code-review/submissions/bf6b287e-96b9-489f-8eba-4b3f3ae31141/ HTTP/1.1" 200 0
INFO 2026-07-30 13:01:04,296 basehttp 4188 19568 "OPTIONS /api/code-review/submissions/bf6b287e-96b9-489f-8eba-4b3f3ae31141/ HTTP/1.1" 200 0
INFO 2026-07-30 13:01:04,510 basehttp 4188 21632 "GET /api/code-review/submissions/bf6b287e-96b9-489f-8eba-4b3f3ae31141/ HTTP/1.1" 200 17734
INFO 2026-07-30 13:01:04,663 basehttp 4188 21576 "GET /api/code-review/submissions/bf6b287e-96b9-489f-8eba-4b3f3ae31141/ HTTP/1.1" 200 17734
INFO 2026-07-30 13:04:28,847 autoreload 4188 23532 C:\ai-code-review-platform\backend\code_review\views.py changed, reloading.
INFO 2026-07-30 13:04:33,807 autoreload 23464 1316 Watching for file changes with StatReloader
INFO 2026-07-30 13:05:16,547 basehttp 23464 22580 "GET /api/code-review/stats/ HTTP/1.1" 200 1437
INFO 2026-07-30 13:05:16,916 basehttp 23464 22580 "GET /api/code-review/stats/ HTTP/1.1" 200 1437
INFO 2026-07-30 13:05:17,029 basehttp 23464 21112 "GET /api/code-review/submissions/ HTTP/1.1" 200 239713
INFO 2026-07-30 13:05:17,422 basehttp 23464 22580 "GET /api/code-review/submissions/ HTTP/1.1" 200 239713
INFO 2026-07-30 13:05:26,347 basehttp 23464 22580 "GET /api/code-review/languages/ HTTP/1.1" 200 1587
INFO 2026-07-30 13:05:26,575 basehttp 23464 22580 "GET /api/code-review/languages/ HTTP/1.1" 200 1587
INFO 2026-07-30 13:05:43,884 basehttp 23464 22580 "POST /api/code-review/submissions/ HTTP/1.1" 201 10268
ERROR 2026-07-30 13:05:44,122 log 23464 22580 Internal Server Error: /api/code-review/initiate-review/
ERROR 2026-07-30 13:05:44,124 basehttp 23464 22580 "POST /api/code-review/initiate-review/ HTTP/1.1" 500 112
INFO 2026-07-30 13:05:47,430 basehttp 23464 22580 "GET /api/code-review/stats/ HTTP/1.1" 200 1424
INFO 2026-07-30 13:05:47,662 basehttp 23464 22580 "GET /api/code-review/stats/ HTTP/1.1" 200 1424
INFO 2026-07-30 13:05:47,807 basehttp 23464 21112 "GET /api/code-review/submissions/ HTTP/1.1" 200 249981
INFO 2026-07-30 13:05:48,148 basehttp 23464 22580 "GET /api/code-review/submissions/ HTTP/1.1" 200 249981
INFO 2026-07-30 13:05:56,628 basehttp 23464 19204 "OPTIONS /api/code-review/submissions/9283f36e-2f75-4b76-a617-26bc6265840f/ HTTP/1.1" 200 0
INFO 2026-07-30 13:05:56,629 basehttp 23464 6124 "OPTIONS /api/code-review/submissions/9283f36e-2f75-4b76-a617-26bc6265840f/ HTTP/1.1" 200 0
INFO 2026-07-30 13:05:56,976 basehttp 23464 22580 "GET /api/code-review/submissions/9283f36e-2f75-4b76-a617-26bc6265840f/ HTTP/1.1" 200 10267
INFO 2026-07-30 13:05:57,192 basehttp 23464 21112 "GET /api/code-review/submissions/9283f36e-2f75-4b76-a617-26bc6265840f/ HTTP/1.1" 200 10267
INFO 2026-07-30 13:09:21,191 autoreload 23464 1316 C:\ai-code-review-platform\backend\code_review\views.py changed, reloading.
INFO 2026-07-30 13:09:24,643 autoreload 21860 10608 Watching for file changes with StatReloader
INFO 2026-07-30 13:09:31,854 autoreload 21860 10608 C:\ai-code-review-platform\backend\code_review\views.py changed, reloading.
INFO 2026-07-30 13:09:34,829 autoreload 18524 12384 Watching for file changes with StatReloader
WARNING 2026-07-30 13:10:00,566 basehttp 18524 15476 "GET /api/code-review/languages/ HTTP/1.1" 401 183
WARNING 2026-07-30 13:10:00,574 basehttp 18524 15476 "GET /api/code-review/languages/ HTTP/1.1" 401 183
INFO 2026-07-30 13:10:00,918 basehttp 18524 23284 "POST /api/token/refresh/ HTTP/1.1" 200 582
INFO 2026-07-30 13:10:00,919 basehttp 18524 21920 "POST /api/token/refresh/ HTTP/1.1" 200 582
INFO 2026-07-30 13:10:01,186 basehttp 18524 15476 "GET /api/code-review/languages/ HTTP/1.1" 200 1587
INFO 2026-07-30 13:10:01,361 basehttp 18524 15476 "GET /api/code-review/languages/ HTTP/1.1" 200 1587
INFO 2026-07-30 13:10:14,964 basehttp 18524 15476 "POST /api/code-review/submissions/ HTTP/1.1" 201 10268
ERROR 2026-07-30 13:10:15,247 log 18524 15476 Internal Server Error: /api/code-review/initiate-review/
ERROR 2026-07-30 13:10:15,250 basehttp 18524 15476 "POST /api/code-review/initiate-review/ HTTP/1.1" 500 112
INFO 2026-07-30 13:10:18,765 basehttp 18524 15476 "GET /api/code-review/stats/ HTTP/1.1" 200 1417
INFO 2026-07-30 13:10:19,188 basehttp 18524 15476 "GET /api/code-review/stats/ HTTP/1.1" 200 1417
INFO 2026-07-30 13:10:19,190 basehttp 18524 21560 "GET /api/code-review/submissions/ HTTP/1.1" 200 260249
INFO 2026-07-30 13:10:19,606 basehttp 18524 21560 "GET /api/code-review/submissions/ HTTP/1.1" 200 260249
INFO 2026-07-30 13:12:57,346 autoreload 18524 12384 C:\ai-code-review-platform\backend\code_review\views.py changed, reloading.
INFO 2026-07-30 13:13:00,186 autoreload 9780 7608 Watching for file changes with StatReloader
INFO 2026-07-30 13:13:10,732 autoreload 9780 7608 C:\ai-code-review-platform\backend\code_review\views.py changed, reloading.
INFO 2026-07-30 13:13:13,933 autoreload 15516 14328 Watching for file changes with StatReloader
INFO 2026-07-30 13:15:28,930 autoreload 15516 14328 C:\ai-code-review-platform\backend\code_review\views.py changed, reloading.
INFO 2026-07-30 13:15:32,932 autoreload 21696 23460 Watching for file changes with StatReloader
INFO 2026-07-30 13:35:37,860 autoreload 21696 23460 C:\ai-code-review-platform\backend\code_review\views.py changed, reloading.
INFO 2026-07-30 13:35:40,055 autoreload 12236 20956 Watching for file changes with StatReloader
INFO 2026-07-30 13:36:12,892 autoreload 12236 20956 C:\ai-code-review-platform\backend\code_review\views.py changed, reloading.
INFO 2026-07-30 13:36:15,531 autoreload 4820 8100 Watching for file changes with StatReloader
INFO 2026-07-30 13:37:38,211 basehttp 4820 4760 "POST /api/accounts/login/ HTTP/1.1" 200 1212
INFO 2026-07-30 13:37:39,203 basehttp 4820 4760 "GET /api/code-review/stats/ HTTP/1.1" 200 1417
INFO 2026-07-30 13:37:39,609 basehttp 4820 4760 "GET /api/code-review/stats/ HTTP/1.1" 200 1417
INFO 2026-07-30 13:37:39,711 basehttp 4820 2700 "GET /api/code-review/submissions/ HTTP/1.1" 200 260249
INFO 2026-07-30 13:37:40,078 basehttp 4820 4760 "GET /api/code-review/submissions/ HTTP/1.1" 200 260249
INFO 2026-07-30 13:37:45,749 basehttp 4820 4760 "GET /api/code-review/languages/ HTTP/1.1" 200 1587
INFO 2026-07-30 13:37:45,985 basehttp 4820 4760 "GET /api/code-review/languages/ HTTP/1.1" 200 1587
INFO 2026-07-30 13:38:06,836 basehttp 4820 4760 "POST /api/code-review/submissions/ HTTP/1.1" 201 9356
INFO 2026-07-30 13:38:07,175 basehttp 4820 4760 "POST /api/code-review/initiate-review/ HTTP/1.1" 200 9888
INFO 2026-07-30 13:38:10,648 basehttp 4820 4760 "GET /api/code-review/stats/ HTTP/1.1" 200 1419
INFO 2026-07-30 13:38:11,083 basehttp 4820 4760 "GET /api/code-review/stats/ HTTP/1.1" 200 1419
INFO 2026-07-30 13:38:11,168 basehttp 4820 2700 "GET /api/code-review/submissions/ HTTP/1.1" 200 279292
INFO 2026-07-30 13:38:11,488 basehttp 4820 4760 "GET /api/code-review/submissions/ HTTP/1.1" 200 279292
INFO 2026-07-30 13:38:18,862 basehttp 4820 17416 "OPTIONS /api/code-review/submissions/e27161e7-d3fe-4932-b745-00b693834c04/ HTTP/1.1" 200 0
INFO 2026-07-30 13:38:18,873 basehttp 4820 16044 "OPTIONS /api/code-review/submissions/e27161e7-d3fe-4932-b745-00b693834c04/ HTTP/1.1" 200 0
INFO 2026-07-30 13:38:19,178 basehttp 4820 4760 "GET /api/code-review/submissions/e27161e7-d3fe-4932-b745-00b693834c04/ HTTP/1.1" 200 19042
INFO 2026-07-30 13:38:19,398 basehttp 4820 4760 "GET /api/code-review/submissions/e27161e7-d3fe-4932-b745-00b693834c04/ HTTP/1.1" 200 19042
INFO 2026-07-30 17:23:42,017 basehttp 4820 20792 "OPTIONS /api/accounts/login/ HTTP/1.1" 200 0
WARNING 2026-07-30 17:23:44,337 basehttp 4820 5468 "POST /api/accounts/login/ HTTP/1.1" 400 100
INFO 2026-07-30 17:24:05,878 basehttp 4820 5468 "POST /api/accounts/login/ HTTP/1.1" 200 1212
INFO 2026-07-30 17:24:06,561 basehttp 4820 20792 "OPTIONS /api/code-review/stats/ HTTP/1.1" 200 0
INFO 2026-07-30 17:24:06,561 basehttp 4820 16980 "OPTIONS /api/code-review/stats/ HTTP/1.1" 200 0
INFO 2026-07-30 17:24:06,869 basehttp 4820 5468 "GET /api/code-review/stats/ HTTP/1.1" 200 1419
INFO 2026-07-30 17:24:06,881 basehttp 4820 16980 "OPTIONS /api/code-review/submissions/ HTTP/1.1" 200 0
INFO 2026-07-30 17:24:07,290 basehttp 4820 6948 "GET /api/code-review/submissions/ HTTP/1.1" 200 279292
INFO 2026-07-30 17:24:07,367 basehttp 4820 5468 "GET /api/code-review/stats/ HTTP/1.1" 200 1419
INFO 2026-07-30 17:24:07,993 basehttp 4820 5468 "GET /api/code-review/submissions/ HTTP/1.1" 200 279292
INFO 2026-07-30 17:24:13,710 basehttp 4820 16980 "OPTIONS /api/code-review/submissions/0a165643-7acc-48fe-9123-d3e4e76dd776/ HTTP/1.1" 200 0
INFO 2026-07-30 17:24:14,079 basehttp 4820 6948 "GET /api/code-review/submissions/0a165643-7acc-48fe-9123-d3e4e76dd776/ HTTP/1.1" 200 10267
INFO 2026-07-30 17:24:14,788 basehttp 4820 5468 "DELETE /api/code-review/submissions/0a165643-7acc-48fe-9123-d3e4e76dd776/ HTTP/1.1" 204 0
WARNING 2026-07-30 17:24:15,044 basehttp 4820 6948 "GET /api/code-review/submissions/0a165643-7acc-48fe-9123-d3e4e76dd776/ HTTP/1.1" 404 55
INFO 2026-07-30 17:24:15,086 basehttp 4820 5468 "GET /api/code-review/stats/ HTTP/1.1" 200 1426
INFO 2026-07-30 17:24:15,425 basehttp 4820 5468 "GET /api/code-review/stats/ HTTP/1.1" 200 1426
INFO 2026-07-30 17:24:16,004 basehttp 4820 5468 "GET /api/code-review/submissions/ HTTP/1.1" 200 269024
INFO 2026-07-30 17:24:16,477 basehttp 4820 5468 "GET /api/code-review/stats/ HTTP/1.1" 200 1426
INFO 2026-07-30 17:24:17,022 basehttp 4820 5468 "GET /api/code-review/stats/ HTTP/1.1" 200 1426
INFO 2026-07-30 17:24:17,071 basehttp 4820 6948 "GET /api/code-review/submissions/ HTTP/1.1" 200 269024
INFO 2026-07-30 17:24:17,615 basehttp 4820 5468 "GET /api/code-review/submissions/ HTTP/1.1" 200 269024
INFO 2026-07-30 17:24:21,573 basehttp 4820 16980 "OPTIONS /api/code-review/submissions/9283f36e-2f75-4b76-a617-26bc6265840f/ HTTP/1.1" 200 0
INFO 2026-07-30 17:24:21,841 basehttp 4820 5468 "DELETE /api/code-review/submissions/9283f36e-2f75-4b76-a617-26bc6265840f/ HTTP/1.1" 204 0
WARNING 2026-07-30 17:24:21,982 basehttp 4820 5468 "GET /api/code-review/submissions/9283f36e-2f75-4b76-a617-26bc6265840f/ HTTP/1.1" 404 55
INFO 2026-07-30 17:24:22,120 basehttp 4820 6948 "GET /api/code-review/stats/ HTTP/1.1" 200 1433
WARNING 2026-07-30 17:24:22,143 basehttp 4820 5468 "GET /api/code-review/submissions/9283f36e-2f75-4b76-a617-26bc6265840f/ HTTP/1.1" 404 55
INFO 2026-07-30 17:24:22,444 basehttp 4820 6948 "GET /api/code-review/stats/ HTTP/1.1" 200 1433
INFO 2026-07-30 17:24:22,762 basehttp 4820 6948 "GET /api/code-review/submissions/ HTTP/1.1" 200 258756
INFO 2026-07-30 17:24:24,222 basehttp 4820 6948 "GET /api/code-review/stats/ HTTP/1.1" 200 1433
INFO 2026-07-30 17:24:24,840 basehttp 4820 6948 "GET /api/code-review/stats/ HTTP/1.1" 200 1433
INFO 2026-07-30 17:24:24,894 basehttp 4820 5468 "GET /api/code-review/submissions/ HTTP/1.1" 200 258756
INFO 2026-07-30 17:24:25,219 basehttp 4820 6948 "GET /api/code-review/submissions/ HTTP/1.1" 200 258756
INFO 2026-07-30 17:24:43,855 basehttp 4820 16980 "OPTIONS /api/code-review/submissions/bf6b287e-96b9-489f-8eba-4b3f3ae31141/ HTTP/1.1" 200 0
INFO 2026-07-30 17:24:43,857 basehttp 4820 20792 "OPTIONS /api/code-review/submissions/bf6b287e-96b9-489f-8eba-4b3f3ae31141/ HTTP/1.1" 200 0
INFO 2026-07-30 17:24:44,175 basehttp 4820 6948 "GET /api/code-review/submissions/bf6b287e-96b9-489f-8eba-4b3f3ae31141/ HTTP/1.1" 200 17734
INFO 2026-07-30 17:24:44,580 basehttp 4820 6948 "GET /api/code-review/submissions/bf6b287e-96b9-489f-8eba-4b3f3ae31141/ HTTP/1.1" 200 17734
INFO 2026-07-30 17:24:48,623 basehttp 4820 6948 "GET /api/code-review/stats/ HTTP/1.1" 200 1433
INFO 2026-07-30 17:24:49,113 basehttp 4820 6948 "GET /api/code-review/stats/ HTTP/1.1" 200 1433
INFO 2026-07-30 17:24:49,113 basehttp 4820 5468 "GET /api/code-review/submissions/ HTTP/1.1" 200 258756
INFO 2026-07-30 17:24:49,514 basehttp 4820 5468 "GET /api/code-review/submissions/ HTTP/1.1" 200 258756
INFO 2026-07-30 17:24:53,775 basehttp 4820 5468 "DELETE /api/code-review/submissions/bf6b287e-96b9-489f-8eba-4b3f3ae31141/ HTTP/1.1" 204 0
WARNING 2026-07-30 17:24:53,994 basehttp 4820 5468 "GET /api/code-review/submissions/bf6b287e-96b9-489f-8eba-4b3f3ae31141/ HTTP/1.1" 404 55
INFO 2026-07-30 17:24:54,099 basehttp 4820 6948 "GET /api/code-review/stats/ HTTP/1.1" 200 1438
WARNING 2026-07-30 17:24:54,154 basehttp 4820 5468 "GET /api/code-review/submissions/bf6b287e-96b9-489f-8eba-4b3f3ae31141/ HTTP/1.1" 404 55
INFO 2026-07-30 17:24:54,472 basehttp 4820 6948 "GET /api/code-review/stats/ HTTP/1.1" 200 1438
INFO 2026-07-30 17:24:55,037 basehttp 4820 6948 "GET /api/code-review/submissions/ HTTP/1.1" 200 241021
INFO 2026-07-30 17:24:55,877 basehttp 4820 6948 "GET /api/code-review/stats/ HTTP/1.1" 200 1438
INFO 2026-07-30 17:24:56,520 basehttp 4820 6948 "GET /api/code-review/stats/ HTTP/1.1" 200 1438
INFO 2026-07-30 17:24:56,526 basehttp 4820 5468 "GET /api/code-review/submissions/ HTTP/1.1" 200 241021
INFO 2026-07-30 17:24:56,824 basehttp 4820 6948 "GET /api/code-review/submissions/ HTTP/1.1" 200 241021
INFO 2026-07-30 17:25:03,916 basehttp 4820 20792 "OPTIONS /api/code-review/submissions/03b68fbc-976f-472c-b25d-d3b6078fb03e/ HTTP/1.1" 200 0
INFO 2026-07-30 17:25:04,233 basehttp 4820 6948 "DELETE /api/code-review/submissions/03b68fbc-976f-472c-b25d-d3b6078fb03e/ HTTP/1.1" 204 0
WARNING 2026-07-30 17:25:04,621 basehttp 4820 6948 "GET /api/code-review/submissions/03b68fbc-976f-472c-b25d-d3b6078fb03e/ HTTP/1.1" 404 55
INFO 2026-07-30 17:25:04,758 basehttp 4820 5468 "GET /api/code-review/stats/ HTTP/1.1" 200 1438
WARNING 2026-07-30 17:25:04,900 basehttp 4820 6948 "GET /api/code-review/submissions/03b68fbc-976f-472c-b25d-d3b6078fb03e/ HTTP/1.1" 404 55
INFO 2026-07-30 17:25:05,053 basehttp 4820 5468 "GET /api/code-review/stats/ HTTP/1.1" 200 1438
INFO 2026-07-30 17:25:05,601 basehttp 4820 5468 "GET /api/code-review/submissions/ HTTP/1.1" 200 226945
INFO 2026-07-30 17:25:06,290 basehttp 4820 5468 "GET /api/code-review/stats/ HTTP/1.1" 200 1438
INFO 2026-07-30 17:25:06,912 basehttp 4820 5468 "GET /api/code-review/stats/ HTTP/1.1" 200 1438
INFO 2026-07-30 17:25:06,956 basehttp 4820 6948 "GET /api/code-review/submissions/ HTTP/1.1" 200 226945
INFO 2026-07-30 17:25:07,453 basehttp 4820 5468 "GET /api/code-review/submissions/ HTTP/1.1" 200 226945
INFO 2026-07-30 17:25:14,225 basehttp 4820 20792 "OPTIONS /api/code-review/submissions/9b893ae4-103e-49a7-b380-268bc345c4ef/ HTTP/1.1" 200 0
INFO 2026-07-30 17:25:14,527 basehttp 4820 6948 "GET /api/code-review/submissions/9b893ae4-103e-49a7-b380-268bc345c4ef/ HTTP/1.1" 200 14682
INFO 2026-07-30 17:25:14,528 basehttp 4820 5468 "DELETE /api/code-review/submissions/9b893ae4-103e-49a7-b380-268bc345c4ef/ HTTP/1.1" 204 0
WARNING 2026-07-30 17:25:14,702 basehttp 4820 6948 "GET /api/code-review/submissions/9b893ae4-103e-49a7-b380-268bc345c4ef/ HTTP/1.1" 404 55
INFO 2026-07-30 17:25:14,801 basehttp 4820 5468 "GET /api/code-review/stats/ HTTP/1.1" 200 1438
INFO 2026-07-30 17:25:15,337 basehttp 4820 5468 "GET /api/code-review/stats/ HTTP/1.1" 200 1438
INFO 2026-07-30 17:25:15,822 basehttp 4820 5468 "GET /api/code-review/submissions/ HTTP/1.1" 200 212262
INFO 2026-07-30 17:25:16,613 basehttp 4820 5468 "GET /api/code-review/stats/ HTTP/1.1" 200 1438
INFO 2026-07-30 17:25:16,950 basehttp 4820 6948 "GET /api/code-review/submissions/ HTTP/1.1" 200 212262
INFO 2026-07-30 17:25:16,971 basehttp 4820 5468 "GET /api/code-review/stats/ HTTP/1.1" 200 1438
INFO 2026-07-30 17:25:17,591 basehttp 4820 5468 "GET /api/code-review/submissions/ HTTP/1.1" 200 212262
INFO 2026-07-30 17:25:24,186 basehttp 4820 20792 "OPTIONS /api/code-review/submissions/c68990d4-ae44-4094-947b-250690ebfe01/ HTTP/1.1" 200 0
INFO 2026-07-30 17:25:24,565 basehttp 4820 5468 "DELETE /api/code-review/submissions/c68990d4-ae44-4094-947b-250690ebfe01/ HTTP/1.1" 204 0
WARNING 2026-07-30 17:25:24,821 basehttp 4820 5468 "GET /api/code-review/submissions/c68990d4-ae44-4094-947b-250690ebfe01/ HTTP/1.1" 404 55
INFO 2026-07-30 17:25:25,049 basehttp 4820 6948 "GET /api/code-review/stats/ HTTP/1.1" 200 1423
WARNING 2026-07-30 17:25:25,205 basehttp 4820 5468 "GET /api/code-review/submissions/c68990d4-ae44-4094-947b-250690ebfe01/ HTTP/1.1" 404 55
INFO 2026-07-30 17:25:25,372 basehttp 4820 6948 "GET /api/code-review/stats/ HTTP/1.1" 200 1423
INFO 2026-07-30 17:25:25,839 basehttp 4820 6948 "GET /api/code-review/submissions/ HTTP/1.1" 200 193448
INFO 2026-07-30 17:25:26,572 basehttp 4820 6948 "GET /api/code-review/stats/ HTTP/1.1" 200 1423
INFO 2026-07-30 17:25:26,967 basehttp 4820 5468 "GET /api/code-review/submissions/ HTTP/1.1" 200 193448
INFO 2026-07-30 17:25:26,990 basehttp 4820 6948 "GET /api/code-review/stats/ HTTP/1.1" 200 1423
INFO 2026-07-30 17:25:27,602 basehttp 4820 6948 "GET /api/code-review/submissions/ HTTP/1.1" 200 193448
INFO 2026-07-30 17:25:36,775 basehttp 4820 20792 "OPTIONS /api/code-review/languages/ HTTP/1.1" 200 0
INFO 2026-07-30 17:25:36,776 basehttp 4820 16980 "OPTIONS /api/code-review/languages/ HTTP/1.1" 200 0
INFO 2026-07-30 17:25:36,953 basehttp 4820 6948 "GET /api/code-review/languages/ HTTP/1.1" 200 1587
INFO 2026-07-30 17:25:37,079 basehttp 4820 6948 "GET /api/code-review/languages/ HTTP/1.1" 200 1587
INFO 2026-07-30 17:36:14,920 autoreload 4820 8100 C:\ai-code-review-platform\backend\code_review\views.py changed, reloading.
INFO 2026-07-30 17:36:19,261 autoreload 6056 9856 Watching for file changes with StatReloader
INFO 2026-07-30 17:37:01,822 basehttp 6056 2964 "POST /api/code-review/submissions/ HTTP/1.1" 201 5253
INFO 2026-07-30 17:37:02,145 basehttp 6056 5360 "OPTIONS /api/code-review/initiate-review/ HTTP/1.1" 200 0
INFO 2026-07-30 17:37:02,495 basehttp 6056 2964 "POST /api/code-review/initiate-review/ HTTP/1.1" 200 24896
INFO 2026-07-30 17:37:06,077 basehttp 6056 2964 "GET /api/code-review/stats/ HTTP/1.1" 200 1417
INFO 2026-07-30 17:37:06,407 basehttp 6056 22600 "GET /api/code-review/submissions/ HTTP/1.1" 200 223350
INFO 2026-07-30 17:37:06,409 basehttp 6056 2964 "GET /api/code-review/stats/ HTTP/1.1" 200 1417
INFO 2026-07-30 17:37:06,683 basehttp 6056 22600 "GET /api/code-review/submissions/ HTTP/1.1" 200 223350
INFO 2026-07-30 17:37:09,720 basehttp 6056 5360 "OPTIONS /api/code-review/submissions/44ce71ef-195a-484c-b9bb-57876b007c9f/ HTTP/1.1" 200 0
INFO 2026-07-30 17:37:09,721 basehttp 6056 4828 "OPTIONS /api/code-review/submissions/44ce71ef-195a-484c-b9bb-57876b007c9f/ HTTP/1.1" 200 0
INFO 2026-07-30 17:37:10,021 basehttp 6056 22600 "GET /api/code-review/submissions/44ce71ef-195a-484c-b9bb-57876b007c9f/ HTTP/1.1" 200 29901
INFO 2026-07-30 17:37:10,236 basehttp 6056 22600 "GET /api/code-review/submissions/44ce71ef-195a-484c-b9bb-57876b007c9f/ HTTP/1.1" 200 29901
INFO 2026-07-30 17:37:50,624 basehttp 6056 4828 "OPTIONS /api/accounts/profile/ HTTP/1.1" 200 0
INFO 2026-07-30 17:37:50,625 basehttp 6056 5360 "OPTIONS /api/accounts/profile/ HTTP/1.1" 200 0
INFO 2026-07-30 17:37:50,819 basehttp 6056 22600 "GET /api/accounts/profile/ HTTP/1.1" 200 562
INFO 2026-07-30 17:37:51,068 basehttp 6056 22600 "GET /api/accounts/profile/ HTTP/1.1" 200 562
INFO 2026-07-30 17:38:03,377 basehttp 6056 22600 "POST /api/accounts/login/ HTTP/1.1" 200 1212
INFO 2026-07-30 17:38:04,380 basehttp 6056 22600 "GET /api/code-review/stats/ HTTP/1.1" 200 1417
INFO 2026-07-30 17:38:04,832 basehttp 6056 22600 "GET /api/code-review/stats/ HTTP/1.1" 200 1417
INFO 2026-07-30 17:38:04,834 basehttp 6056 2964 "GET /api/code-review/submissions/ HTTP/1.1" 200 223350
INFO 2026-07-30 17:38:05,181 basehttp 6056 22600 "GET /api/code-review/submissions/ HTTP/1.1" 200 223350
INFO 2026-07-30 17:38:08,826 basehttp 6056 22600 "GET /api/code-review/submissions/44ce71ef-195a-484c-b9bb-57876b007c9f/ HTTP/1.1" 200 29901
INFO 2026-07-30 17:38:09,020 basehttp 6056 22600 "GET /api/code-review/submissions/44ce71ef-195a-484c-b9bb-57876b007c9f/ HTTP/1.1" 200 29901
INFO 2026-07-30 17:40:24,310 basehttp 6056 22600 "GET /api/accounts/profile/ HTTP/1.1" 200 562
INFO 2026-07-30 17:40:24,453 basehttp 6056 22600 "GET /api/accounts/profile/ HTTP/1.1" 200 562
INFO 2026-07-30 17:40:24,593 basehttp 6056 22600 "GET /api/accounts/profile/ HTTP/1.1" 200 562
INFO 2026-07-30 17:40:24,720 basehttp 6056 22600 "GET /api/accounts/profile/ HTTP/1.1" 200 562
INFO 2026-07-30 17:48:08,074 basehttp 6056 18488 "POST /api/accounts/login/ HTTP/1.1" 200 1212
INFO 2026-07-30 17:48:08,999 basehttp 6056 18488 "GET /api/code-review/stats/ HTTP/1.1" 200 1417
INFO 2026-07-30 17:48:09,282 basehttp 6056 18488 "GET /api/code-review/stats/ HTTP/1.1" 200 1417
INFO 2026-07-30 17:48:09,464 basehttp 6056 1836 "GET /api/code-review/submissions/ HTTP/1.1" 200 223350
INFO 2026-07-30 17:48:09,817 basehttp 6056 18488 "GET /api/code-review/submissions/ HTTP/1.1" 200 223350
INFO 2026-07-30 17:48:13,716 basehttp 6056 18488 "GET /api/code-review/languages/ HTTP/1.1" 200 1587
INFO 2026-07-30 17:48:13,861 basehttp 6056 18488 "GET /api/code-review/languages/ HTTP/1.1" 200 1587
INFO 2026-07-30 17:49:23,996 basehttp 6056 18488 "POST /api/code-review/submissions/ HTTP/1.1" 201 18745
INFO 2026-07-30 17:49:24,330 basehttp 6056 18488 "POST /api/code-review/initiate-review/ HTTP/1.1" 200 57239
INFO 2026-07-30 17:49:27,683 basehttp 6056 18488 "GET /api/code-review/stats/ HTTP/1.1" 200 1418
INFO 2026-07-30 17:49:28,056 basehttp 6056 18488 "GET /api/code-review/stats/ HTTP/1.1" 200 1418
INFO 2026-07-30 17:49:28,109 basehttp 6056 1836 "GET /api/code-review/submissions/ HTTP/1.1" 200 299087
INFO 2026-07-30 17:49:28,561 basehttp 6056 18488 "GET /api/code-review/submissions/ HTTP/1.1" 200 299087
INFO 2026-07-30 17:49:32,095 basehttp 6056 4856 "OPTIONS /api/code-review/submissions/d32004fe-72ac-4e54-a112-3eefb4fc8415/ HTTP/1.1" 200 0
INFO 2026-07-30 17:49:32,107 basehttp 6056 5052 "OPTIONS /api/code-review/submissions/d32004fe-72ac-4e54-a112-3eefb4fc8415/ HTTP/1.1" 200 0
INFO 2026-07-30 17:49:32,378 basehttp 6056 18488 "GET /api/code-review/submissions/d32004fe-72ac-4e54-a112-3eefb4fc8415/ HTTP/1.1" 200 75736
INFO 2026-07-30 17:49:32,654 basehttp 6056 1836 "GET /api/code-review/submissions/d32004fe-72ac-4e54-a112-3eefb4fc8415/ HTTP/1.1" 200 75736
INFO 2026-07-30 17:54:00,330 basehttp 6056 1836 "GET /api/accounts/profile/ HTTP/1.1" 200 562
INFO 2026-07-30 17:54:00,736 basehttp 6056 1836 "GET /api/accounts/profile/ HTTP/1.1" 200 562
INFO 2026-07-30 17:54:01,019 basehttp 6056 1836 "GET /api/accounts/profile/ HTTP/1.1" 200 562
INFO 2026-07-30 17:54:01,132 basehttp 6056 1836 "GET /api/accounts/profile/ HTTP/1.1" 200 562
INFO 2026-07-30 17:54:22,031 basehttp 6056 1836 "POST /api/accounts/login/ HTTP/1.1" 200 1212
INFO 2026-07-30 17:54:22,976 basehttp 6056 1836 "GET /api/code-review/stats/ HTTP/1.1" 200 1418
INFO 2026-07-30 17:54:23,327 basehttp 6056 1836 "GET /api/code-review/stats/ HTTP/1.1" 200 1418
INFO 2026-07-30 17:54:23,368 basehttp 6056 18488 "GET /api/code-review/submissions/ HTTP/1.1" 200 299087
INFO 2026-07-30 17:54:23,736 basehttp 6056 1836 "GET /api/code-review/submissions/ HTTP/1.1" 200 299087
INFO 2026-07-30 17:54:28,059 basehttp 6056 1836 "GET /api/code-review/submissions/d32004fe-72ac-4e54-a112-3eefb4fc8415/ HTTP/1.1" 200 75736
INFO 2026-07-30 17:54:28,206 basehttp 6056 18488 "GET /api/code-review/submissions/d32004fe-72ac-4e54-a112-3eefb4fc8415/ HTTP/1.1" 200 75736
INFO 2026-07-30 18:06:19,563 autoreload 6056 9856 C:\ai-code-review-platform\backend\code_review\views.py changed, reloading.
INFO 2026-07-30 18:06:22,126 autoreload 1556 19564 Watching for file changes with StatReloader
INFO 2026-07-30 18:07:06,268 basehttp 1556 22744 "GET /api/code-review/stats/ HTTP/1.1" 200 1418
INFO 2026-07-30 18:07:06,383 basehttp 1556 22744 "GET /api/code-review/stats/ HTTP/1.1" 200 1418
INFO 2026-07-30 18:07:06,509 basehttp 1556 17712 "GET /api/code-review/submissions/ HTTP/1.1" 200 299087
INFO 2026-07-30 18:07:06,628 basehttp 1556 22744 "GET /api/code-review/submissions/ HTTP/1.1" 200 299087
INFO 2026-07-30 18:07:08,499 basehttp 1556 22744 "GET /api/code-review/languages/ HTTP/1.1" 200 1587
INFO 2026-07-30 18:07:08,565 basehttp 1556 22744 "GET /api/code-review/languages/ HTTP/1.1" 200 1587
INFO 2026-07-30 18:07:24,933 basehttp 1556 22744 "POST /api/code-review/submissions/ HTTP/1.1" 201 19541
INFO 2026-07-30 18:07:25,179 basehttp 1556 22744 "POST /api/code-review/initiate-review/ HTTP/1.1" 200 21546
INFO 2026-07-30 18:07:28,376 basehttp 1556 22744 "GET /api/code-review/stats/ HTTP/1.1" 200 1419
INFO 2026-07-30 18:07:28,690 basehttp 1556 22744 "GET /api/code-review/stats/ HTTP/1.1" 200 1419
INFO 2026-07-30 18:07:28,690 basehttp 1556 17712 "GET /api/code-review/submissions/ HTTP/1.1" 200 348894
INFO 2026-07-30 18:07:28,842 basehttp 1556 17712 "GET /api/code-review/submissions/ HTTP/1.1" 200 348894
INFO 2026-07-30 18:07:32,378 basehttp 1556 6688 "OPTIONS /api/code-review/submissions/83627af4-f7be-4735-a627-3cc4ba3f9944/ HTTP/1.1" 200 0
INFO 2026-07-30 18:07:32,379 basehttp 1556 19396 "OPTIONS /api/code-review/submissions/83627af4-f7be-4735-a627-3cc4ba3f9944/ HTTP/1.1" 200 0
INFO 2026-07-30 18:07:32,589 basehttp 1556 17712 "GET /api/code-review/submissions/83627af4-f7be-4735-a627-3cc4ba3f9944/ HTTP/1.1" 200 49806
INFO 2026-07-30 18:07:32,655 basehttp 1556 17712 "GET /api/code-review/submissions/83627af4-f7be-4735-a627-3cc4ba3f9944/ HTTP/1.1" 200 49806
INFO 2026-07-30 18:12:40,231 autoreload 1556 19564 C:\ai-code-review-platform\backend\code_review\views.py changed, reloading.
INFO 2026-07-30 18:12:43,546 autoreload 3952 2452 Watching for file changes with StatReloader
INFO 2026-07-30 18:15:35,431 autoreload 3952 2452 C:\ai-code-review-platform\backend\code_review\views.py changed, reloading.
INFO 2026-07-30 18:15:36,777 autoreload 20420 18124 Watching for file changes with StatReloader
INFO 2026-07-30 18:15:38,704 autoreload 20420 18124 C:\ai-code-review-platform\backend\code_review\views.py changed, reloading.
INFO 2026-07-30 18:15:40,042 autoreload 1124 7224 Watching for file changes with StatReloader
INFO 2026-07-30 18:15:43,039 autoreload 1124 7224 C:\ai-code-review-platform\backend\code_review\views.py changed, reloading.
INFO 2026-07-30 18:15:44,291 autoreload 23396 15016 Watching for file changes with StatReloader
INFO 2026-07-30 21:23:05,401 autoreload 14636 11484 Watching for file changes with StatReloader
INFO 2026-07-30 21:24:14,781 basehttp 14636 24528 "OPTIONS /api/accounts/login/ HTTP/1.1" 200 0
INFO 2026-07-30 21:24:17,982 basehttp 14636 11120 "POST /api/accounts/login/ HTTP/1.1" 200 1212
INFO 2026-07-30 21:24:18,589 basehttp 14636 24528 "OPTIONS /api/code-review/stats/ HTTP/1.1" 200 0
INFO 2026-07-30 21:24:18,604 basehttp 14636 15796 "OPTIONS /api/code-review/stats/ HTTP/1.1" 200 0
INFO 2026-07-30 21:24:18,915 basehttp 14636 11120 "GET /api/code-review/stats/ HTTP/1.1" 200 1419
INFO 2026-07-30 21:24:18,927 basehttp 14636 15796 "OPTIONS /api/code-review/submissions/ HTTP/1.1" 200 0
INFO 2026-07-30 21:24:19,213 basehttp 14636 11120 "GET /api/code-review/stats/ HTTP/1.1" 200 1419
INFO 2026-07-30 21:24:19,315 basehttp 14636 13612 "GET /api/code-review/submissions/ HTTP/1.1" 200 348894
INFO 2026-07-30 21:24:19,692 basehttp 14636 11120 "GET /api/code-review/submissions/ HTTP/1.1" 200 348894
INFO 2026-07-30 21:24:31,986 basehttp 14636 24528 "OPTIONS /api/code-review/languages/ HTTP/1.1" 200 0
INFO 2026-07-30 21:24:31,987 basehttp 14636 15796 "OPTIONS /api/code-review/languages/ HTTP/1.1" 200 0
INFO 2026-07-30 21:24:32,147 basehttp 14636 11120 "GET /api/code-review/languages/ HTTP/1.1" 200 1587
INFO 2026-07-30 21:24:32,310 basehttp 14636 11120 "GET /api/code-review/languages/ HTTP/1.1" 200 1587
INFO 2026-07-30 21:26:16,669 basehttp 14636 11120 "POST /api/code-review/submissions/ HTTP/1.1" 201 20627
INFO 2026-07-30 21:26:16,685 basehttp 14636 15796 "OPTIONS /api/code-review/initiate-review/ HTTP/1.1" 200 0
INFO 2026-07-30 21:26:19,659 basehttp 14636 11120 "POST /api/code-review/initiate-review/ HTTP/1.1" 200 34043
INFO 2026-07-30 21:26:22,980 basehttp 14636 11120 "GET /api/code-review/stats/ HTTP/1.1" 200 1422
INFO 2026-07-30 21:26:23,357 basehttp 14636 13612 "GET /api/code-review/submissions/ HTTP/1.1" 200 482452
INFO 2026-07-30 21:26:23,482 basehttp 14636 11120 "GET /api/code-review/stats/ HTTP/1.1" 200 1422
INFO 2026-07-30 21:26:24,304 basehttp 14636 11120 "GET /api/code-review/submissions/ HTTP/1.1" 200 482452
INFO 2026-07-30 21:26:29,231 basehttp 14636 15796 "OPTIONS /api/code-review/submissions/d933e01c-7574-4b7c-9e51-aedec141611a/ HTTP/1.1" 200 0
INFO 2026-07-30 21:26:29,231 basehttp 14636 24528 "OPTIONS /api/code-review/submissions/d933e01c-7574-4b7c-9e51-aedec141611a/ HTTP/1.1" 200 0
INFO 2026-07-30 21:26:29,420 basehttp 14636 11120 "GET /api/code-review/submissions/d933e01c-7574-4b7c-9e51-aedec141611a/ HTTP/1.1" 200 133557
INFO 2026-07-30 21:26:29,572 basehttp 14636 13612 "GET /api/code-review/submissions/d933e01c-7574-4b7c-9e51-aedec141611a/ HTTP/1.1" 200 133557
INFO 2026-07-30 21:30:55,665 basehttp 14636 13612 "GET /api/code-review/languages/ HTTP/1.1" 200 1587
INFO 2026-07-30 21:30:55,884 basehttp 14636 13612 "GET /api/code-review/languages/ HTTP/1.1" 200 1587
INFO 2026-07-30 21:31:07,638 basehttp 14636 13612 "POST /api/code-review/submissions/ HTTP/1.1" 201 17837
INFO 2026-07-30 21:31:07,882 basehttp 14636 13612 "POST /api/code-review/initiate-review/ HTTP/1.1" 200 4963
INFO 2026-07-30 21:31:11,495 basehttp 14636 13612 "GET /api/code-review/stats/ HTTP/1.1" 200 1424
INFO 2026-07-30 21:31:12,067 basehttp 14636 13612 "GET /api/code-review/stats/ HTTP/1.1" 200 1424
INFO 2026-07-30 21:31:12,072 basehttp 14636 11120 "GET /api/code-review/submissions/ HTTP/1.1" 200 505015
INFO 2026-07-30 21:31:12,667 basehttp 14636 11120 "GET /api/code-review/submissions/ HTTP/1.1" 200 505015
INFO 2026-07-30 21:31:17,166 basehttp 14636 24528 "OPTIONS /api/code-review/submissions/a1ee15a7-47cd-4f44-a191-03f88c8dfee5/ HTTP/1.1" 200 0
INFO 2026-07-30 21:31:17,167 basehttp 14636 15796 "OPTIONS /api/code-review/submissions/a1ee15a7-47cd-4f44-a191-03f88c8dfee5/ HTTP/1.1" 200 0
INFO 2026-07-30 21:31:17,318 basehttp 14636 11120 "GET /api/code-review/submissions/a1ee15a7-47cd-4f44-a191-03f88c8dfee5/ HTTP/1.1" 200 22562
INFO 2026-07-30 21:31:17,468 basehttp 14636 13612 "GET /api/code-review/submissions/a1ee15a7-47cd-4f44-a191-03f88c8dfee5/ HTTP/1.1" 200 22562
INFO 2026-08-01 10:22:44,151 autoreload 10200 3740 Watching for file changes with StatReloader
INFO 2026-08-01 10:24:13,920 basehttp 10200 13572 "OPTIONS /api/accounts/login/ HTTP/1.1" 200 0
INFO 2026-08-01 10:24:17,111 basehttp 10200 20792 "POST /api/accounts/login/ HTTP/1.1" 200 1212
INFO 2026-08-01 10:24:17,727 basehttp 10200 13572 "OPTIONS /api/code-review/stats/ HTTP/1.1" 200 0
INFO 2026-08-01 10:24:17,728 basehttp 10200 18200 "OPTIONS /api/code-review/stats/ HTTP/1.1" 200 0
INFO 2026-08-01 10:24:18,008 basehttp 10200 20792 "GET /api/code-review/stats/ HTTP/1.1" 200 1424
INFO 2026-08-01 10:24:18,022 basehttp 10200 18200 "OPTIONS /api/code-review/submissions/ HTTP/1.1" 200 0
INFO 2026-08-01 10:24:18,453 basehttp 10200 20792 "GET /api/code-review/stats/ HTTP/1.1" 200 1424
INFO 2026-08-01 10:24:18,601 basehttp 10200 1260 "GET /api/code-review/submissions/ HTTP/1.1" 200 505015
INFO 2026-08-01 10:24:19,064 basehttp 10200 20792 "GET /api/code-review/submissions/ HTTP/1.1" 200 505015
INFO 2026-08-01 10:24:30,694 basehttp 10200 18200 "OPTIONS /api/code-review/submissions/a1ee15a7-47cd-4f44-a191-03f88c8dfee5/ HTTP/1.1" 200 0
INFO 2026-08-01 10:24:30,695 basehttp 10200 13572 "OPTIONS /api/code-review/submissions/a1ee15a7-47cd-4f44-a191-03f88c8dfee5/ HTTP/1.1" 200 0
INFO 2026-08-01 10:24:30,924 basehttp 10200 20792 "GET /api/code-review/submissions/a1ee15a7-47cd-4f44-a191-03f88c8dfee5/ HTTP/1.1" 200 22562
INFO 2026-08-01 10:24:31,206 basehttp 10200 20792 "GET /api/code-review/submissions/a1ee15a7-47cd-4f44-a191-03f88c8dfee5/ HTTP/1.1" 200 22562
INFO 2026-08-01 10:26:42,242 autoreload 10200 3740 C:\ai-code-review-platform\backend\code_review\views.py changed, reloading.
INFO 2026-08-01 10:26:46,124 autoreload 20532 13284 Watching for file changes with StatReloader
INFO 2026-08-01 10:40:15,099 autoreload 20532 13284 C:\ai-code-review-platform\backend\code_review\views.py changed, reloading.
INFO 2026-08-01 10:40:18,849 autoreload 23236 17460 Watching for file changes with StatReloader
INFO 2026-08-01 10:43:32,276 basehttp 23236 15512 "POST /api/accounts/login/ HTTP/1.1" 200 1212
INFO 2026-08-01 10:43:33,273 basehttp 23236 15512 "GET /api/code-review/stats/ HTTP/1.1" 200 1424
INFO 2026-08-01 10:43:33,695 basehttp 23236 15512 "GET /api/code-review/stats/ HTTP/1.1" 200 1424
INFO 2026-08-01 10:43:33,780 basehttp 23236 19168 "GET /api/code-review/submissions/ HTTP/1.1" 200 505015
INFO 2026-08-01 10:43:34,257 basehttp 23236 15512 "GET /api/code-review/submissions/ HTTP/1.1" 200 505015
INFO 2026-08-01 10:43:40,968 basehttp 23236 8620 "OPTIONS /api/code-review/languages/ HTTP/1.1" 200 0
INFO 2026-08-01 10:43:40,968 basehttp 23236 23136 "OPTIONS /api/code-review/languages/ HTTP/1.1" 200 0
INFO 2026-08-01 10:43:41,277 basehttp 23236 15512 "GET /api/code-review/languages/ HTTP/1.1" 200 1587
INFO 2026-08-01 10:43:41,503 basehttp 23236 15512 "GET /api/code-review/languages/ HTTP/1.1" 200 1587
INFO 2026-08-01 10:44:58,183 basehttp 23236 15512 "GET /api/code-review/stats/ HTTP/1.1" 200 1424
INFO 2026-08-01 10:44:58,637 basehttp 23236 15512 "GET /api/code-review/stats/ HTTP/1.1" 200 1424
INFO 2026-08-01 10:44:58,729 basehttp 23236 19168 "GET /api/code-review/submissions/ HTTP/1.1" 200 505015
INFO 2026-08-01 10:44:59,085 basehttp 23236 15512 "GET /api/code-review/submissions/ HTTP/1.1" 200 505015
INFO 2026-08-01 10:46:08,536 basehttp 23236 15512 "GET /api/code-review/languages/ HTTP/1.1" 200 1587
INFO 2026-08-01 10:46:08,769 basehttp 23236 15512 "GET /api/code-review/languages/ HTTP/1.1" 200 1587
INFO 2026-08-01 10:46:22,696 basehttp 23236 15512 "POST /api/code-review/submissions/ HTTP/1.1" 201 17837
INFO 2026-08-01 10:46:22,733 basehttp 23236 23136 "OPTIONS /api/code-review/initiate-review/ HTTP/1.1" 200 0
INFO 2026-08-01 10:46:23,105 basehttp 23236 15512 "POST /api/code-review/initiate-review/ HTTP/1.1" 200 20270
INFO 2026-08-01 10:46:26,711 basehttp 23236 15512 "GET /api/code-review/stats/ HTTP/1.1" 200 1430
INFO 2026-08-01 10:46:27,460 basehttp 23236 19168 "GET /api/code-review/submissions/ HTTP/1.1" 200 542887
INFO 2026-08-01 10:46:27,549 basehttp 23236 15512 "GET /api/code-review/stats/ HTTP/1.1" 200 1430
INFO 2026-08-01 10:46:28,199 basehttp 23236 15512 "GET /api/code-review/submissions/ HTTP/1.1" 200 542887
INFO 2026-08-01 10:46:31,607 basehttp 23236 23136 "OPTIONS /api/code-review/submissions/639f677e-be9f-4695-aea7-b553987cd8ad/ HTTP/1.1" 200 0
INFO 2026-08-01 10:46:31,609 basehttp 23236 8620 "OPTIONS /api/code-review/submissions/639f677e-be9f-4695-aea7-b553987cd8ad/ HTTP/1.1" 200 0
INFO 2026-08-01 10:46:31,897 basehttp 23236 15512 "GET /api/code-review/submissions/639f677e-be9f-4695-aea7-b553987cd8ad/ HTTP/1.1" 200 37871
INFO 2026-08-01 10:46:32,124 basehttp 23236 15512 "GET /api/code-review/submissions/639f677e-be9f-4695-aea7-b553987cd8ad/ HTTP/1.1" 200 37871
INFO 2026-08-01 14:01:52,251 autoreload 23816 16508 Watching for file changes with StatReloader
INFO 2026-08-01 14:02:35,996 basehttp 23816 4120 "OPTIONS /api/accounts/login/ HTTP/1.1" 200 0
INFO 2026-08-01 14:02:39,035 basehttp 23816 19516 "POST /api/accounts/login/ HTTP/1.1" 200 1212
INFO 2026-08-01 14:02:39,835 basehttp 23816 4120 "OPTIONS /api/code-review/stats/ HTTP/1.1" 200 0
INFO 2026-08-01 14:02:39,836 basehttp 23816 6688 "OPTIONS /api/code-review/stats/ HTTP/1.1" 200 0
INFO 2026-08-01 14:02:40,258 basehttp 23816 19516 "GET /api/code-review/stats/ HTTP/1.1" 200 1430
INFO 2026-08-01 14:02:40,274 basehttp 23816 6688 "OPTIONS /api/code-review/submissions/ HTTP/1.1" 200 0
INFO 2026-08-01 14:02:40,654 basehttp 23816 19516 "GET /api/code-review/stats/ HTTP/1.1" 200 1430
INFO 2026-08-01 14:02:40,756 basehttp 23816 5172 "GET /api/code-review/submissions/ HTTP/1.1" 200 542887
INFO 2026-08-01 14:02:41,089 basehttp 23816 19516 "GET /api/code-review/submissions/ HTTP/1.1" 200 542887
INFO 2026-08-01 14:02:45,911 basehttp 23816 6688 "OPTIONS /api/code-review/submissions/639f677e-be9f-4695-aea7-b553987cd8ad/ HTTP/1.1" 200 0
INFO 2026-08-01 14:02:45,912 basehttp 23816 4120 "OPTIONS /api/code-review/submissions/639f677e-be9f-4695-aea7-b553987cd8ad/ HTTP/1.1" 200 0
INFO 2026-08-01 14:02:46,209 basehttp 23816 19516 "GET /api/code-review/submissions/639f677e-be9f-4695-aea7-b553987cd8ad/ HTTP/1.1" 200 37871
INFO 2026-08-01 14:02:46,439 basehttp 23816 19516 "GET /api/code-review/submissions/639f677e-be9f-4695-aea7-b553987cd8ad/ HTTP/1.1" 200 37871
INFO 2026-08-01 14:03:13,975 basehttp 23816 4120 "OPTIONS /api/accounts/profile/ HTTP/1.1" 200 0
INFO 2026-08-01 14:03:13,975 basehttp 23816 6688 "OPTIONS /api/accounts/profile/ HTTP/1.1" 200 0
INFO 2026-08-01 14:03:13,987 basehttp 23816 4120 "OPTIONS /api/accounts/profile/ HTTP/1.1" 200 0
INFO 2026-08-01 14:03:13,988 basehttp 23816 6688 "OPTIONS /api/accounts/profile/ HTTP/1.1" 200 0
INFO 2026-08-01 14:03:14,177 basehttp 23816 19516 "GET /api/accounts/profile/ HTTP/1.1" 200 562
INFO 2026-08-01 14:03:14,322 basehttp 23816 19516 "GET /api/accounts/profile/ HTTP/1.1" 200 562
INFO 2026-08-01 14:03:14,455 basehttp 23816 19516 "GET /api/accounts/profile/ HTTP/1.1" 200 562
INFO 2026-08-01 14:03:14,629 basehttp 23816 19516 "GET /api/accounts/profile/ HTTP/1.1" 200 562
INFO 2026-08-01 14:03:30,237 basehttp 23816 19516 "POST /api/accounts/login/ HTTP/1.1" 200 1212
INFO 2026-08-01 14:03:31,880 basehttp 23816 19516 "GET /api/code-review/stats/ HTTP/1.1" 200 1430
INFO 2026-08-01 14:03:32,550 basehttp 23816 19516 "GET /api/code-review/stats/ HTTP/1.1" 200 1430
INFO 2026-08-01 14:03:32,608 basehttp 23816 5172 "GET /api/code-review/submissions/ HTTP/1.1" 200 542887
INFO 2026-08-01 14:03:33,155 basehttp 23816 19516 "GET /api/code-review/submissions/ HTTP/1.1" 200 542887
INFO 2026-08-01 14:03:42,087 basehttp 23816 19516 "GET /api/code-review/submissions/639f677e-be9f-4695-aea7-b553987cd8ad/ HTTP/1.1" 200 37871
INFO 2026-08-01 14:03:42,237 basehttp 23816 5172 "GET /api/code-review/submissions/639f677e-be9f-4695-aea7-b553987cd8ad/ HTTP/1.1" 200 37871
INFO 2026-08-01 14:07:42,246 basehttp 23816 5172 "GET /api/code-review/stats/ HTTP/1.1" 200 1430
INFO 2026-08-01 14:07:42,615 basehttp 23816 5172 "GET /api/code-review/stats/ HTTP/1.1" 200 1430
INFO 2026-08-01 14:07:42,667 basehttp 23816 19516 "GET /api/code-review/submissions/ HTTP/1.1" 200 542887
INFO 2026-08-01 14:07:42,996 basehttp 23816 5172 "GET /api/code-review/submissions/ HTTP/1.1" 200 542887
INFO 2026-08-01 14:07:45,059 basehttp 23816 6688 "OPTIONS /api/code-review/languages/ HTTP/1.1" 200 0
INFO 2026-08-01 14:07:45,060 basehttp 23816 4120 "OPTIONS /api/code-review/languages/ HTTP/1.1" 200 0
INFO 2026-08-01 14:07:45,237 basehttp 23816 5172 "GET /api/code-review/languages/ HTTP/1.1" 200 1587
INFO 2026-08-01 14:07:45,490 basehttp 23816 5172 "GET /api/code-review/languages/ HTTP/1.1" 200 1587
INFO 2026-08-01 14:08:00,384 basehttp 23816 5172 "POST /api/code-review/submissions/ HTTP/1.1" 201 668
INFO 2026-08-01 14:08:00,417 basehttp 23816 4120 "OPTIONS /api/code-review/initiate-review/ HTTP/1.1" 200 0
INFO 2026-08-01 14:08:01,079 basehttp 23816 5172 "POST /api/code-review/initiate-review/ HTTP/1.1" 200 1511
INFO 2026-08-01 14:08:04,638 basehttp 23816 5172 "GET /api/code-review/stats/ HTTP/1.1" 200 1428
INFO 2026-08-01 14:08:05,297 basehttp 23816 5172 "GET /api/code-review/stats/ HTTP/1.1" 200 1428
INFO 2026-08-01 14:08:05,400 basehttp 23816 19516 "GET /api/code-review/submissions/ HTTP/1.1" 200 526347
INFO 2026-08-01 14:08:05,792 basehttp 23816 5172 "GET /api/code-review/submissions/ HTTP/1.1" 200 526347
INFO 2026-08-01 14:08:09,476 basehttp 23816 6688 "OPTIONS /api/code-review/submissions/8c27e7a9-855b-454f-b13a-09110b2d11f2/ HTTP/1.1" 200 0
INFO 2026-08-01 14:08:09,477 basehttp 23816 4120 "OPTIONS /api/code-review/submissions/8c27e7a9-855b-454f-b13a-09110b2d11f2/ HTTP/1.1" 200 0
INFO 2026-08-01 14:08:09,775 basehttp 23816 5172 "GET /api/code-review/submissions/8c27e7a9-855b-454f-b13a-09110b2d11f2/ HTTP/1.1" 200 1948
INFO 2026-08-01 14:08:10,050 basehttp 23816 5172 "GET /api/code-review/submissions/8c27e7a9-855b-454f-b13a-09110b2d11f2/ HTTP/1.1" 200 1948
INFO 2026-08-01 14:29:02,275 autoreload 23816 16508 C:\ai-code-review-platform\backend\code_review\views.py changed, reloading.
INFO 2026-08-01 14:29:05,570 autoreload 10400 720 Watching for file changes with StatReloader
INFO 2026-08-01 14:29:35,716 autoreload 10400 720 C:\ai-code-review-platform\backend\code_review\views.py changed, reloading.
INFO 2026-08-01 14:29:39,150 autoreload 3440 16008 Watching for file changes with StatReloader
WARNING 2026-08-01 14:29:46,410 basehttp 3440 22240 "GET /api/code-review/stats/ HTTP/1.1" 401 183
WARNING 2026-08-01 14:29:46,431 basehttp 3440 22240 "GET /api/code-review/stats/ HTTP/1.1" 401 183
INFO 2026-08-01 14:29:46,759 basehttp 3440 12064 "OPTIONS /api/token/refresh/ HTTP/1.1" 200 0
INFO 2026-08-01 14:29:46,761 basehttp 3440 6152 "OPTIONS /api/token/refresh/ HTTP/1.1" 200 0
INFO 2026-08-01 14:29:46,800 basehttp 3440 12064 "POST /api/token/refresh/ HTTP/1.1" 200 582
INFO 2026-08-01 14:29:46,801 basehttp 3440 6152 "POST /api/token/refresh/ HTTP/1.1" 200 582
INFO 2026-08-01 14:29:47,238 basehttp 3440 22240 "GET /api/code-review/stats/ HTTP/1.1" 200 1428
INFO 2026-08-01 14:29:47,789 basehttp 3440 22240 "GET /api/code-review/stats/ HTTP/1.1" 200 1428
INFO 2026-08-01 14:29:47,930 basehttp 3440 15620 "GET /api/code-review/submissions/ HTTP/1.1" 200 526347
INFO 2026-08-01 14:29:48,334 basehttp 3440 22240 "GET /api/code-review/submissions/ HTTP/1.1" 200 526347
INFO 2026-08-01 14:29:51,637 basehttp 3440 22240 "GET /api/code-review/languages/ HTTP/1.1" 200 1587
INFO 2026-08-01 14:29:51,863 basehttp 3440 22240 "GET /api/code-review/languages/ HTTP/1.1" 200 1587
INFO 2026-08-01 14:32:02,172 basehttp 3440 22240 "POST /api/code-review/submissions/ HTTP/1.1" 201 2162
INFO 2026-08-01 14:32:02,516 basehttp 3440 22240 "POST /api/code-review/initiate-review/ HTTP/1.1" 200 6164
INFO 2026-08-01 14:32:05,876 basehttp 3440 22240 "GET /api/code-review/stats/ HTTP/1.1" 200 1426
INFO 2026-08-01 14:32:06,380 basehttp 3440 22240 "GET /api/code-review/stats/ HTTP/1.1" 200 1426
INFO 2026-08-01 14:32:06,480 basehttp 3440 15620 "GET /api/code-review/submissions/ HTTP/1.1" 200 520209
INFO 2026-08-01 14:32:07,001 basehttp 3440 22240 "GET /api/code-review/submissions/ HTTP/1.1" 200 520209
INFO 2026-08-01 14:32:10,488 basehttp 3440 6152 "OPTIONS /api/code-review/submissions/349b7b46-9058-4e96-9a06-4194335e37ea/ HTTP/1.1" 200 0
INFO 2026-08-01 14:32:10,490 basehttp 3440 12064 "OPTIONS /api/code-review/submissions/349b7b46-9058-4e96-9a06-4194335e37ea/ HTTP/1.1" 200 0
INFO 2026-08-01 14:32:10,691 basehttp 3440 22240 "GET /api/code-review/submissions/349b7b46-9058-4e96-9a06-4194335e37ea/ HTTP/1.1" 200 8066
INFO 2026-08-01 14:32:10,861 basehttp 3440 22240 "GET /api/code-review/submissions/349b7b46-9058-4e96-9a06-4194335e37ea/ HTTP/1.1" 200 8066
INFO 2026-08-01 15:09:27,420 autoreload 3440 16008 C:\ai-code-review-platform\backend\code_review\views.py changed, reloading.
INFO 2026-08-01 15:09:29,545 autoreload 20476 19616 Watching for file changes with StatReloader
INFO 2026-08-01 15:15:35,640 autoreload 20476 19616 C:\ai-code-review-platform\backend\code_review\views.py changed, reloading.
INFO 2026-08-01 15:15:36,884 autoreload 1848 14956 Watching for file changes with StatReloader
INFO 2026-08-01 15:15:41,342 autoreload 1848 14956 C:\ai-code-review-platform\backend\code_review\views.py changed, reloading.
INFO 2026-08-01 15:15:42,646 autoreload 13232 22484 Watching for file changes with StatReloader
INFO 2026-08-01 15:19:36,443 autoreload 22888 9048 Watching for file changes with StatReloader
WARNING 2026-08-01 15:19:55,744 basehttp 13232 18312 "GET /api/code-review/stats/ HTTP/1.1" 401 183
WARNING 2026-08-01 15:19:55,747 basehttp 13232 18312 "GET /api/code-review/stats/ HTTP/1.1" 401 183
INFO 2026-08-01 15:19:56,071 basehttp 13232 10828 "POST /api/token/refresh/ HTTP/1.1" 200 582
INFO 2026-08-01 15:19:56,072 basehttp 13232 19156 "POST /api/token/refresh/ HTTP/1.1" 200 582
INFO 2026-08-01 15:19:56,217 basehttp 13232 18312 "GET /api/code-review/stats/ HTTP/1.1" 200 1426
INFO 2026-08-01 15:19:56,365 basehttp 13232 18312 "GET /api/code-review/stats/ HTTP/1.1" 200 1426
INFO 2026-08-01 15:19:56,408 basehttp 13232 15708 "GET /api/code-review/submissions/ HTTP/1.1" 200 520209
INFO 2026-08-01 15:19:56,620 basehttp 13232 18312 "GET /api/code-review/submissions/ HTTP/1.1" 200 520209
INFO 2026-08-01 15:20:03,783 basehttp 13232 18312 "GET /api/code-review/submissions/ HTTP/1.1" 200 520209
INFO 2026-08-01 15:20:03,941 basehttp 13232 15708 "GET /api/code-review/submissions/ HTTP/1.1" 200 520209
INFO 2026-08-01 15:20:12,034 basehttp 13232 15708 "GET /api/code-review/languages/ HTTP/1.1" 200 1587
INFO 2026-08-01 15:20:12,109 basehttp 13232 15708 "GET /api/code-review/languages/ HTTP/1.1" 200 1587
INFO 2026-08-01 15:20:38,818 basehttp 13232 20996 "GET / HTTP/1.1" 200 515
WARNING 2026-08-01 15:20:39,071 basehttp 13232 20996 "GET /favicon.ico HTTP/1.1" 404 4652
WARNING 2026-08-01 15:41:09,691 basehttp 13232 10200 "GET /api/code-review/stats/ HTTP/1.1" 401 183
WARNING 2026-08-01 15:41:09,700 basehttp 13232 10200 "GET /api/code-review/stats/ HTTP/1.1" 401 183
INFO 2026-08-01 15:41:10,040 basehttp 13232 14156 "POST /api/token/refresh/ HTTP/1.1" 200 582
INFO 2026-08-01 15:41:10,040 basehttp 13232 24440 "POST /api/token/refresh/ HTTP/1.1" 200 582
INFO 2026-08-01 15:41:10,266 basehttp 13232 10200 "GET /api/code-review/stats/ HTTP/1.1" 200 1426
INFO 2026-08-01 15:41:10,446 basehttp 13232 10200 "GET /api/code-review/stats/ HTTP/1.1" 200 1426
INFO 2026-08-01 15:41:10,479 basehttp 13232 1476 "GET /api/code-review/submissions/ HTTP/1.1" 200 520209
INFO 2026-08-01 15:41:10,831 basehttp 13232 10200 "GET /api/code-review/submissions/ HTTP/1.1" 200 520209
INFO 2026-08-02 10:51:42,005 autoreload 20604 8736 Watching for file changes with StatReloader
INFO 2026-08-02 10:53:59,233 basehttp 20604 20836 "OPTIONS /api/accounts/register/ HTTP/1.1" 200 0
WARNING 2026-08-02 10:54:00,080 basehttp 20604 15100 "POST /api/accounts/register/ HTTP/1.1" 400 119
WARNING 2026-08-02 10:54:11,598 basehttp 20604 15100 "POST /api/accounts/register/ HTTP/1.1" 400 119
WARNING 2026-08-02 10:54:12,840 basehttp 20604 15100 "POST /api/accounts/register/ HTTP/1.1" 400 119
INFO 2026-08-02 10:55:39,148 autoreload 20604 8736 C:\ai-code-review-platform\backend\accounts\views.py changed, reloading.
INFO 2026-08-02 10:55:44,423 autoreload 18040 23948 Watching for file changes with StatReloader
INFO 2026-08-02 10:56:34,706 autoreload 18040 23948 C:\ai-code-review-platform\backend\accounts\views.py changed, reloading.
INFO 2026-08-02 10:56:39,015 autoreload 6980 23100 Watching for file changes with StatReloader
INFO 2026-08-02 10:56:44,843 autoreload 6980 23100 C:\ai-code-review-platform\backend\accounts\views.py changed, reloading.
INFO 2026-08-02 10:56:49,516 autoreload 1740 13840 Watching for file changes with StatReloader
INFO 2026-08-02 11:02:13,908 autoreload 1740 13840 C:\ai-code-review-platform\backend\accounts\views.py changed, reloading.
INFO 2026-08-02 11:02:20,209 autoreload 16812 10616 Watching for file changes with StatReloader
INFO 2026-08-02 11:02:28,148 autoreload 16812 10616 C:\ai-code-review-platform\backend\accounts\urls.py changed, reloading.
INFO 2026-08-02 11:02:33,068 autoreload 4108 8900 Watching for file changes with StatReloader
WARNING 2026-08-02 11:03:43,234 basehttp 4108 13356 "POST /api/accounts/register/ HTTP/1.1" 400 144
INFO 2026-08-02 11:07:36,390 autoreload 13012 17144 Watching for file changes with StatReloader
WARNING 2026-08-02 11:08:26,493 basehttp 13012 16748 "POST /api/accounts/register/ HTTP/1.1" 400 133
INFO 2026-08-02 11:12:12,273 basehttp 13012 22376 "OPTIONS /api/accounts/login/ HTTP/1.1" 200 0
INFO 2026-08-02 11:12:16,391 basehttp 13012 14460 "POST /api/accounts/login/ HTTP/1.1" 200 1212
INFO 2026-08-02 11:12:17,037 basehttp 13012 22376 "OPTIONS /api/code-review/stats/ HTTP/1.1" 200 0
INFO 2026-08-02 11:12:17,039 basehttp 13012 8900 "OPTIONS /api/code-review/stats/ HTTP/1.1" 200 0
INFO 2026-08-02 11:12:17,436 basehttp 13012 14460 "GET /api/code-review/stats/ HTTP/1.1" 200 1426
INFO 2026-08-02 11:12:17,450 basehttp 13012 8900 "OPTIONS /api/code-review/submissions/ HTTP/1.1" 200 0
INFO 2026-08-02 11:12:17,876 basehttp 13012 14460 "GET /api/code-review/stats/ HTTP/1.1" 200 1426
INFO 2026-08-02 11:12:18,032 basehttp 13012 13248 "GET /api/code-review/submissions/ HTTP/1.1" 200 520209
INFO 2026-08-02 11:12:18,421 basehttp 13012 14460 "GET /api/code-review/submissions/ HTTP/1.1" 200 520209
INFO 2026-08-02 11:12:25,117 basehttp 13012 8900 "OPTIONS /api/code-review/submissions/cb38c41a-91e7-4bac-af8e-3e6396701343/ HTTP/1.1" 200 0
INFO 2026-08-02 11:12:25,475 basehttp 13012 14460 "DELETE /api/code-review/submissions/cb38c41a-91e7-4bac-af8e-3e6396701343/ HTTP/1.1" 204 0
INFO 2026-08-02 11:12:25,484 basehttp 13012 13248 "GET /api/code-review/submissions/cb38c41a-91e7-4bac-af8e-3e6396701343/ HTTP/1.1" 200 718
WARNING 2026-08-02 11:12:25,667 basehttp 13012 13248 "GET /api/code-review/submissions/cb38c41a-91e7-4bac-af8e-3e6396701343/ HTTP/1.1" 404 55
INFO 2026-08-02 11:12:25,825 basehttp 13012 14460 "GET /api/code-review/stats/ HTTP/1.1" 200 1426
INFO 2026-08-02 11:12:26,238 basehttp 13012 14460 "GET /api/code-review/stats/ HTTP/1.1" 200 1426
INFO 2026-08-02 11:12:26,896 basehttp 13012 14460 "GET /api/code-review/submissions/ HTTP/1.1" 200 533695
INFO 2026-08-02 11:12:28,104 basehttp 13012 14460 "GET /api/code-review/stats/ HTTP/1.1" 200 1426
INFO 2026-08-02 11:12:28,929 basehttp 13012 14460 "GET /api/code-review/stats/ HTTP/1.1" 200 1426
INFO 2026-08-02 11:12:29,038 basehttp 13012 13248 "GET /api/code-review/submissions/ HTTP/1.1" 200 533695
INFO 2026-08-02 11:12:29,393 basehttp 13012 14460 "GET /api/code-review/submissions/ HTTP/1.1" 200 533695
INFO 2026-08-02 11:12:33,286 basehttp 13012 8900 "OPTIONS /api/code-review/submissions/349b7b46-9058-4e96-9a06-4194335e37ea/ HTTP/1.1" 200 0
INFO 2026-08-02 11:12:33,290 basehttp 13012 22376 "OPTIONS /api/code-review/submissions/349b7b46-9058-4e96-9a06-4194335e37ea/ HTTP/1.1" 200 0
INFO 2026-08-02 11:12:33,478 basehttp 13012 14460 "GET /api/code-review/submissions/349b7b46-9058-4e96-9a06-4194335e37ea/ HTTP/1.1" 200 8066
INFO 2026-08-02 11:12:33,664 basehttp 13012 14460 "GET /api/code-review/submissions/349b7b46-9058-4e96-9a06-4194335e37ea/ HTTP/1.1" 200 8066
INFO 2026-08-02 11:12:45,236 basehttp 13012 14460 "GET /api/code-review/submissions/ HTTP/1.1" 200 533695
INFO 2026-08-02 11:12:45,735 basehttp 13012 13248 "GET /api/code-review/submissions/ HTTP/1.1" 200 533695
INFO 2026-08-02 11:13:01,751 basehttp 13012 13248 "GET /api/code-review/submissions/ HTTP/1.1" 200 533695
INFO 2026-08-02 11:13:04,883 basehttp 13012 13248 "GET /api/code-review/submissions/349b7b46-9058-4e96-9a06-4194335e37ea/ HTTP/1.1" 200 8066
INFO 2026-08-02 11:13:05,061 basehttp 13012 14460 "GET /api/code-review/submissions/349b7b46-9058-4e96-9a06-4194335e37ea/ HTTP/1.1" 200 8066
INFO 2026-08-02 11:13:07,913 basehttp 13012 14460 "GET /api/code-review/stats/ HTTP/1.1" 200 1426
INFO 2026-08-02 11:13:08,336 basehttp 13012 14460 "GET /api/code-review/stats/ HTTP/1.1" 200 1426
INFO 2026-08-02 11:13:08,500 basehttp 13012 13248 "GET /api/code-review/submissions/ HTTP/1.1" 200 533695
INFO 2026-08-02 11:13:08,866 basehttp 13012 14460 "GET /api/code-review/submissions/ HTTP/1.1" 200 533695
INFO 2026-08-02 11:13:14,252 basehttp 13012 14460 "DELETE /api/code-review/submissions/349b7b46-9058-4e96-9a06-4194335e37ea/ HTTP/1.1" 204 0
WARNING 2026-08-02 11:13:14,431 basehttp 13012 14460 "GET /api/code-review/submissions/349b7b46-9058-4e96-9a06-4194335e37ea/ HTTP/1.1" 404 55
INFO 2026-08-02 11:13:14,583 basehttp 13012 13248 "GET /api/code-review/stats/ HTTP/1.1" 200 1428
WARNING 2026-08-02 11:13:14,617 basehttp 13012 14460 "GET /api/code-review/submissions/349b7b46-9058-4e96-9a06-4194335e37ea/ HTTP/1.1" 404 55
INFO 2026-08-02 11:13:14,907 basehttp 13012 13248 "GET /api/code-review/stats/ HTTP/1.1" 200 1428
INFO 2026-08-02 11:13:15,369 basehttp 13012 13248 "GET /api/code-review/submissions/ HTTP/1.1" 200 544117
INFO 2026-08-02 11:13:16,429 basehttp 13012 13248 "GET /api/code-review/stats/ HTTP/1.1" 200 1428
INFO 2026-08-02 11:13:17,083 basehttp 13012 13248 "GET /api/code-review/stats/ HTTP/1.1" 200 1428
INFO 2026-08-02 11:13:17,211 basehttp 13012 14460 "GET /api/code-review/submissions/ HTTP/1.1" 200 544117
INFO 2026-08-02 11:13:17,735 basehttp 13012 13248 "GET /api/code-review/submissions/ HTTP/1.1" 200 544117
INFO 2026-08-02 11:13:21,390 basehttp 13012 22376 "OPTIONS /api/code-review/submissions/8c27e7a9-855b-454f-b13a-09110b2d11f2/ HTTP/1.1" 200 0
INFO 2026-08-02 11:13:21,712 basehttp 13012 13248 "DELETE /api/code-review/submissions/8c27e7a9-855b-454f-b13a-09110b2d11f2/ HTTP/1.1" 204 0
INFO 2026-08-02 11:13:21,712 basehttp 13012 14460 "GET /api/code-review/submissions/8c27e7a9-855b-454f-b13a-09110b2d11f2/ HTTP/1.1" 200 1948
WARNING 2026-08-02 11:13:21,894 basehttp 13012 14460 "GET /api/code-review/submissions/8c27e7a9-855b-454f-b13a-09110b2d11f2/ HTTP/1.1" 404 55
INFO 2026-08-02 11:13:22,043 basehttp 13012 13248 "GET /api/code-review/stats/ HTTP/1.1" 200 1430
INFO 2026-08-02 11:13:22,433 basehttp 13012 13248 "GET /api/code-review/stats/ HTTP/1.1" 200 1430
INFO 2026-08-02 11:13:22,880 basehttp 13012 13248 "GET /api/code-review/submissions/ HTTP/1.1" 200 542168
INFO 2026-08-02 11:13:23,745 basehttp 13012 13248 "GET /api/code-review/stats/ HTTP/1.1" 200 1430
INFO 2026-08-02 11:13:24,304 basehttp 13012 13248 "GET /api/code-review/stats/ HTTP/1.1" 200 1430
INFO 2026-08-02 11:13:24,413 basehttp 13012 14460 "GET /api/code-review/submissions/ HTTP/1.1" 200 542168
INFO 2026-08-02 11:13:24,838 basehttp 13012 13248 "GET /api/code-review/submissions/ HTTP/1.1" 200 542168
INFO 2026-08-02 11:13:29,366 basehttp 13012 22376 "OPTIONS /api/code-review/submissions/639f677e-be9f-4695-aea7-b553987cd8ad/ HTTP/1.1" 200 0
INFO 2026-08-02 11:13:29,672 basehttp 13012 13248 "DELETE /api/code-review/submissions/639f677e-be9f-4695-aea7-b553987cd8ad/ HTTP/1.1" 204 0
WARNING 2026-08-02 11:13:30,034 basehttp 13012 13248 "GET /api/code-review/submissions/639f677e-be9f-4695-aea7-b553987cd8ad/ HTTP/1.1" 404 55
INFO 2026-08-02 11:13:30,189 basehttp 13012 14460 "GET /api/code-review/stats/ HTTP/1.1" 200 1424
WARNING 2026-08-02 11:13:30,221 basehttp 13012 13248 "GET /api/code-review/submissions/639f677e-be9f-4695-aea7-b553987cd8ad/ HTTP/1.1" 404 55
INFO 2026-08-02 11:13:30,482 basehttp 13012 14460 "GET /api/code-review/stats/ HTTP/1.1" 200 1424
INFO 2026-08-02 11:13:30,978 basehttp 13012 14460 "GET /api/code-review/submissions/ HTTP/1.1" 200 504296
INFO 2026-08-02 11:13:31,772 basehttp 13012 14460 "GET /api/code-review/stats/ HTTP/1.1" 200 1424
INFO 2026-08-02 11:13:32,487 basehttp 13012 14460 "GET /api/code-review/stats/ HTTP/1.1" 200 1424
INFO 2026-08-02 11:13:32,493 basehttp 13012 13248 "GET /api/code-review/submissions/ HTTP/1.1" 200 504296
INFO 2026-08-02 11:13:32,925 basehttp 13012 14460 "GET /api/code-review/submissions/ HTTP/1.1" 200 504296
INFO 2026-08-02 11:13:37,882 basehttp 13012 22376 "OPTIONS /api/code-review/submissions/73c0fded-8ec4-4dd9-ae0c-91375a1f8e0b/ HTTP/1.1" 200 0
INFO 2026-08-02 11:13:38,163 basehttp 13012 14460 "DELETE /api/code-review/submissions/73c0fded-8ec4-4dd9-ae0c-91375a1f8e0b/ HTTP/1.1" 204 0
INFO 2026-08-02 11:13:38,175 basehttp 13012 13248 "GET /api/code-review/submissions/73c0fded-8ec4-4dd9-ae0c-91375a1f8e0b/ HTTP/1.1" 200 17587
INFO 2026-08-02 11:13:38,429 basehttp 13012 14460 "GET /api/code-review/stats/ HTTP/1.1" 200 1417
WARNING 2026-08-02 11:13:38,456 basehttp 13012 13248 "GET /api/code-review/submissions/73c0fded-8ec4-4dd9-ae0c-91375a1f8e0b/ HTTP/1.1" 404 55
INFO 2026-08-02 11:13:38,900 basehttp 13012 13248 "GET /api/code-review/stats/ HTTP/1.1" 200 1417
INFO 2026-08-02 11:13:39,367 basehttp 13012 13248 "GET /api/code-review/submissions/ HTTP/1.1" 200 486708
INFO 2026-08-02 11:13:39,978 basehttp 13012 13248 "GET /api/code-review/stats/ HTTP/1.1" 200 1417
INFO 2026-08-02 11:13:40,325 basehttp 13012 13248 "GET /api/code-review/stats/ HTTP/1.1" 200 1417
INFO 2026-08-02 11:13:40,351 basehttp 13012 14460 "GET /api/code-review/submissions/ HTTP/1.1" 200 486708
INFO 2026-08-02 11:13:40,676 basehttp 13012 13248 "GET /api/code-review/submissions/ HTTP/1.1" 200 486708
INFO 2026-08-02 11:13:48,249 basehttp 13012 22376 "OPTIONS /api/code-review/submissions/a1ee15a7-47cd-4f44-a191-03f88c8dfee5/ HTTP/1.1" 200 0
INFO 2026-08-02 11:13:48,634 basehttp 13012 13248 "DELETE /api/code-review/submissions/a1ee15a7-47cd-4f44-a191-03f88c8dfee5/ HTTP/1.1" 204 0
WARNING 2026-08-02 11:13:48,778 basehttp 13012 13248 "GET /api/code-review/submissions/a1ee15a7-47cd-4f44-a191-03f88c8dfee5/ HTTP/1.1" 404 55
INFO 2026-08-02 11:13:48,917 basehttp 13012 14460 "GET /api/code-review/stats/ HTTP/1.1" 200 1415
WARNING 2026-08-02 11:13:48,957 basehttp 13012 13248 "GET /api/code-review/submissions/a1ee15a7-47cd-4f44-a191-03f88c8dfee5/ HTTP/1.1" 404 55
INFO 2026-08-02 11:13:49,321 basehttp 13012 14460 "GET /api/code-review/stats/ HTTP/1.1" 200 1415
INFO 2026-08-02 11:13:49,752 basehttp 13012 14460 "GET /api/code-review/submissions/ HTTP/1.1" 200 464145
INFO 2026-08-02 11:13:50,490 basehttp 13012 14460 "GET /api/code-review/stats/ HTTP/1.1" 200 1415
INFO 2026-08-02 11:13:51,334 basehttp 13012 13248 "GET /api/code-review/submissions/ HTTP/1.1" 200 464145
INFO 2026-08-02 11:13:51,349 basehttp 13012 14460 "GET /api/code-review/stats/ HTTP/1.1" 200 1415
INFO 2026-08-02 11:13:51,866 basehttp 13012 14460 "GET /api/code-review/submissions/ HTTP/1.1" 200 464145
INFO 2026-08-02 11:13:58,606 basehttp 13012 8900 "OPTIONS /api/code-review/submissions/d933e01c-7574-4b7c-9e51-aedec141611a/ HTTP/1.1" 200 0
INFO 2026-08-02 11:13:58,608 basehttp 13012 22376 "OPTIONS /api/code-review/submissions/d933e01c-7574-4b7c-9e51-aedec141611a/ HTTP/1.1" 200 0
INFO 2026-08-02 11:13:58,845 basehttp 13012 14460 "GET /api/code-review/submissions/d933e01c-7574-4b7c-9e51-aedec141611a/ HTTP/1.1" 200 133557
INFO 2026-08-02 11:13:59,017 basehttp 13012 13248 "GET /api/code-review/submissions/d933e01c-7574-4b7c-9e51-aedec141611a/ HTTP/1.1" 200 133557
INFO 2026-08-02 11:16:27,291 basehttp 13012 8900 "OPTIONS /api/code-review/languages/ HTTP/1.1" 200 0
INFO 2026-08-02 11:16:27,292 basehttp 13012 22376 "OPTIONS /api/code-review/languages/ HTTP/1.1" 200 0
INFO 2026-08-02 11:16:27,486 basehttp 13012 13248 "GET /api/code-review/languages/ HTTP/1.1" 200 1587
INFO 2026-08-02 11:16:27,657 basehttp 13012 13248 "GET /api/code-review/languages/ HTTP/1.1" 200 1587
INFO 2026-08-02 11:16:44,804 basehttp 13012 13248 "POST /api/code-review/submissions/ HTTP/1.1" 201 21229
INFO 2026-08-02 11:16:44,814 basehttp 13012 22376 "OPTIONS /api/code-review/initiate-review/ HTTP/1.1" 200 0
INFO 2026-08-02 11:16:45,151 basehttp 13012 13248 "POST /api/code-review/initiate-review/ HTTP/1.1" 200 27280
INFO 2026-08-02 11:16:48,775 basehttp 13012 13248 "GET /api/code-review/stats/ HTTP/1.1" 200 1419
INFO 2026-08-02 11:16:49,294 basehttp 13012 13248 "GET /api/code-review/stats/ HTTP/1.1" 200 1419
INFO 2026-08-02 11:16:49,422 basehttp 13012 14460 "GET /api/code-review/submissions/ HTTP/1.1" 200 525176
INFO 2026-08-02 11:16:49,796 basehttp 13012 13248 "GET /api/code-review/submissions/ HTTP/1.1" 200 525176
INFO 2026-08-02 11:16:53,238 basehttp 13012 22376 "OPTIONS /api/code-review/submissions/1f05bc04-ad17-44df-a81a-baaa609e2262/ HTTP/1.1" 200 0
INFO 2026-08-02 11:16:53,240 basehttp 13012 8900 "OPTIONS /api/code-review/submissions/1f05bc04-ad17-44df-a81a-baaa609e2262/ HTTP/1.1" 200 0
INFO 2026-08-02 11:16:53,584 basehttp 13012 13248 "GET /api/code-review/submissions/1f05bc04-ad17-44df-a81a-baaa609e2262/ HTTP/1.1" 200 61030
INFO 2026-08-02 11:16:53,793 basehttp 13012 13248 "GET /api/code-review/submissions/1f05bc04-ad17-44df-a81a-baaa609e2262/ HTTP/1.1" 200 61030
INFO 2026-08-02 11:22:57,548 autoreload 13012 17144 C:\ai-code-review-platform\backend\code_review\views.py changed, reloading.
INFO 2026-08-02 11:23:02,627 autoreload 4412 12248 Watching for file changes with StatReloader
INFO 2026-08-02 11:25:12,824 autoreload 4412 12248 C:\ai-code-review-platform\backend\code_review\views.py changed, reloading.
INFO 2026-08-02 11:25:16,600 autoreload 7516 8308 Watching for file changes with StatReloader
INFO 2026-08-02 11:27:36,844 autoreload 7516 8308 C:\ai-code-review-platform\backend\code_review\views.py changed, reloading.
INFO 2026-08-02 11:27:40,963 autoreload 6132 11728 Watching for file changes with StatReloader
INFO 2026-08-02 11:30:13,501 autoreload 6132 11728 C:\ai-code-review-platform\backend\code_review\views.py changed, reloading.
INFO 2026-08-02 11:30:16,804 autoreload 14080 18728 Watching for file changes with StatReloader
INFO 2026-08-02 12:04:45,968 autoreload 11452 6796 Watching for file changes with StatReloader
INFO 2026-08-02 12:06:32,319 autoreload 11452 6796 C:\ai-code-review-platform\backend\code_review\views.py changed, reloading.
INFO 2026-08-02 12:06:33,923 autoreload 13936 25036 Watching for file changes with StatReloader
INFO 2026-08-02 12:06:39,270 autoreload 13936 25036 C:\ai-code-review-platform\backend\code_review\views.py changed, reloading.
INFO 2026-08-02 12:06:40,856 autoreload 8024 22944 Watching for file changes with StatReloader
INFO 2026-08-02 12:07:37,322 autoreload 8024 22944 C:\ai-code-review-platform\backend\code_review\views.py changed, reloading.
INFO 2026-08-02 12:07:38,889 autoreload 15608 5596 Watching for file changes with StatReloader
INFO 2026-08-02 12:07:40,827 autoreload 15608 5596 C:\ai-code-review-platform\backend\code_review\views.py changed, reloading.
INFO 2026-08-02 12:07:42,208 autoreload 21240 24160 Watching for file changes with StatReloader
INFO 2026-08-02 12:07:55,269 autoreload 21240 24160 C:\ai-code-review-platform\backend\code_review\views.py changed, reloading.
INFO 2026-08-02 12:07:56,719 autoreload 11344 3344 Watching for file changes with StatReloader
INFO 2026-08-02 12:10:25,216 autoreload 11344 3344 C:\ai-code-review-platform\backend\code_review\views.py changed, reloading.
INFO 2026-08-02 12:10:26,866 autoreload 10092 19628 Watching for file changes with StatReloader
INFO 2026-08-02 12:13:50,003 autoreload 10092 19628 C:\ai-code-review-platform\backend\code_review\views.py changed, reloading.
INFO 2026-08-02 12:13:52,137 autoreload 24844 18132 Watching for file changes with StatReloader
INFO 2026-08-02 12:14:12,235 autoreload 10336 19924 Watching for file changes with StatReloader
INFO 2026-08-02 12:16:01,926 autoreload 10336 19924 C:\ai-code-review-platform\backend\code_review\views.py changed, reloading.
INFO 2026-08-02 12:16:03,539 autoreload 11356 22896 Watching for file changes with StatReloader
INFO 2026-08-02 12:18:41,136 autoreload 11356 22896 C:\ai-code-review-platform\backend\code_review\views.py changed, reloading.
INFO 2026-08-02 12:18:42,698 autoreload 25060 24800 Watching for file changes with StatReloader
INFO 2026-08-02 12:18:59,258 autoreload 25060 24800 C:\ai-code-review-platform\backend\code_review\views.py changed, reloading.
INFO 2026-08-02 12:19:00,932 autoreload 20200 2804 Watching for file changes with StatReloader
INFO 2026-08-02 12:19:07,175 autoreload 20200 2804 C:\ai-code-review-platform\backend\code_review\views.py changed, reloading.
INFO 2026-08-02 12:19:08,685 autoreload 2444 17552 Watching for file changes with StatReloader
INFO 2026-08-02 12:19:10,627 autoreload 2444 17552 C:\ai-code-review-platform\backend\code_review\views.py changed, reloading.
INFO 2026-08-02 12:19:12,098 autoreload 13536 6352 Watching for file changes with StatReloader
INFO 2026-08-02 12:21:16,366 autoreload 13536 6352 C:\ai-code-review-platform\backend\code_review\views.py changed, reloading.
INFO 2026-08-02 12:21:17,586 autoreload 4820 2244 Watching for file changes with StatReloader
INFO 2026-08-02 12:21:37,776 autoreload 20692 19576 Watching for file changes with StatReloader
INFO 2026-08-02 12:22:47,123 autoreload 20692 19576 C:\ai-code-review-platform\backend\code_review\views.py changed, reloading.
INFO 2026-08-02 12:22:48,843 autoreload 12748 9040 Watching for file changes with StatReloader
INFO 2026-08-02 12:22:59,806 autoreload 12748 9040 C:\ai-code-review-platform\backend\code_review\views.py changed, reloading.
INFO 2026-08-02 12:23:01,143 autoreload 18836 10012 Watching for file changes with StatReloader
INFO 2026-08-02 12:23:21,130 autoreload 18836 10012 C:\ai-code-review-platform\backend\code_review\views.py changed, reloading.
INFO 2026-08-02 12:23:22,501 autoreload 10800 3208 Watching for file changes with StatReloader
INFO 2026-08-02 12:26:24,776 autoreload 10800 3208 C:\ai-code-review-platform\backend\code_review\views.py changed, reloading.
INFO 2026-08-02 12:26:26,473 autoreload 11876 10984 Watching for file changes with StatReloader
INFO 2026-08-02 12:26:57,276 autoreload 11876 10984 C:\ai-code-review-platform\backend\code_review\views.py changed, reloading.
INFO 2026-08-02 12:26:59,319 autoreload 21872 22232 Watching for file changes with StatReloader
INFO 2026-08-02 12:27:11,264 autoreload 21872 22232 C:\ai-code-review-platform\backend\code_review\views.py changed, reloading.
INFO 2026-08-02 12:27:12,495 autoreload 5388 11232 Watching for file changes with StatReloader
INFO 2026-08-02 12:27:14,622 autoreload 5388 11232 C:\ai-code-review-platform\backend\code_review\views.py changed, reloading.
INFO 2026-08-02 12:27:16,178 autoreload 3592 4092 Watching for file changes with StatReloader
INFO 2026-08-02 12:29:15,966 autoreload 3592 4092 C:\ai-code-review-platform\backend\code_review\views.py changed, reloading.
INFO 2026-08-02 12:29:17,345 autoreload 1000 2508 Watching for file changes with StatReloader
INFO 2026-08-02 12:29:35,775 autoreload 1000 2508 C:\ai-code-review-platform\backend\code_review\views.py changed, reloading.
INFO 2026-08-02 12:29:37,203 autoreload 21236 23004 Watching for file changes with StatReloader
INFO 2026-08-02 12:29:41,325 autoreload 21236 23004 C:\ai-code-review-platform\backend\code_review\views.py changed, reloading.
INFO 2026-08-02 12:29:42,791 autoreload 1808 20164 Watching for file changes with StatReloader
INFO 2026-08-02 12:30:55,673 autoreload 1808 20164 C:\ai-code-review-platform\backend\code_review\views.py changed, reloading.
INFO 2026-08-02 12:30:57,025 autoreload 22228 9524 Watching for file changes with StatReloader
INFO 2026-08-02 12:31:04,468 autoreload 22228 9524 C:\ai-code-review-platform\backend\code_review\views.py changed, reloading.
INFO 2026-08-02 12:31:05,862 autoreload 2152 13100 Watching for file changes with StatReloader
INFO 2026-08-02 12:31:36,525 autoreload 2152 13100 C:\ai-code-review-platform\backend\code_review\views.py changed, reloading.
INFO 2026-08-02 12:31:37,969 autoreload 18908 3268 Watching for file changes with StatReloader
INFO 2026-08-02 12:32:48,963 autoreload 18908 3268 C:\ai-code-review-platform\backend\code_review\views.py changed, reloading.
INFO 2026-08-02 12:32:50,162 autoreload 24196 22048 Watching for file changes with StatReloader
INFO 2026-08-02 12:34:07,348 autoreload 24196 22048 C:\ai-code-review-platform\backend\code_review\views.py changed, reloading.
INFO 2026-08-02 12:34:08,642 autoreload 20568 2244 Watching for file changes with StatReloader
INFO 2026-08-02 12:34:11,810 autoreload 20568 2244 C:\ai-code-review-platform\backend\code_review\views.py changed, reloading.
INFO 2026-08-02 12:34:13,264 autoreload 5208 11020 Watching for file changes with StatReloader
INFO 2026-08-02 12:34:35,151 autoreload 5208 11020 C:\ai-code-review-platform\backend\code_review\views.py changed, reloading.
INFO 2026-08-02 12:34:36,594 autoreload 7152 18392 Watching for file changes with StatReloader
INFO 2026-08-02 12:35:25,002 autoreload 7152 18392 C:\ai-code-review-platform\backend\code_review\views.py changed, reloading.
INFO 2026-08-02 12:35:26,545 autoreload 7440 3816 Watching for file changes with StatReloader
INFO 2026-08-02 12:37:02,829 autoreload 7440 3816 C:\ai-code-review-platform\backend\code_review\views.py changed, reloading.
INFO 2026-08-02 12:37:04,474 autoreload 10780 3012 Watching for file changes with StatReloader
INFO 2026-08-02 12:37:07,712 autoreload 10780 3012 C:\ai-code-review-platform\backend\code_review\views.py changed, reloading.
INFO 2026-08-02 12:37:09,064 autoreload 23100 6268 Watching for file changes with StatReloader
INFO 2026-08-02 12:38:20,855 autoreload 23100 6268 C:\ai-code-review-platform\backend\code_review\views.py changed, reloading.
INFO 2026-08-02 12:38:22,302 autoreload 21268 25568 Watching for file changes with StatReloader
INFO 2026-08-02 12:38:42,127 autoreload 21268 25568 C:\ai-code-review-platform\backend\code_review\views.py changed, reloading.
INFO 2026-08-02 12:38:43,571 autoreload 19764 23280 Watching for file changes with StatReloader
INFO 2026-08-02 12:39:06,551 autoreload 19764 23280 C:\ai-code-review-platform\backend\code_review\views.py changed, reloading.
INFO 2026-08-02 12:39:07,824 autoreload 21076 18392 Watching for file changes with StatReloader
INFO 2026-08-02 12:41:53,461 autoreload 21076 18392 C:\ai-code-review-platform\backend\code_review\views.py changed, reloading.
INFO 2026-08-02 12:41:55,749 autoreload 1572 19908 Watching for file changes with StatReloader
INFO 2026-08-02 12:42:02,372 autoreload 1572 19908 C:\ai-code-review-platform\backend\code_review\views.py changed, reloading.
INFO 2026-08-02 12:42:03,736 autoreload 17508 21000 Watching for file changes with StatReloader
INFO 2026-08-02 12:43:34,272 autoreload 17508 21000 C:\ai-code-review-platform\backend\code_review\views.py changed, reloading.
INFO 2026-08-02 12:43:36,015 autoreload 1840 23308 Watching for file changes with StatReloader
INFO 2026-08-02 12:43:44,832 autoreload 1840 23308 C:\ai-code-review-platform\backend\code_review\views.py changed, reloading.
INFO 2026-08-02 12:43:46,227 autoreload 10608 12604 Watching for file changes with StatReloader
INFO 2026-08-02 12:43:59,440 autoreload 10608 12604 C:\ai-code-review-platform\backend\code_review\views.py changed, reloading.
INFO 2026-08-02 12:44:00,885 autoreload 25324 23664 Watching for file changes with StatReloader
INFO 2026-08-02 12:48:47,766 autoreload 25324 23664 C:\ai-code-review-platform\backend\code_review\views.py changed, reloading.
INFO 2026-08-02 12:48:49,615 autoreload 16292 15284 Watching for file changes with StatReloader
INFO 2026-08-02 12:49:46,280 autoreload 20888 5212 Watching for file changes with StatReloader
INFO 2026-08-02 12:55:29,660 autoreload 4472 21240 Watching for file changes with StatReloader
INFO 2026-08-02 12:55:45,023 autoreload 2384 14160 Watching for file changes with StatReloader
INFO 2026-08-02 13:00:14,923 autoreload 312 21288 Watching for file changes with StatReloader
INFO 2026-08-02 13:04:11,099 autoreload 5180 23768 Watching for file changes with StatReloader
INFO 2026-08-02 14:27:31,536 autoreload 25956 13432 Watching for file changes with StatReloader
INFO 2026-08-02 14:28:10,817 basehttp 25956 4080 "OPTIONS /api/accounts/login/ HTTP/1.1" 200 0
INFO 2026-08-02 14:28:13,889 basehttp 25956 15428 "POST /api/accounts/login/ HTTP/1.1" 200 1212
INFO 2026-08-02 14:28:14,614 basehttp 25956 4080 "OPTIONS /api/code-review/stats/ HTTP/1.1" 200 0
INFO 2026-08-02 14:28:14,615 basehttp 25956 26252 "OPTIONS /api/code-review/stats/ HTTP/1.1" 200 0
INFO 2026-08-02 14:28:14,790 basehttp 25956 15428 "GET /api/code-review/stats/ HTTP/1.1" 200 196
INFO 2026-08-02 14:28:14,800 basehttp 25956 26252 "OPTIONS /api/code-review/submissions/ HTTP/1.1" 200 0
INFO 2026-08-02 14:28:14,972 basehttp 25956 15428 "GET /api/code-review/stats/ HTTP/1.1" 200 196
INFO 2026-08-02 14:28:15,225 basehttp 25956 21276 "GET /api/code-review/submissions/ HTTP/1.1" 200 525176
INFO 2026-08-02 14:28:15,526 basehttp 25956 15428 "GET /api/code-review/submissions/ HTTP/1.1" 200 525176
INFO 2026-08-02 14:28:26,667 basehttp 25956 26252 "OPTIONS /api/code-review/languages/ HTTP/1.1" 200 0
INFO 2026-08-02 14:28:26,668 basehttp 25956 4080 "OPTIONS /api/code-review/languages/ HTTP/1.1" 200 0
INFO 2026-08-02 14:28:26,847 basehttp 25956 15428 "GET /api/code-review/languages/ HTTP/1.1" 200 1587
INFO 2026-08-02 14:28:26,981 basehttp 25956 15428 "GET /api/code-review/languages/ HTTP/1.1" 200 1587
INFO 2026-08-02 14:30:28,442 basehttp 25956 15428 "POST /api/code-review/submissions/ HTTP/1.1" 201 21076
INFO 2026-08-02 14:30:28,465 basehttp 25956 4080 "OPTIONS /api/code-review/initiate-review/ HTTP/1.1" 200 0
INFO 2026-08-02 14:30:28,779 basehttp 25956 15428 "POST /api/code-review/initiate-review/ HTTP/1.1" 200 519
INFO 2026-08-02 14:30:32,029 basehttp 25956 15428 "GET /api/code-review/stats/ HTTP/1.1" 200 196
INFO 2026-08-02 14:30:32,284 basehttp 25956 15428 "GET /api/code-review/stats/ HTTP/1.1" 200 196
INFO 2026-08-02 14:30:32,751 basehttp 25956 21276 "GET /api/code-review/submissions/ HTTP/1.1" 200 556803
INFO 2026-08-02 14:30:33,138 basehttp 25956 15428 "GET /api/code-review/submissions/ HTTP/1.1" 200 556803
INFO 2026-08-02 14:30:37,417 basehttp 25956 4080 "OPTIONS /api/code-review/submissions/4a73e7e6-3f9e-47a5-9729-5dcc9917c663/ HTTP/1.1" 200 0
INFO 2026-08-02 14:30:37,418 basehttp 25956 26252 "OPTIONS /api/code-review/submissions/4a73e7e6-3f9e-47a5-9729-5dcc9917c663/ HTTP/1.1" 200 0
INFO 2026-08-02 14:30:37,634 basehttp 25956 15428 "GET /api/code-review/submissions/4a73e7e6-3f9e-47a5-9729-5dcc9917c663/ HTTP/1.1" 200 31626
INFO 2026-08-02 14:30:37,792 basehttp 25956 15428 "GET /api/code-review/submissions/4a73e7e6-3f9e-47a5-9729-5dcc9917c663/ HTTP/1.1" 200 31626
INFO 2026-08-02 14:32:39,824 basehttp 25956 15428 "GET /api/code-review/stats/ HTTP/1.1" 200 196
INFO 2026-08-02 14:32:40,113 basehttp 25956 15428 "GET /api/code-review/stats/ HTTP/1.1" 200 196
INFO 2026-08-02 14:32:40,358 basehttp 25956 21276 "GET /api/code-review/submissions/ HTTP/1.1" 200 556803
INFO 2026-08-02 14:32:40,860 basehttp 25956 15428 "GET /api/code-review/submissions/ HTTP/1.1" 200 556803
INFO 2026-08-02 14:32:42,864 basehttp 25956 15428 "GET /api/code-review/languages/ HTTP/1.1" 200 1587
INFO 2026-08-02 14:32:43,109 basehttp 25956 15428 "GET /api/code-review/languages/ HTTP/1.1" 200 1587
INFO 2026-08-02 14:33:11,164 basehttp 25956 15428 "POST /api/code-review/submissions/ HTTP/1.1" 201 14770
INFO 2026-08-02 14:33:11,444 basehttp 25956 15428 "POST /api/code-review/initiate-review/ HTTP/1.1" 200 468
INFO 2026-08-02 14:33:14,776 basehttp 25956 15428 "GET /api/code-review/stats/ HTTP/1.1" 200 196
INFO 2026-08-02 14:33:15,104 basehttp 25956 15428 "GET /api/code-review/stats/ HTTP/1.1" 200 196
INFO 2026-08-02 14:33:15,302 basehttp 25956 21276 "GET /api/code-review/submissions/ HTTP/1.1" 200 574151
INFO 2026-08-02 14:33:15,708 basehttp 25956 15428 "GET /api/code-review/submissions/ HTTP/1.1" 200 574151
INFO 2026-08-02 14:33:18,821 basehttp 25956 4080 "OPTIONS /api/code-review/submissions/7da82f65-1507-4df3-8948-4d9223b79620/ HTTP/1.1" 200 0
INFO 2026-08-02 14:33:18,822 basehttp 25956 26252 "OPTIONS /api/code-review/submissions/7da82f65-1507-4df3-8948-4d9223b79620/ HTTP/1.1" 200 0
INFO 2026-08-02 14:33:19,091 basehttp 25956 15428 "GET /api/code-review/submissions/7da82f65-1507-4df3-8948-4d9223b79620/ HTTP/1.1" 200 17347
INFO 2026-08-02 14:33:19,349 basehttp 25956 15428 "GET /api/code-review/submissions/7da82f65-1507-4df3-8948-4d9223b79620/ HTTP/1.1" 200 17347
INFO 2026-08-02 14:55:57,013 autoreload 25956 13432 C:\ai-code-review-platform\backend\code_review\views.py changed, reloading.
INFO 2026-08-02 14:56:02,668 autoreload 17000 22520 Watching for file changes with StatReloader
INFO 2026-08-02 14:57:39,250 autoreload 17000 22520 C:\ai-code-review-platform\backend\code_review\views.py changed, reloading.
INFO 2026-08-02 14:57:44,164 autoreload 1324 21828 Watching for file changes with StatReloader
INFO 2026-08-02 14:57:54,019 autoreload 1324 21828 C:\ai-code-review-platform\backend\code_review\views.py changed, reloading.
INFO 2026-08-02 14:57:57,736 autoreload 19764 4532 Watching for file changes with StatReloader
INFO 2026-08-02 15:01:42,415 autoreload 19764 4532 C:\ai-code-review-platform\backend\code_review\views.py changed, reloading.
INFO 2026-08-02 15:01:47,066 autoreload 1344 25248 Watching for file changes with StatReloader
INFO 2026-08-02 15:01:54,395 autoreload 1344 25248 C:\ai-code-review-platform\backend\code_review\views.py changed, reloading.
INFO 2026-08-02 15:01:57,295 autoreload 7536 25820 Watching for file changes with StatReloader
INFO 2026-08-02 15:02:09,468 autoreload 7536 25820 C:\ai-code-review-platform\backend\code_review\views.py changed, reloading.
INFO 2026-08-02 15:02:13,694 autoreload 12664 2700 Watching for file changes with StatReloader
INFO 2026-08-02 15:02:51,639 autoreload 22040 25308 Watching for file changes with StatReloader
INFO 2026-08-02 15:03:48,106 autoreload 22040 25308 C:\ai-code-review-platform\backend\code_review\views.py changed, reloading.
INFO 2026-08-02 15:03:53,307 autoreload 12448 2724 Watching for file changes with StatReloader
INFO 2026-08-02 15:07:16,559 autoreload 12448 2724 C:\ai-code-review-platform\backend\code_review\views.py changed, reloading.
INFO 2026-08-02 15:07:20,329 autoreload 17136 2020 Watching for file changes with StatReloader
INFO 2026-08-02 15:07:52,875 autoreload 17136 2020 C:\ai-code-review-platform\backend\code_review\views.py changed, reloading.
INFO 2026-08-02 15:07:57,149 autoreload 26524 16208 Watching for file changes with StatReloader
INFO 2026-08-02 15:08:03,427 autoreload 26524 16208 C:\ai-code-review-platform\backend\code_review\views.py changed, reloading.
INFO 2026-08-02 15:08:06,763 autoreload 17324 7196 Watching for file changes with StatReloader
INFO 2026-08-02 15:08:10,044 autoreload 17324 7196 C:\ai-code-review-platform\backend\code_review\views.py changed, reloading.
INFO 2026-08-02 15:08:14,081 autoreload 18152 4076 Watching for file changes with StatReloader
INFO 2026-08-02 15:08:21,082 autoreload 18152 4076 C:\ai-code-review-platform\backend\code_review\views.py changed, reloading.
INFO 2026-08-02 15:08:24,724 autoreload 15000 6852 Watching for file changes with StatReloader
INFO 2026-08-02 15:08:50,030 autoreload 15000 6852 C:\ai-code-review-platform\backend\code_review\views.py changed, reloading.
INFO 2026-08-02 15:08:53,373 autoreload 21808 14360 Watching for file changes with StatReloader
INFO 2026-08-02 15:09:06,422 autoreload 21808 14360 C:\ai-code-review-platform\backend\code_review\views.py changed, reloading.
INFO 2026-08-02 15:09:09,655 autoreload 15068 25996 Watching for file changes with StatReloader
INFO 2026-08-02 15:10:10,993 autoreload 15068 25996 C:\ai-code-review-platform\backend\code_review\views.py changed, reloading.
INFO 2026-08-02 15:10:15,749 autoreload 21424 20088 Watching for file changes with StatReloader
INFO 2026-08-02 15:10:54,405 autoreload 21424 20088 C:\ai-code-review-platform\backend\code_review\views.py changed, reloading.
INFO 2026-08-02 15:10:57,944 autoreload 10412 25668 Watching for file changes with StatReloader
INFO 2026-08-02 15:11:02,687 autoreload 10412 25668 C:\ai-code-review-platform\backend\code_review\views.py changed, reloading.
INFO 2026-08-02 15:11:06,628 autoreload 18624 26508 Watching for file changes with StatReloader
INFO 2026-08-02 15:14:16,204 autoreload 18624 26508 C:\ai-code-review-platform\backend\code_review\views.py changed, reloading.
INFO 2026-08-02 15:14:20,100 autoreload 20716 24972 Watching for file changes with StatReloader
INFO 2026-08-02 15:14:24,847 autoreload 20716 24972 C:\ai-code-review-platform\backend\code_review\views.py changed, reloading.
INFO 2026-08-02 15:14:28,414 autoreload 7068 16772 Watching for file changes with StatReloader
INFO 2026-08-02 15:14:31,808 autoreload 7068 16772 C:\ai-code-review-platform\backend\code_review\views.py changed, reloading.
INFO 2026-08-02 15:14:36,574 autoreload 14976 12080 Watching for file changes with StatReloader
INFO 2026-08-02 15:15:09,020 autoreload 3244 13132 Watching for file changes with StatReloader
INFO 2026-08-02 15:16:25,396 autoreload 3244 13132 C:\ai-code-review-platform\backend\code_review\views.py changed, reloading.
INFO 2026-08-02 15:16:28,837 autoreload 2448 8480 Watching for file changes with StatReloader
INFO 2026-08-02 15:16:46,285 autoreload 25640 5648 Watching for file changes with StatReloader
INFO 2026-08-02 15:17:26,301 basehttp 25640 16200 "POST /api/accounts/login/ HTTP/1.1" 200 1212
INFO 2026-08-02 15:17:27,154 basehttp 25640 16200 "GET /api/code-review/stats/ HTTP/1.1" 200 876
INFO 2026-08-02 15:17:27,382 basehttp 25640 16200 "GET /api/code-review/stats/ HTTP/1.1" 200 876
INFO 2026-08-02 15:17:27,607 basehttp 25640 11112 "GET /api/code-review/submissions/ HTTP/1.1" 200 574151
INFO 2026-08-02 15:17:28,072 basehttp 25640 16200 "GET /api/code-review/submissions/ HTTP/1.1" 200 574151
INFO 2026-08-02 15:17:32,459 basehttp 25640 16200 "GET /api/code-review/languages/ HTTP/1.1" 200 1587
INFO 2026-08-02 15:17:32,671 basehttp 25640 16200 "GET /api/code-review/languages/ HTTP/1.1" 200 1587
INFO 2026-08-02 15:25:26,341 autoreload 1488 11696 Watching for file changes with StatReloader
INFO 2026-08-02 15:33:32,706 autoreload 1488 11696 C:\ai-code-review-platform\backend\code_review\views.py changed, reloading.
INFO 2026-08-02 15:33:36,724 autoreload 26208 16612 Watching for file changes with StatReloader
INFO 2026-08-02 15:33:40,331 autoreload 26208 16612 C:\ai-code-review-platform\backend\code_review\views.py changed, reloading.
INFO 2026-08-02 15:33:44,273 autoreload 6352 3844 Watching for file changes with StatReloader
INFO 2026-08-02 15:33:54,794 autoreload 6352 3844 C:\ai-code-review-platform\backend\code_review\views.py changed, reloading.
INFO 2026-08-02 15:33:59,068 autoreload 5512 10644 Watching for file changes with StatReloader
INFO 2026-08-02 15:35:21,484 basehttp 5512 15980 "POST /api/accounts/login/ HTTP/1.1" 200 1212
INFO 2026-08-02 15:35:22,410 basehttp 5512 15980 "GET /api/code-review/stats/ HTTP/1.1" 200 2215
INFO 2026-08-02 15:35:22,642 basehttp 5512 15980 "GET /api/code-review/stats/ HTTP/1.1" 200 2215
INFO 2026-08-02 15:35:22,896 basehttp 5512 19476 "GET /api/code-review/submissions/ HTTP/1.1" 200 574151
INFO 2026-08-02 15:35:23,285 basehttp 5512 15980 "GET /api/code-review/submissions/ HTTP/1.1" 200 574151
INFO 2026-08-02 15:35:26,760 basehttp 5512 15980 "GET /api/code-review/languages/ HTTP/1.1" 200 1587
INFO 2026-08-02 15:35:27,050 basehttp 5512 15980 "GET /api/code-review/languages/ HTTP/1.1" 200 1587
INFO 2026-08-02 15:47:06,371 autoreload 19068 19612 Watching for file changes with StatReloader
INFO 2026-08-02 15:47:27,068 basehttp 19068 8460 "POST /api/accounts/login/ HTTP/1.1" 200 1212
INFO 2026-08-02 15:47:27,821 basehttp 19068 8460 "GET /api/code-review/stats/ HTTP/1.1" 200 2215
INFO 2026-08-02 15:47:28,010 basehttp 19068 8460 "GET /api/code-review/stats/ HTTP/1.1" 200 2215
INFO 2026-08-02 15:47:28,214 basehttp 19068 23320 "GET /api/code-review/submissions/ HTTP/1.1" 200 574151
INFO 2026-08-02 15:47:28,591 basehttp 19068 8460 "GET /api/code-review/submissions/ HTTP/1.1" 200 574151
INFO 2026-08-02 15:47:31,787 basehttp 19068 8460 "GET /api/code-review/languages/ HTTP/1.1" 200 1587
INFO 2026-08-02 15:47:31,966 basehttp 19068 8460 "GET /api/code-review/languages/ HTTP/1.1" 200 1587
INFO 2026-08-02 16:00:50,018 autoreload 19068 19612 C:\ai-code-review-platform\backend\code_review\views.py changed, reloading.
INFO 2026-08-02 16:00:53,306 autoreload 9628 4200 Watching for file changes with StatReloader
INFO 2026-08-02 16:21:46,488 autoreload 9628 4200 C:\ai-code-review-platform\backend\code_review\urls.py changed, reloading.
INFO 2026-08-02 16:21:51,060 autoreload 16184 25496 Watching for file changes with StatReloader
INFO 2026-08-02 16:24:45,907 autoreload 16184 25496 C:\ai-code-review-platform\backend\accounts\views.py changed, reloading.
INFO 2026-08-02 16:24:49,732 autoreload 22504 26476 Watching for file changes with StatReloader
INFO 2026-08-02 16:24:52,856 autoreload 22504 26476 C:\ai-code-review-platform\backend\accounts\views.py changed, reloading.
INFO 2026-08-02 16:24:56,680 autoreload 6100 14300 Watching for file changes with StatReloader
INFO 2026-08-02 16:25:01,164 autoreload 6100 14300 C:\ai-code-review-platform\backend\accounts\views.py changed, reloading.
INFO 2026-08-02 16:25:04,938 autoreload 1252 24812 Watching for file changes with StatReloader
INFO 2026-08-02 16:25:11,036 autoreload 1252 24812 C:\ai-code-review-platform\backend\accounts\views.py changed, reloading.
INFO 2026-08-02 16:25:15,110 autoreload 25060 12088 Watching for file changes with StatReloader
INFO 2026-08-02 16:25:35,854 autoreload 25060 12088 C:\ai-code-review-platform\backend\accounts\views.py changed, reloading.
INFO 2026-08-02 16:25:39,010 autoreload 26572 1744 Watching for file changes with StatReloader
INFO 2026-08-02 16:39:40,600 autoreload 26572 1744 C:\ai-code-review-platform\backend\accounts\views.py changed, reloading.
INFO 2026-08-02 16:39:43,491 autoreload 11848 16324 Watching for file changes with StatReloader
INFO 2026-08-02 16:39:57,692 autoreload 11020 25784 Watching for file changes with StatReloader
INFO 2026-08-02 16:43:46,604 autoreload 11020 25784 C:\ai-code-review-platform\backend\accounts\views.py changed, reloading.
INFO 2026-08-02 16:43:50,645 autoreload 20948 9596 Watching for file changes with StatReloader
INFO 2026-08-02 16:43:56,187 autoreload 20948 9596 C:\ai-code-review-platform\backend\accounts\views.py changed, reloading.
INFO 2026-08-02 16:44:00,779 autoreload 17188 17440 Watching for file changes with StatReloader
INFO 2026-08-02 16:44:27,715 autoreload 21552 11996 Watching for file changes with StatReloader
INFO 2026-08-02 16:45:16,025 autoreload 21552 11996 C:\ai-code-review-platform\backend\code_review\views.py changed, reloading.
INFO 2026-08-02 16:45:19,933 autoreload 17696 22408 Watching for file changes with StatReloader
INFO 2026-08-02 16:45:23,248 autoreload 17696 22408 C:\ai-code-review-platform\backend\code_review\views.py changed, reloading.
INFO 2026-08-02 16:45:27,136 autoreload 4784 17824 Watching for file changes with StatReloader
INFO 2026-08-02 16:45:30,873 autoreload 4784 17824 C:\ai-code-review-platform\backend\code_review\views.py changed, reloading.
INFO 2026-08-02 16:45:34,630 autoreload 4660 2504 Watching for file changes with StatReloader
INFO 2026-08-02 16:46:29,283 autoreload 4660 2504 C:\ai-code-review-platform\backend\code_review\views.py changed, reloading.
INFO 2026-08-02 16:46:32,970 autoreload 18936 14480 Watching for file changes with StatReloader
INFO 2026-08-02 16:48:31,017 autoreload 18936 14480 C:\ai-code-review-platform\backend\code_review\views.py changed, reloading.
INFO 2026-08-02 16:48:34,575 autoreload 13648 11256 Watching for file changes with StatReloader
INFO 2026-08-02 16:49:13,980 autoreload 13648 11256 C:\ai-code-review-platform\backend\code_review\views.py changed, reloading.
INFO 2026-08-02 16:49:18,201 autoreload 12476 25844 Watching for file changes with StatReloader
INFO 2026-08-02 16:49:21,492 autoreload 12476 25844 C:\ai-code-review-platform\backend\code_review\views.py changed, reloading.
INFO 2026-08-02 16:49:25,203 autoreload 13096 16244 Watching for file changes with StatReloader
INFO 2026-08-02 16:49:53,420 autoreload 13096 16244 C:\ai-code-review-platform\backend\code_review\views.py changed, reloading.
INFO 2026-08-02 16:49:56,787 autoreload 6668 21296 Watching for file changes with StatReloader
INFO 2026-08-02 16:50:02,040 autoreload 6668 21296 C:\ai-code-review-platform\backend\code_review\views.py changed, reloading.
INFO 2026-08-02 16:50:05,619 autoreload 11848 12876 Watching for file changes with StatReloader
INFO 2026-08-02 16:50:10,988 autoreload 11848 12876 C:\ai-code-review-platform\backend\code_review\views.py changed, reloading.
INFO 2026-08-02 16:50:14,855 autoreload 25532 22680 Watching for file changes with StatReloader
INFO 2026-08-02 16:50:27,570 autoreload 25532 22680 C:\ai-code-review-platform\backend\code_review\views.py changed, reloading.
INFO 2026-08-02 16:50:31,012 autoreload 21676 25764 Watching for file changes with StatReloader
INFO 2026-08-02 16:52:19,812 autoreload 21676 25764 C:\ai-code-review-platform\backend\code_review\views.py changed, reloading.
INFO 2026-08-02 16:52:22,802 autoreload 4684 25496 Watching for file changes with StatReloader
INFO 2026-08-02 17:08:06,268 basehttp 4684 22380 "OPTIONS /api/accounts/login/ HTTP/1.1" 200 0
INFO 2026-08-02 17:08:09,421 basehttp 4684 20840 "POST /api/accounts/login/ HTTP/1.1" 200 1212
INFO 2026-08-02 17:08:10,044 basehttp 4684 2980 "OPTIONS /api/code-review/stats/ HTTP/1.1" 200 0
INFO 2026-08-02 17:08:10,045 basehttp 4684 22380 "OPTIONS /api/code-review/stats/ HTTP/1.1" 200 0
INFO 2026-08-02 17:08:10,246 basehttp 4684 20840 "GET /api/code-review/stats/ HTTP/1.1" 200 2215
INFO 2026-08-02 17:08:10,258 basehttp 4684 22380 "OPTIONS /api/code-review/submissions/ HTTP/1.1" 200 0
INFO 2026-08-02 17:08:10,446 basehttp 4684 20840 "GET /api/code-review/stats/ HTTP/1.1" 200 2215
INFO 2026-08-02 17:08:10,684 basehttp 4684 23276 "GET /api/code-review/submissions/ HTTP/1.1" 200 574151
INFO 2026-08-02 17:08:11,065 basehttp 4684 20840 "GET /api/code-review/submissions/ HTTP/1.1" 200 574151
INFO 2026-08-02 17:09:03,193 basehttp 4684 22380 "OPTIONS /api/code-review/languages/ HTTP/1.1" 200 0
INFO 2026-08-02 17:09:03,194 basehttp 4684 2980 "OPTIONS /api/code-review/languages/ HTTP/1.1" 200 0
INFO 2026-08-02 17:09:03,419 basehttp 4684 20840 "GET /api/code-review/languages/ HTTP/1.1" 200 1587
INFO 2026-08-02 17:09:03,672 basehttp 4684 20840 "GET /api/code-review/languages/ HTTP/1.1" 200 1587
INFO 2026-08-02 17:09:32,787 basehttp 4684 20840 "GET /api/code-review/languages/ HTTP/1.1" 200 1587
INFO 2026-08-02 17:09:49,428 basehttp 4684 20840 "POST /api/code-review/submissions/ HTTP/1.1" 201 1735
INFO 2026-08-02 17:09:49,447 basehttp 4684 2980 "OPTIONS /api/code-review/initiate-review/ HTTP/1.1" 200 0
WARNING 2026-08-02 17:09:49,658 basehttp 4684 20840 "POST /api/code-review/initiate-review/ HTTP/1.1" 404 8016
INFO 2026-08-02 17:09:52,951 basehttp 4684 20840 "GET /api/code-review/stats/ HTTP/1.1" 200 2215
INFO 2026-08-02 17:09:53,263 basehttp 4684 20840 "GET /api/code-review/stats/ HTTP/1.1" 200 2215
INFO 2026-08-02 17:09:53,473 basehttp 4684 23276 "GET /api/code-review/submissions/ HTTP/1.1" 200 575778
INFO 2026-08-02 17:09:53,848 basehttp 4684 20840 "GET /api/code-review/submissions/ HTTP/1.1" 200 575778
INFO 2026-08-02 17:10:47,960 basehttp 4684 26396 "OPTIONS /api/accounts/profile/ HTTP/1.1" 200 0
INFO 2026-08-02 17:10:47,961 basehttp 4684 2952 "OPTIONS /api/accounts/profile/ HTTP/1.1" 200 0
INFO 2026-08-02 17:10:47,977 basehttp 4684 15664 "OPTIONS /api/accounts/profile/ HTTP/1.1" 200 0
WARNING 2026-08-02 17:10:47,977 basehttp 4684 26396 "GET /api/accounts/profile/ HTTP/1.1" 401 183
WARNING 2026-08-02 17:10:47,986 basehttp 4684 26396 "GET /api/accounts/profile/ HTTP/1.1" 401 183
WARNING 2026-08-02 17:10:47,995 basehttp 4684 26396 "GET /api/accounts/profile/ HTTP/1.1" 401 183
WARNING 2026-08-02 17:10:48,003 basehttp 4684 26396 "GET /api/accounts/profile/ HTTP/1.1" 401 183
INFO 2026-08-02 17:13:34,478 basehttp 4684 26396 "OPTIONS /api/accounts/login/ HTTP/1.1" 200 0
WARNING 2026-08-02 17:13:34,491 basehttp 4684 26396 "POST /api/accounts/login/ HTTP/1.1" 401 183
WARNING 2026-08-02 17:14:41,107 basehttp 4684 26396 "POST /api/accounts/login/ HTTP/1.1" 401 183
WARNING 2026-08-02 17:14:49,616 basehttp 4684 26396 "POST /api/accounts/login/ HTTP/1.1" 401 183
INFO 2026-08-02 17:16:02,463 autoreload 17596 16708 Watching for file changes with StatReloader
WARNING 2026-08-02 17:16:20,130 basehttp 17596 8736 "POST /api/accounts/login/ HTTP/1.1" 401 183
WARNING 2026-08-02 17:21:22,330 basehttp 17596 13288 "POST /api/accounts/login/ HTTP/1.1" 401 183
INFO 2026-08-02 17:23:54,051 autoreload 22732 5716 Watching for file changes with StatReloader
WARNING 2026-08-02 17:24:33,056 basehttp 22732 6172 "POST /api/accounts/login/ HTTP/1.1" 401 183
WARNING 2026-08-02 17:24:42,993 basehttp 22732 6172 "POST /api/accounts/login/ HTTP/1.1" 401 183
WARNING 2026-08-02 17:26:03,206 basehttp 22732 6172 "POST /api/accounts/login/ HTTP/1.1" 401 183
WARNING 2026-08-02 17:26:35,225 basehttp 22732 6172 "POST /api/accounts/login/ HTTP/1.1" 401 183
INFO 2026-08-02 17:30:48,374 autoreload 26152 24932 Watching for file changes with StatReloader
WARNING 2026-08-02 17:31:04,493 basehttp 26152 20248 "POST /api/accounts/login/ HTTP/1.1" 401 183
INFO 2026-08-02 17:31:19,778 autoreload 26152 24932 C:\ai-code-review-platform\backend\accounts\views.py changed, reloading.
INFO 2026-08-02 17:31:25,643 autoreload 2112 22996 Watching for file changes with StatReloader
INFO 2026-08-02 17:31:33,400 autoreload 2112 22996 C:\ai-code-review-platform\backend\accounts\views.py changed, reloading.
INFO 2026-08-02 17:31:39,362 autoreload 15976 19088 Watching for file changes with StatReloader
INFO 2026-08-02 17:32:39,781 autoreload 15976 19088 C:\ai-code-review-platform\backend\accounts\serializers.py changed, reloading.
INFO 2026-08-02 17:32:43,476 autoreload 23280 19104 Watching for file changes with StatReloader
INFO 2026-08-02 17:32:51,649 autoreload 23280 19104 C:\ai-code-review-platform\backend\accounts\serializers.py changed, reloading.
INFO 2026-08-02 17:32:55,281 autoreload 26088 17904 Watching for file changes with StatReloader
INFO 2026-08-02 17:34:08,337 autoreload 26088 17904 C:\ai-code-review-platform\backend\accounts\serializers.py changed, reloading.
INFO 2026-08-02 17:34:12,889 autoreload 10428 17808 Watching for file changes with StatReloader
INFO 2026-08-02 17:34:25,926 autoreload 10428 17808 C:\ai-code-review-platform\backend\accounts\serializers.py changed, reloading.
INFO 2026-08-02 17:34:30,073 autoreload 13348 21256 Watching for file changes with StatReloader
INFO 2026-08-02 17:36:29,951 autoreload 13348 21256 C:\ai-code-review-platform\backend\accounts\views.py changed, reloading.
INFO 2026-08-02 17:36:33,876 autoreload 2568 19564 Watching for file changes with StatReloader
INFO 2026-08-02 17:37:00,138 autoreload 2568 19564 C:\ai-code-review-platform\backend\accounts\urls.py changed, reloading.
INFO 2026-08-02 17:37:03,884 autoreload 26480 21176 Watching for file changes with StatReloader
WARNING 2026-08-02 17:37:55,344 basehttp 26480 23284 "POST /api/accounts/login/ HTTP/1.1" 401 183
INFO 2026-08-02 17:39:24,711 autoreload 26480 21176 C:\ai-code-review-platform\backend\accounts\views.py changed, reloading.
INFO 2026-08-02 17:39:28,769 autoreload 22148 15568 Watching for file changes with StatReloader
WARNING 2026-08-02 17:40:43,006 basehttp 22148 15936 "POST /api/accounts/login/ HTTP/1.1" 401 183
WARNING 2026-08-02 17:40:48,473 basehttp 22148 15936 "POST /api/accounts/login/ HTTP/1.1" 401 183
WARNING 2026-08-02 17:40:50,756 basehttp 22148 15936 "POST /api/accounts/login/ HTTP/1.1" 401 183
WARNING 2026-08-02 17:40:51,806 basehttp 22148 15936 "POST /api/accounts/login/ HTTP/1.1" 401 183
WARNING 2026-08-02 17:43:46,943 basehttp 22148 4980 "POST /api/accounts/login/ HTTP/1.1" 401 103
INFO 2026-08-02 17:44:18,200 autoreload 1548 17712 Watching for file changes with StatReloader
WARNING 2026-08-02 17:44:31,189 basehttp 1548 12648 "POST /api/accounts/login/ HTTP/1.1" 401 103
INFO 2026-08-02 17:45:30,353 autoreload 16868 20932 Watching for file changes with StatReloader
INFO 2026-08-02 17:45:44,922 basehttp 16868 13568 "OPTIONS /api/accounts/login/ HTTP/1.1" 200 0
WARNING 2026-08-02 17:45:51,677 basehttp 16868 9032 "POST /api/accounts/login/ HTTP/1.1" 401 103
INFO 2026-08-02 17:48:03,440 autoreload 20208 25356 Watching for file changes with StatReloader
WARNING 2026-08-02 17:48:30,204 basehttp 20208 12784 "POST /api/accounts/login/ HTTP/1.1" 401 103
INFO 2026-08-02 17:49:00,388 basehttp 20208 12784 "POST /api/accounts/login/ HTTP/1.1" 200 784
WARNING 2026-08-02 17:49:27,002 basehttp 20208 14112 "POST /api/accounts/login/ HTTP/1.1" 401 103
INFO 2026-08-02 17:49:27,030 basehttp 20208 25904 "OPTIONS /api/accounts/refresh/ HTTP/1.1" 200 0
INFO 2026-08-02 17:49:27,047 basehttp 20208 25904 "POST /api/accounts/refresh/ HTTP/1.1" 200 309
WARNING 2026-08-02 17:49:32,625 basehttp 20208 14112 "POST /api/accounts/login/ HTTP/1.1" 401 103
INFO 2026-08-02 17:49:47,034 basehttp 20208 14112 "POST /api/accounts/login/ HTTP/1.1" 200 784
INFO 2026-08-02 17:51:12,147 basehttp 20208 25904 "OPTIONS /api/accounts/profile/ HTTP/1.1" 200 0
INFO 2026-08-02 17:51:12,359 basehttp 20208 14112 "GET /api/accounts/profile/ HTTP/1.1" 200 387
INFO 2026-08-02 17:51:12,559 basehttp 20208 14112 "GET /api/accounts/profile/ HTTP/1.1" 200 387
INFO 2026-08-02 17:51:36,574 basehttp 20208 14112 "POST /api/accounts/login/ HTTP/1.1" 200 784
INFO 2026-08-02 17:55:44,971 basehttp 20208 14112 "POST /api/accounts/login/ HTTP/1.1" 200 784
INFO 2026-08-02 17:56:34,722 basehttp 20208 14112 "POST /api/accounts/login/ HTTP/1.1" 200 784
INFO 2026-08-02 17:57:31,139 basehttp 20208 14112 "GET /api/accounts/profile/ HTTP/1.1" 200 387
INFO 2026-08-02 17:57:31,282 basehttp 20208 14112 "GET /api/accounts/profile/ HTTP/1.1" 200 387
INFO 2026-08-02 17:58:00,628 basehttp 20208 14112 "GET /api/accounts/profile/ HTTP/1.1" 200 387
INFO 2026-08-02 17:58:01,052 basehttp 20208 14112 "GET /api/accounts/profile/ HTTP/1.1" 200 387
INFO 2026-08-02 17:58:12,108 basehttp 20208 14112 "POST /api/accounts/login/ HTTP/1.1" 200 784
INFO 2026-08-02 17:58:12,704 basehttp 20208 9456 "OPTIONS /api/code-review/stats/ HTTP/1.1" 200 0
INFO 2026-08-02 17:58:12,722 basehttp 20208 23464 "OPTIONS /api/code-review/stats/ HTTP/1.1" 200 0
INFO 2026-08-02 17:58:12,937 basehttp 20208 14112 "GET /api/code-review/stats/ HTTP/1.1" 200 2215
INFO 2026-08-02 17:58:12,953 basehttp 20208 23464 "OPTIONS /api/code-review/submissions/ HTTP/1.1" 200 0
INFO 2026-08-02 17:58:13,343 basehttp 20208 14112 "GET /api/code-review/stats/ HTTP/1.1" 200 2215
INFO 2026-08-02 17:58:13,545 basehttp 20208 26304 "GET /api/code-review/submissions/ HTTP/1.1" 200 575778
INFO 2026-08-02 17:58:14,049 basehttp 20208 14112 "GET /api/code-review/submissions/ HTTP/1.1" 200 575778
INFO 2026-08-02 17:58:22,122 basehttp 20208 14112 "GET /api/code-review/stats/ HTTP/1.1" 200 2215
INFO 2026-08-02 17:58:22,440 basehttp 20208 14112 "GET /api/code-review/stats/ HTTP/1.1" 200 2215
INFO 2026-08-02 17:58:22,696 basehttp 20208 26304 "GET /api/code-review/submissions/ HTTP/1.1" 200 575778
INFO 2026-08-02 17:58:23,098 basehttp 20208 14112 "GET /api/code-review/submissions/ HTTP/1.1" 200 575778
INFO 2026-08-02 17:58:28,389 basehttp 20208 14112 "GET /api/code-review/stats/ HTTP/1.1" 200 2215
INFO 2026-08-02 17:58:28,713 basehttp 20208 14112 "GET /api/code-review/stats/ HTTP/1.1" 200 2215
INFO 2026-08-02 17:58:28,999 basehttp 20208 26304 "GET /api/code-review/submissions/ HTTP/1.1" 200 575778
INFO 2026-08-02 17:58:29,383 basehttp 20208 14112 "GET /api/code-review/submissions/ HTTP/1.1" 200 575778
INFO 2026-08-02 17:59:15,108 basehttp 20208 14112 "GET /api/code-review/stats/ HTTP/1.1" 200 2215
INFO 2026-08-02 17:59:15,297 basehttp 20208 14112 "GET /api/code-review/stats/ HTTP/1.1" 200 2215
INFO 2026-08-02 17:59:15,503 basehttp 20208 26304 "GET /api/code-review/submissions/ HTTP/1.1" 200 575778
INFO 2026-08-02 17:59:16,166 basehttp 20208 14112 "GET /api/code-review/submissions/ HTTP/1.1" 200 575778
INFO 2026-08-02 18:01:36,694 basehttp 20208 14112 "GET /api/accounts/profile/ HTTP/1.1" 200 387
INFO 2026-08-02 18:01:36,884 basehttp 20208 14112 "GET /api/accounts/profile/ HTTP/1.1" 200 387
INFO 2026-08-02 18:01:36,944 basehttp 20208 26304 "GET /api/code-review/stats/ HTTP/1.1" 200 2215
INFO 2026-08-02 18:01:37,215 basehttp 20208 26304 "GET /api/code-review/stats/ HTTP/1.1" 200 2215
INFO 2026-08-02 18:01:37,371 basehttp 20208 14112 "GET /api/code-review/submissions/ HTTP/1.1" 200 575778
INFO 2026-08-02 18:01:37,753 basehttp 20208 26304 "GET /api/code-review/submissions/ HTTP/1.1" 200 575778
INFO 2026-08-02 18:02:11,471 basehttp 20208 9456 "OPTIONS /api/code-review/languages/ HTTP/1.1" 200 0
INFO 2026-08-02 18:02:11,472 basehttp 20208 23464 "OPTIONS /api/code-review/languages/ HTTP/1.1" 200 0
INFO 2026-08-02 18:02:11,643 basehttp 20208 26304 "GET /api/code-review/languages/ HTTP/1.1" 200 1587
INFO 2026-08-02 18:02:11,800 basehttp 20208 26304 "GET /api/code-review/languages/ HTTP/1.1" 200 1587
INFO 2026-08-02 18:02:14,665 basehttp 20208 26304 "GET /api/code-review/stats/ HTTP/1.1" 200 2215
INFO 2026-08-02 18:02:15,023 basehttp 20208 26304 "GET /api/code-review/stats/ HTTP/1.1" 200 2215
INFO 2026-08-02 18:02:15,135 basehttp 20208 14112 "GET /api/code-review/submissions/ HTTP/1.1" 200 575778
INFO 2026-08-02 18:02:15,520 basehttp 20208 26304 "GET /api/code-review/submissions/ HTTP/1.1" 200 575778
INFO 2026-08-02 18:02:18,105 basehttp 20208 26304 "GET /api/code-review/submissions/ HTTP/1.1" 200 575778
INFO 2026-08-02 18:02:18,626 basehttp 20208 14112 "GET /api/code-review/submissions/ HTTP/1.1" 200 575778
INFO 2026-08-02 18:02:21,811 basehttp 20208 14112 "GET /api/code-review/stats/ HTTP/1.1" 200 2215
INFO 2026-08-02 18:02:22,018 basehttp 20208 14112 "GET /api/code-review/stats/ HTTP/1.1" 200 2215
INFO 2026-08-02 18:02:22,169 basehttp 20208 26304 "GET /api/code-review/submissions/ HTTP/1.1" 200 575778
INFO 2026-08-02 18:02:22,539 basehttp 20208 14112 "GET /api/code-review/submissions/ HTTP/1.1" 200 575778
INFO 2026-08-02 18:02:25,485 basehttp 20208 14112 "GET /api/code-review/stats/ HTTP/1.1" 200 2215
INFO 2026-08-02 18:02:25,666 basehttp 20208 14112 "GET /api/code-review/stats/ HTTP/1.1" 200 2215
INFO 2026-08-02 18:02:26,044 basehttp 20208 26304 "GET /api/code-review/submissions/ HTTP/1.1" 200 575778
INFO 2026-08-02 18:02:26,526 basehttp 20208 14112 "GET /api/code-review/submissions/ HTTP/1.1" 200 575778
INFO 2026-08-02 18:03:14,338 basehttp 20208 14112 "GET /api/code-review/stats/ HTTP/1.1" 200 2215
INFO 2026-08-02 18:03:14,728 basehttp 20208 14112 "GET /api/code-review/submissions/ HTTP/1.1" 200 575778
INFO 2026-08-02 18:03:21,491 basehttp 20208 14112 "GET /api/code-review/stats/ HTTP/1.1" 200 2215
INFO 2026-08-02 18:03:21,913 basehttp 20208 14112 "GET /api/code-review/submissions/ HTTP/1.1" 200 575778
INFO 2026-08-02 18:03:30,697 basehttp 20208 14112 "GET /api/code-review/submissions/ HTTP/1.1" 200 575778
INFO 2026-08-02 18:03:31,094 basehttp 20208 26304 "GET /api/code-review/submissions/ HTTP/1.1" 200 575778
INFO 2026-08-02 18:03:34,307 basehttp 20208 26304 "GET /api/code-review/stats/ HTTP/1.1" 200 2215
INFO 2026-08-02 18:03:34,653 basehttp 20208 26304 "GET /api/code-review/stats/ HTTP/1.1" 200 2215
INFO 2026-08-02 18:03:34,939 basehttp 20208 14112 "GET /api/code-review/submissions/ HTTP/1.1" 200 575778
INFO 2026-08-02 18:03:35,369 basehttp 20208 26304 "GET /api/code-review/submissions/ HTTP/1.1" 200 575778
INFO 2026-08-02 18:03:41,609 basehttp 20208 9456 "OPTIONS /api/code-review/submissions/7da82f65-1507-4df3-8948-4d9223b79620/ HTTP/1.1" 200 0
INFO 2026-08-02 18:03:41,611 basehttp 20208 23464 "OPTIONS /api/code-review/submissions/7da82f65-1507-4df3-8948-4d9223b79620/ HTTP/1.1" 200 0
WARNING 2026-08-02 18:03:41,689 basehttp 20208 26304 "GET /api/code-review/submissions/7da82f65-1507-4df3-8948-4d9223b79620/ HTTP/1.1" 404 8114
WARNING 2026-08-02 18:03:41,729 basehttp 20208 26304 "GET /api/code-review/submissions/7da82f65-1507-4df3-8948-4d9223b79620/ HTTP/1.1" 404 8114
INFO 2026-08-02 18:03:47,078 basehttp 20208 26304 "GET /api/code-review/stats/ HTTP/1.1" 200 2215
INFO 2026-08-02 18:03:47,485 basehttp 20208 26304 "GET /api/code-review/stats/ HTTP/1.1" 200 2215
INFO 2026-08-02 18:03:47,767 basehttp 20208 14112 "GET /api/code-review/submissions/ HTTP/1.1" 200 575778
INFO 2026-08-02 18:03:48,116 basehttp 20208 26304 "GET /api/code-review/submissions/ HTTP/1.1" 200 575778
INFO 2026-08-02 18:03:54,035 basehttp 20208 23464 "OPTIONS /api/code-review/submissions/26e3f382-8caf-48c5-9321-7c39b4438fb9/ HTTP/1.1" 200 0
INFO 2026-08-02 18:03:54,041 basehttp 20208 9456 "OPTIONS /api/code-review/submissions/26e3f382-8caf-48c5-9321-7c39b4438fb9/ HTTP/1.1" 200 0
INFO 2026-08-02 18:03:54,048 basehttp 20208 23848 "OPTIONS /api/code-review/submissions/26e3f382-8caf-48c5-9321-7c39b4438fb9/ HTTP/1.1" 200 0
WARNING 2026-08-02 18:03:54,143 basehttp 20208 14112 "GET /api/code-review/submissions/26e3f382-8caf-48c5-9321-7c39b4438fb9/ HTTP/1.1" 404 8114
WARNING 2026-08-02 18:03:54,149 basehttp 20208 26304 "DELETE /api/code-review/submissions/26e3f382-8caf-48c5-9321-7c39b4438fb9/ HTTP/1.1" 404 8117
WARNING 2026-08-02 18:03:54,229 basehttp 20208 26304 "GET /api/code-review/submissions/26e3f382-8caf-48c5-9321-7c39b4438fb9/ HTTP/1.1" 404 8114
INFO 2026-08-02 18:03:54,358 basehttp 20208 14112 "GET /api/code-review/stats/ HTTP/1.1" 200 2215
INFO 2026-08-02 18:03:55,173 basehttp 20208 14112 "GET /api/code-review/submissions/ HTTP/1.1" 200 575778
INFO 2026-08-02 18:03:55,939 basehttp 20208 14112 "GET /api/code-review/stats/ HTTP/1.1" 200 2215
INFO 2026-08-02 18:03:56,229 basehttp 20208 14112 "GET /api/code-review/stats/ HTTP/1.1" 200 2215
INFO 2026-08-02 18:03:56,358 basehttp 20208 26304 "GET /api/code-review/submissions/ HTTP/1.1" 200 575778
INFO 2026-08-02 18:03:56,724 basehttp 20208 14112 "GET /api/code-review/submissions/ HTTP/1.1" 200 575778
WARNING 2026-08-02 18:04:00,393 basehttp 20208 14112 "DELETE /api/code-review/submissions/26e3f382-8caf-48c5-9321-7c39b4438fb9/ HTTP/1.1" 404 8117
WARNING 2026-08-02 18:04:00,476 basehttp 20208 14112 "GET /api/code-review/submissions/26e3f382-8caf-48c5-9321-7c39b4438fb9/ HTTP/1.1" 404 8114
WARNING 2026-08-02 18:04:00,541 basehttp 20208 14112 "GET /api/code-review/submissions/26e3f382-8caf-48c5-9321-7c39b4438fb9/ HTTP/1.1" 404 8114
INFO 2026-08-02 18:04:00,658 basehttp 20208 26304 "GET /api/code-review/stats/ HTTP/1.1" 200 2215
INFO 2026-08-02 18:04:01,226 basehttp 20208 26304 "GET /api/code-review/submissions/ HTTP/1.1" 200 575778
INFO 2026-08-02 18:04:03,489 basehttp 20208 26304 "GET /api/code-review/stats/ HTTP/1.1" 200 2215
INFO 2026-08-02 18:04:03,843 basehttp 20208 26304 "GET /api/code-review/stats/ HTTP/1.1" 200 2215
INFO 2026-08-02 18:04:04,096 basehttp 20208 14112 "GET /api/code-review/submissions/ HTTP/1.1" 200 575778
INFO 2026-08-02 18:04:04,614 basehttp 20208 26304 "GET /api/code-review/submissions/ HTTP/1.1" 200 575778
INFO 2026-08-02 18:04:08,820 basehttp 20208 9456 "OPTIONS /api/code-review/submissions/b2d00b1e-7f60-44e4-824d-c4c4e02cf3b8/ HTTP/1.1" 200 0
INFO 2026-08-02 18:04:08,823 basehttp 20208 23848 "OPTIONS /api/code-review/submissions/b2d00b1e-7f60-44e4-824d-c4c4e02cf3b8/ HTTP/1.1" 200 0
INFO 2026-08-02 18:04:08,824 basehttp 20208 23464 "OPTIONS /api/code-review/submissions/b2d00b1e-7f60-44e4-824d-c4c4e02cf3b8/ HTTP/1.1" 200 0
WARNING 2026-08-02 18:04:08,880 basehttp 20208 26304 "GET /api/code-review/submissions/b2d00b1e-7f60-44e4-824d-c4c4e02cf3b8/ HTTP/1.1" 404 8114
WARNING 2026-08-02 18:04:08,936 basehttp 20208 14112 "GET /api/code-review/submissions/b2d00b1e-7f60-44e4-824d-c4c4e02cf3b8/ HTTP/1.1" 404 8114
WARNING 2026-08-02 18:04:08,987 basehttp 20208 14112 "DELETE /api/code-review/submissions/b2d00b1e-7f60-44e4-824d-c4c4e02cf3b8/ HTTP/1.1" 404 8117
INFO 2026-08-02 18:04:09,304 basehttp 20208 14112 "GET /api/code-review/stats/ HTTP/1.1" 200 2215
INFO 2026-08-02 18:04:09,751 basehttp 20208 14112 "GET /api/code-review/submissions/ HTTP/1.1" 200 575778
INFO 2026-08-02 18:04:10,422 basehttp 20208 14112 "GET /api/code-review/stats/ HTTP/1.1" 200 2215
INFO 2026-08-02 18:04:10,682 basehttp 20208 14112 "GET /api/code-review/stats/ HTTP/1.1" 200 2215
INFO 2026-08-02 18:04:10,910 basehttp 20208 26304 "GET /api/code-review/submissions/ HTTP/1.1" 200 575778
INFO 2026-08-02 18:04:11,325 basehttp 20208 14112 "GET /api/code-review/submissions/ HTTP/1.1" 200 575778
INFO 2026-08-02 18:04:15,589 basehttp 20208 23848 "OPTIONS /api/code-review/submissions/d933e01c-7574-4b7c-9e51-aedec141611a/ HTTP/1.1" 200 0
INFO 2026-08-02 18:04:15,590 basehttp 20208 9456 "OPTIONS /api/code-review/submissions/d933e01c-7574-4b7c-9e51-aedec141611a/ HTTP/1.1" 200 0
INFO 2026-08-02 18:04:15,593 basehttp 20208 23464 "OPTIONS /api/code-review/submissions/d933e01c-7574-4b7c-9e51-aedec141611a/ HTTP/1.1" 200 0
WARNING 2026-08-02 18:04:15,643 basehttp 20208 14112 "GET /api/code-review/submissions/d933e01c-7574-4b7c-9e51-aedec141611a/ HTTP/1.1" 404 8114
WARNING 2026-08-02 18:04:15,683 basehttp 20208 26304 "DELETE /api/code-review/submissions/d933e01c-7574-4b7c-9e51-aedec141611a/ HTTP/1.1" 404 8117
WARNING 2026-08-02 18:04:15,728 basehttp 20208 26304 "GET /api/code-review/submissions/d933e01c-7574-4b7c-9e51-aedec141611a/ HTTP/1.1" 404 8114
INFO 2026-08-02 18:04:15,928 basehttp 20208 14112 "GET /api/code-review/stats/ HTTP/1.1" 200 2215
INFO 2026-08-02 18:04:16,412 basehttp 20208 14112 "GET /api/code-review/submissions/ HTTP/1.1" 200 575778
INFO 2026-08-02 18:04:17,121 basehttp 20208 14112 "GET /api/code-review/stats/ HTTP/1.1" 200 2215
INFO 2026-08-02 18:04:17,426 basehttp 20208 14112 "GET /api/code-review/stats/ HTTP/1.1" 200 2215
INFO 2026-08-02 18:04:17,632 basehttp 20208 26304 "GET /api/code-review/submissions/ HTTP/1.1" 200 575778
INFO 2026-08-02 18:04:18,085 basehttp 20208 14112 "GET /api/code-review/submissions/ HTTP/1.1" 200 575778
WARNING 2026-08-02 18:04:21,697 basehttp 20208 14112 "DELETE /api/code-review/submissions/26e3f382-8caf-48c5-9321-7c39b4438fb9/ HTTP/1.1" 404 8117
WARNING 2026-08-02 18:04:21,756 basehttp 20208 14112 "GET /api/code-review/submissions/26e3f382-8caf-48c5-9321-7c39b4438fb9/ HTTP/1.1" 404 8114
WARNING 2026-08-02 18:04:21,839 basehttp 20208 14112 "GET /api/code-review/submissions/26e3f382-8caf-48c5-9321-7c39b4438fb9/ HTTP/1.1" 404 8114
INFO 2026-08-02 18:04:21,980 basehttp 20208 26304 "GET /api/code-review/stats/ HTTP/1.1" 200 2215
INFO 2026-08-02 18:04:22,376 basehttp 20208 26304 "GET /api/code-review/submissions/ HTTP/1.1" 200 575778
INFO 2026-08-02 18:04:23,287 basehttp 20208 26304 "GET /api/code-review/stats/ HTTP/1.1" 200 2215
INFO 2026-08-02 18:04:23,637 basehttp 20208 26304 "GET /api/code-review/stats/ HTTP/1.1" 200 2215
INFO 2026-08-02 18:04:23,935 basehttp 20208 14112 "GET /api/code-review/submissions/ HTTP/1.1" 200 575778
INFO 2026-08-02 18:04:24,325 basehttp 20208 26304 "GET /api/code-review/submissions/ HTTP/1.1" 200 575778
WARNING 2026-08-02 18:04:28,401 basehttp 20208 26304 "DELETE /api/code-review/submissions/b2d00b1e-7f60-44e4-824d-c4c4e02cf3b8/ HTTP/1.1" 404 8117
WARNING 2026-08-02 18:04:28,462 basehttp 20208 26304 "GET /api/code-review/submissions/b2d00b1e-7f60-44e4-824d-c4c4e02cf3b8/ HTTP/1.1" 404 8114
WARNING 2026-08-02 18:04:28,542 basehttp 20208 26304 "GET /api/code-review/submissions/b2d00b1e-7f60-44e4-824d-c4c4e02cf3b8/ HTTP/1.1" 404 8114
INFO 2026-08-02 18:04:28,652 basehttp 20208 14112 "GET /api/code-review/stats/ HTTP/1.1" 200 2215
INFO 2026-08-02 18:04:29,260 basehttp 20208 14112 "GET /api/code-review/submissions/ HTTP/1.1" 200 575778
INFO 2026-08-02 18:04:30,196 basehttp 20208 14112 "GET /api/code-review/stats/ HTTP/1.1" 200 2215
INFO 2026-08-02 18:04:30,582 basehttp 20208 14112 "GET /api/code-review/stats/ HTTP/1.1" 200 2215
INFO 2026-08-02 18:04:30,851 basehttp 20208 26304 "GET /api/code-review/submissions/ HTTP/1.1" 200 575778
INFO 2026-08-02 18:04:31,261 basehttp 20208 14112 "GET /api/code-review/submissions/ HTTP/1.1" 200 575778
INFO 2026-08-02 18:04:40,813 basehttp 20208 14112 "GET /api/code-review/languages/ HTTP/1.1" 200 1587
INFO 2026-08-02 18:04:40,968 basehttp 20208 14112 "GET /api/code-review/languages/ HTTP/1.1" 200 1587
INFO 2026-08-02 18:04:50,138 basehttp 20208 23464 "OPTIONS /api/code-review/detect-language/ HTTP/1.1" 200 0
ERROR 2026-08-02 18:04:51,013 log 20208 14112 Internal Server Error: /api/code-review/detect-language/
Traceback (most recent call last):
  File "C:\Users\DELL\AppData\Local\Programs\Python\Python310\lib\site-packages\django\core\handlers\exception.py", line 55, in inner
    response = get_response(request)
  File "C:\Users\DELL\AppData\Local\Programs\Python\Python310\lib\site-packages\django\core\handlers\base.py", line 197, in _get_response
    response = wrapped_callback(request, *callback_args, **callback_kwargs)
  File "C:\Users\DELL\AppData\Local\Programs\Python\Python310\lib\site-packages\django\views\decorators\csrf.py", line 65, in _view_wrapper
    return view_func(request, *args, **kwargs)
  File "C:\Users\DELL\AppData\Local\Programs\Python\Python310\lib\site-packages\django\views\generic\base.py", line 104, in view
    return self.dispatch(request, *args, **kwargs)
  File "C:\Users\DELL\AppData\Local\Programs\Python\Python310\lib\site-packages\rest_framework\views.py", line 509, in dispatch
    response = self.handle_exception(exc)
  File "C:\Users\DELL\AppData\Local\Programs\Python\Python310\lib\site-packages\rest_framework\views.py", line 469, in handle_exception
    self.raise_uncaught_exception(exc)
  File "C:\Users\DELL\AppData\Local\Programs\Python\Python310\lib\site-packages\rest_framework\views.py", line 480, in raise_uncaught_exception
    raise exc
  File "C:\Users\DELL\AppData\Local\Programs\Python\Python310\lib\site-packages\rest_framework\views.py", line 506, in dispatch
    response = handler(request, *args, **kwargs)
  File "C:\ai-code-review-platform\backend\code_review\views.py", line 180, in post
    if not code or not code.strip():
AttributeError: 'dict' object has no attribute 'strip'
ERROR 2026-08-02 18:04:51,021 basehttp 20208 14112 "POST /api/code-review/detect-language/ HTTP/1.1" 500 103218
INFO 2026-08-02 18:05:06,966 basehttp 20208 14112 "POST /api/code-review/submissions/ HTTP/1.1" 201 545
INFO 2026-08-02 18:05:06,975 basehttp 20208 23464 "OPTIONS /api/code-review/initiate/ HTTP/1.1" 200 0
INFO 2026-08-02 18:05:07,286 basehttp 20208 14112 "POST /api/code-review/initiate/ HTTP/1.1" 200 1444
INFO 2026-08-02 18:05:10,647 basehttp 20208 14112 "GET /api/code-review/stats/ HTTP/1.1" 200 2215
INFO 2026-08-02 18:05:11,005 basehttp 20208 14112 "GET /api/code-review/stats/ HTTP/1.1" 200 2215
INFO 2026-08-02 18:05:11,321 basehttp 20208 26304 "GET /api/code-review/submissions/ HTTP/1.1" 200 558212
INFO 2026-08-02 18:05:11,773 basehttp 20208 14112 "GET /api/code-review/submissions/ HTTP/1.1" 200 558212
INFO 2026-08-02 18:05:15,559 basehttp 20208 23464 "OPTIONS /api/code-review/submissions/b89df072-9c9d-4657-a73d-97133c03320c/ HTTP/1.1" 200 0
INFO 2026-08-02 18:05:15,561 basehttp 20208 23848 "OPTIONS /api/code-review/submissions/b89df072-9c9d-4657-a73d-97133c03320c/ HTTP/1.1" 200 0
WARNING 2026-08-02 18:05:15,614 basehttp 20208 14112 "GET /api/code-review/submissions/b89df072-9c9d-4657-a73d-97133c03320c/ HTTP/1.1" 404 8114
WARNING 2026-08-02 18:05:15,660 basehttp 20208 26304 "GET /api/code-review/submissions/b89df072-9c9d-4657-a73d-97133c03320c/ HTTP/1.1" 404 8114
INFO 2026-08-02 18:05:20,990 basehttp 20208 26304 "GET /api/code-review/stats/ HTTP/1.1" 200 2215
INFO 2026-08-02 18:05:21,255 basehttp 20208 26304 "GET /api/code-review/stats/ HTTP/1.1" 200 2215
INFO 2026-08-02 18:05:21,401 basehttp 20208 14112 "GET /api/code-review/submissions/ HTTP/1.1" 200 558212
INFO 2026-08-02 18:05:21,773 basehttp 20208 26304 "GET /api/code-review/submissions/ HTTP/1.1" 200 558212
INFO 2026-08-02 18:16:57,345 autoreload 20208 25356 C:\ai-code-review-platform\backend\code_review\views.py changed, reloading.
INFO 2026-08-02 18:17:00,875 autoreload 20248 25464 Watching for file changes with StatReloader
INFO 2026-08-02 18:17:13,057 autoreload 20248 25464 C:\ai-code-review-platform\backend\code_review\views.py changed, reloading.
INFO 2026-08-02 18:17:16,154 autoreload 8876 10788 Watching for file changes with StatReloader
INFO 2026-08-02 18:17:30,430 autoreload 8876 10788 C:\ai-code-review-platform\backend\code_review\views.py changed, reloading.
INFO 2026-08-02 18:17:34,247 autoreload 17508 23408 Watching for file changes with StatReloader
INFO 2026-08-02 18:17:46,096 autoreload 17508 23408 C:\ai-code-review-platform\backend\code_review\views.py changed, reloading.
INFO 2026-08-02 18:17:49,854 autoreload 18232 11004 Watching for file changes with StatReloader
INFO 2026-08-02 18:17:56,687 autoreload 18232 11004 C:\ai-code-review-platform\backend\code_review\views.py changed, reloading.
INFO 2026-08-02 18:17:59,761 autoreload 2172 17656 Watching for file changes with StatReloader
INFO 2026-08-02 18:18:25,139 autoreload 22128 2124 Watching for file changes with StatReloader
INFO 2026-08-02 18:18:59,606 autoreload 22128 2124 C:\ai-code-review-platform\backend\code_review\views.py changed, reloading.
INFO 2026-08-02 18:19:03,224 autoreload 15608 1972 Watching for file changes with StatReloader
INFO 2026-08-02 18:21:34,804 autoreload 15608 1972 C:\ai-code-review-platform\backend\code_review\views.py changed, reloading.
INFO 2026-08-02 18:21:37,838 autoreload 6352 19548 Watching for file changes with StatReloader
INFO 2026-08-02 18:21:55,214 autoreload 6352 19548 C:\ai-code-review-platform\backend\code_review\views.py changed, reloading.
INFO 2026-08-02 18:21:58,044 autoreload 25932 3668 Watching for file changes with StatReloader
INFO 2026-08-02 18:22:04,937 autoreload 25932 3668 C:\ai-code-review-platform\backend\code_review\views.py changed, reloading.
INFO 2026-08-02 18:22:07,818 autoreload 5048 22952 Watching for file changes with StatReloader
INFO 2026-08-02 18:22:29,192 autoreload 5048 22952 C:\ai-code-review-platform\backend\code_review\views.py changed, reloading.
INFO 2026-08-02 18:22:32,737 autoreload 20404 20760 Watching for file changes with StatReloader
INFO 2026-08-02 18:22:45,716 autoreload 20404 20760 C:\ai-code-review-platform\backend\code_review\views.py changed, reloading.
INFO 2026-08-02 18:22:49,720 autoreload 15904 15952 Watching for file changes with StatReloader
INFO 2026-08-02 18:23:08,078 autoreload 15904 15952 C:\ai-code-review-platform\backend\code_review\views.py changed, reloading.
INFO 2026-08-02 18:23:11,637 autoreload 14852 6856 Watching for file changes with StatReloader
INFO 2026-08-02 18:23:26,128 autoreload 14852 6856 C:\ai-code-review-platform\backend\code_review\views.py changed, reloading.
INFO 2026-08-02 18:23:30,230 autoreload 22616 3020 Watching for file changes with StatReloader
INFO 2026-08-02 18:23:50,267 autoreload 22616 3020 C:\ai-code-review-platform\backend\code_review\views.py changed, reloading.
INFO 2026-08-02 18:23:53,988 autoreload 3668 25932 Watching for file changes with StatReloader
INFO 2026-08-02 18:24:12,186 autoreload 3668 25932 C:\ai-code-review-platform\backend\code_review\views.py changed, reloading.
INFO 2026-08-02 18:24:15,671 autoreload 21688 26096 Watching for file changes with StatReloader
INFO 2026-08-02 18:24:22,727 autoreload 21688 26096 C:\ai-code-review-platform\backend\code_review\views.py changed, reloading.
INFO 2026-08-02 18:24:26,295 autoreload 12980 14076 Watching for file changes with StatReloader
INFO 2026-08-02 18:24:33,186 autoreload 12980 14076 C:\ai-code-review-platform\backend\code_review\views.py changed, reloading.
INFO 2026-08-02 18:24:37,307 autoreload 9812 11380 Watching for file changes with StatReloader
INFO 2026-08-02 18:24:40,456 autoreload 9812 11380 C:\ai-code-review-platform\backend\code_review\views.py changed, reloading.
INFO 2026-08-02 18:24:44,796 autoreload 12812 24612 Watching for file changes with StatReloader
WARNING 2026-08-02 18:25:04,468 basehttp 12812 16204 "GET /api/code-review/submissions/b89df072-9c9d-4657-a73d-97133c03320c/ HTTP/1.1" 404 8114
WARNING 2026-08-02 18:25:04,514 basehttp 12812 16204 "GET /api/code-review/submissions/b89df072-9c9d-4657-a73d-97133c03320c/ HTTP/1.1" 404 8114
WARNING 2026-08-02 18:25:09,905 basehttp 12812 16204 "GET /api/code-review/stats/ HTTP/1.1" 401 183
WARNING 2026-08-02 18:25:09,914 basehttp 12812 16204 "GET /api/code-review/stats/ HTTP/1.1" 401 183
INFO 2026-08-02 18:25:09,933 basehttp 12812 17508 "POST /api/accounts/refresh/ HTTP/1.1" 200 309
INFO 2026-08-02 18:25:09,956 basehttp 12812 17884 "POST /api/accounts/refresh/ HTTP/1.1" 200 309
INFO 2026-08-02 18:25:10,191 basehttp 12812 16204 "GET /api/code-review/stats/ HTTP/1.1" 200 2215
INFO 2026-08-02 18:25:10,359 basehttp 12812 16204 "GET /api/code-review/stats/ HTTP/1.1" 200 2215
INFO 2026-08-02 18:25:10,649 basehttp 12812 7716 "GET /api/code-review/submissions/ HTTP/1.1" 200 558212
INFO 2026-08-02 18:25:11,104 basehttp 12812 16204 "GET /api/code-review/submissions/ HTTP/1.1" 200 558212
INFO 2026-08-02 18:26:36,388 autoreload 12812 24612 C:\ai-code-review-platform\backend\code_review\urls.py changed, reloading.
INFO 2026-08-02 18:26:40,552 autoreload 21932 11828 Watching for file changes with StatReloader
INFO 2026-08-02 18:27:38,042 basehttp 21932 24200 "GET /api/code-review/submissions/b89df072-9c9d-4657-a73d-97133c03320c/ HTTP/1.1" 200 922
INFO 2026-08-02 18:27:38,207 basehttp 21932 24200 "GET /api/code-review/submissions/b89df072-9c9d-4657-a73d-97133c03320c/ HTTP/1.1" 200 922
INFO 2026-08-02 18:27:41,959 basehttp 21932 24200 "GET /api/code-review/stats/ HTTP/1.1" 200 2215
INFO 2026-08-02 18:27:42,260 basehttp 21932 24200 "GET /api/code-review/stats/ HTTP/1.1" 200 2215
INFO 2026-08-02 18:27:42,512 basehttp 21932 23468 "GET /api/code-review/submissions/ HTTP/1.1" 200 558212
INFO 2026-08-02 18:27:42,816 basehttp 21932 24200 "GET /api/code-review/submissions/ HTTP/1.1" 200 558212
INFO 2026-08-02 18:28:28,434 basehttp 21932 24200 "GET /api/code-review/languages/ HTTP/1.1" 200 1587
INFO 2026-08-02 18:28:28,588 basehttp 21932 24200 "GET /api/code-review/languages/ HTTP/1.1" 200 1587
ERROR 2026-08-02 18:28:33,864 log 21932 24200 Internal Server Error: /api/code-review/detect-language/
Traceback (most recent call last):
  File "C:\Users\DELL\AppData\Local\Programs\Python\Python310\lib\site-packages\django\core\handlers\exception.py", line 55, in inner
    response = get_response(request)
  File "C:\Users\DELL\AppData\Local\Programs\Python\Python310\lib\site-packages\django\core\handlers\base.py", line 197, in _get_response
    response = wrapped_callback(request, *callback_args, **callback_kwargs)
  File "C:\Users\DELL\AppData\Local\Programs\Python\Python310\lib\site-packages\django\views\decorators\csrf.py", line 65, in _view_wrapper
    return view_func(request, *args, **kwargs)
  File "C:\Users\DELL\AppData\Local\Programs\Python\Python310\lib\site-packages\django\views\generic\base.py", line 104, in view
    return self.dispatch(request, *args, **kwargs)
  File "C:\Users\DELL\AppData\Local\Programs\Python\Python310\lib\site-packages\rest_framework\views.py", line 509, in dispatch
    response = self.handle_exception(exc)
  File "C:\Users\DELL\AppData\Local\Programs\Python\Python310\lib\site-packages\rest_framework\views.py", line 469, in handle_exception
    self.raise_uncaught_exception(exc)
  File "C:\Users\DELL\AppData\Local\Programs\Python\Python310\lib\site-packages\rest_framework\views.py", line 480, in raise_uncaught_exception
    raise exc
  File "C:\Users\DELL\AppData\Local\Programs\Python\Python310\lib\site-packages\rest_framework\views.py", line 506, in dispatch
    response = handler(request, *args, **kwargs)
  File "C:\ai-code-review-platform\backend\code_review\views.py", line 186, in post
    if not code or not code.strip():
AttributeError: 'dict' object has no attribute 'strip'
ERROR 2026-08-02 18:28:33,872 basehttp 21932 24200 "POST /api/code-review/detect-language/ HTTP/1.1" 500 106495
INFO 2026-08-02 18:28:48,656 basehttp 21932 24200 "POST /api/code-review/submissions/ HTTP/1.1" 201 2386
INFO 2026-08-02 18:28:48,983 basehttp 21932 24200 "POST /api/code-review/initiate/ HTTP/1.1" 200 1688
INFO 2026-08-02 18:28:52,464 basehttp 21932 24200 "GET /api/code-review/stats/ HTTP/1.1" 200 2215
INFO 2026-08-02 18:28:52,695 basehttp 21932 24200 "GET /api/code-review/stats/ HTTP/1.1" 200 2215
INFO 2026-08-02 18:28:52,916 basehttp 21932 23468 "GET /api/code-review/submissions/ HTTP/1.1" 200 546860
INFO 2026-08-02 18:28:53,216 basehttp 21932 24200 "GET /api/code-review/submissions/ HTTP/1.1" 200 546860
INFO 2026-08-02 18:28:56,885 basehttp 21932 4428 "OPTIONS /api/code-review/submissions/45d588ec-1b4f-48ab-be6e-6cf4d655faa1/ HTTP/1.1" 200 0
INFO 2026-08-02 18:28:56,886 basehttp 21932 25376 "OPTIONS /api/code-review/submissions/45d588ec-1b4f-48ab-be6e-6cf4d655faa1/ HTTP/1.1" 200 0
INFO 2026-08-02 18:28:57,159 basehttp 21932 24200 "GET /api/code-review/submissions/45d588ec-1b4f-48ab-be6e-6cf4d655faa1/ HTTP/1.1" 200 2852
INFO 2026-08-02 18:28:57,318 basehttp 21932 24200 "GET /api/code-review/submissions/45d588ec-1b4f-48ab-be6e-6cf4d655faa1/ HTTP/1.1" 200 2852
INFO 2026-08-02 18:29:50,587 basehttp 21932 24200 "GET /api/accounts/profile/ HTTP/1.1" 200 387
INFO 2026-08-02 18:29:50,856 basehttp 21932 24200 "GET /api/accounts/profile/ HTTP/1.1" 200 387
INFO 2026-08-02 18:29:50,926 basehttp 21932 23468 "GET /api/code-review/submissions/45d588ec-1b4f-48ab-be6e-6cf4d655faa1/ HTTP/1.1" 200 2852
INFO 2026-08-02 18:29:51,158 basehttp 21932 23468 "GET /api/code-review/submissions/45d588ec-1b4f-48ab-be6e-6cf4d655faa1/ HTTP/1.1" 200 2852
INFO 2026-08-02 18:30:14,999 basehttp 21932 23468 "GET /api/code-review/stats/ HTTP/1.1" 200 2215
INFO 2026-08-02 18:30:15,350 basehttp 21932 23468 "GET /api/code-review/stats/ HTTP/1.1" 200 2215
INFO 2026-08-02 18:30:15,459 basehttp 21932 24200 "GET /api/code-review/submissions/ HTTP/1.1" 200 546860
INFO 2026-08-02 18:30:15,774 basehttp 21932 23468 "GET /api/code-review/submissions/ HTTP/1.1" 200 546860
INFO 2026-08-02 18:30:19,505 basehttp 21932 23468 "GET /api/code-review/submissions/45d588ec-1b4f-48ab-be6e-6cf4d655faa1/ HTTP/1.1" 200 2852
INFO 2026-08-02 18:30:19,706 basehttp 21932 23468 "GET /api/code-review/submissions/45d588ec-1b4f-48ab-be6e-6cf4d655faa1/ HTTP/1.1" 200 2852
INFO 2026-08-02 18:30:22,015 basehttp 21932 23468 "GET /api/code-review/stats/ HTTP/1.1" 200 2215
INFO 2026-08-02 18:30:22,355 basehttp 21932 23468 "GET /api/code-review/stats/ HTTP/1.1" 200 2215
INFO 2026-08-02 18:30:22,516 basehttp 21932 24200 "GET /api/code-review/submissions/ HTTP/1.1" 200 546860
INFO 2026-08-02 18:30:22,872 basehttp 21932 23468 "GET /api/code-review/submissions/ HTTP/1.1" 200 546860
INFO 2026-08-02 18:30:46,265 basehttp 21932 23468 "GET /api/code-review/languages/ HTTP/1.1" 200 1587
INFO 2026-08-02 18:30:46,396 basehttp 21932 23468 "GET /api/code-review/languages/ HTTP/1.1" 200 1587
INFO 2026-08-02 18:31:01,275 basehttp 21932 23468 "POST /api/code-review/submissions/ HTTP/1.1" 201 1134
INFO 2026-08-02 18:31:02,022 basehttp 21932 23468 "POST /api/code-review/initiate/ HTTP/1.1" 200 3341
INFO 2026-08-02 18:31:05,385 basehttp 21932 23468 "GET /api/code-review/stats/ HTTP/1.1" 200 2215
INFO 2026-08-02 18:31:05,751 basehttp 21932 23468 "GET /api/code-review/stats/ HTTP/1.1" 200 2215
INFO 2026-08-02 18:31:05,918 basehttp 21932 24200 "GET /api/code-review/submissions/ HTTP/1.1" 200 531176
INFO 2026-08-02 18:31:06,277 basehttp 21932 23468 "GET /api/code-review/submissions/ HTTP/1.1" 200 531176
INFO 2026-08-02 18:31:09,489 basehttp 21932 25376 "OPTIONS /api/code-review/submissions/939c34f2-fb72-4fc6-8bc0-92b5df9f6bff/ HTTP/1.1" 200 0
INFO 2026-08-02 18:31:09,490 basehttp 21932 4428 "OPTIONS /api/code-review/submissions/939c34f2-fb72-4fc6-8bc0-92b5df9f6bff/ HTTP/1.1" 200 0
INFO 2026-08-02 18:31:09,771 basehttp 21932 23468 "GET /api/code-review/submissions/939c34f2-fb72-4fc6-8bc0-92b5df9f6bff/ HTTP/1.1" 200 2634
INFO 2026-08-02 18:31:10,015 basehttp 21932 23468 "GET /api/code-review/submissions/939c34f2-fb72-4fc6-8bc0-92b5df9f6bff/ HTTP/1.1" 200 2634
INFO 2026-08-02 18:49:29,898 autoreload 21932 11828 C:\ai-code-review-platform\backend\code_review\views.py changed, reloading.
INFO 2026-08-02 18:49:34,191 autoreload 17044 21580 Watching for file changes with StatReloader
INFO 2026-08-02 18:49:39,977 autoreload 17044 21580 C:\ai-code-review-platform\backend\code_review\views.py changed, reloading.
INFO 2026-08-02 18:49:43,662 autoreload 26116 11420 Watching for file changes with StatReloader
INFO 2026-08-02 18:49:46,727 autoreload 26116 11420 C:\ai-code-review-platform\backend\code_review\views.py changed, reloading.
INFO 2026-08-02 18:49:50,471 autoreload 26316 18232 Watching for file changes with StatReloader
INFO 2026-08-02 18:49:55,249 autoreload 26316 18232 C:\ai-code-review-platform\backend\code_review\views.py changed, reloading.
INFO 2026-08-02 18:49:59,182 autoreload 13584 14300 Watching for file changes with StatReloader
INFO 2026-08-02 18:50:06,681 autoreload 13584 14300 C:\ai-code-review-platform\backend\code_review\views.py changed, reloading.
INFO 2026-08-02 18:50:09,526 autoreload 24808 5360 Watching for file changes with StatReloader
INFO 2026-08-02 18:51:30,325 autoreload 24808 5360 C:\ai-code-review-platform\backend\code_review\views.py changed, reloading.
INFO 2026-08-02 18:51:33,223 autoreload 10440 23184 Watching for file changes with StatReloader
WARNING 2026-08-02 18:51:48,637 basehttp 10440 17300 "GET /api/code-review/stats/ HTTP/1.1" 401 183
WARNING 2026-08-02 18:51:48,646 basehttp 10440 17300 "GET /api/code-review/stats/ HTTP/1.1" 401 183
INFO 2026-08-02 18:51:48,665 basehttp 10440 8520 "POST /api/accounts/refresh/ HTTP/1.1" 200 309
INFO 2026-08-02 18:51:48,686 basehttp 10440 18984 "POST /api/accounts/refresh/ HTTP/1.1" 200 309
INFO 2026-08-02 18:51:48,928 basehttp 10440 17300 "GET /api/code-review/stats/ HTTP/1.1" 200 2215
INFO 2026-08-02 18:51:49,177 basehttp 10440 17300 "GET /api/code-review/stats/ HTTP/1.1" 200 2215
INFO 2026-08-02 18:51:49,482 basehttp 10440 10784 "GET /api/code-review/submissions/ HTTP/1.1" 200 531176
INFO 2026-08-02 18:51:49,889 basehttp 10440 17300 "GET /api/code-review/submissions/ HTTP/1.1" 200 531176
INFO 2026-08-02 18:51:51,831 basehttp 10440 17300 "GET /api/code-review/languages/ HTTP/1.1" 200 1587
INFO 2026-08-02 18:51:51,964 basehttp 10440 17300 "GET /api/code-review/languages/ HTTP/1.1" 200 1587
INFO 2026-08-02 18:52:38,369 basehttp 10440 17300 "POST /api/code-review/detect-language/ HTTP/1.1" 200 87
INFO 2026-08-02 18:52:44,170 basehttp 10440 17300 "POST /api/code-review/detect-language/ HTTP/1.1" 200 87
INFO 2026-08-03 08:04:18,278 autoreload 4308 13228 Watching for file changes with StatReloader
INFO 2026-08-03 08:17:01,454 basehttp 4308 13536 "OPTIONS /api/accounts/login/ HTTP/1.1" 200 0
INFO 2026-08-03 08:17:03,308 basehttp 4308 11800 "POST /api/accounts/login/ HTTP/1.1" 200 784
INFO 2026-08-03 08:17:03,841 basehttp 4308 13536 "OPTIONS /api/code-review/stats/ HTTP/1.1" 200 0
INFO 2026-08-03 08:17:03,844 basehttp 4308 12828 "OPTIONS /api/code-review/stats/ HTTP/1.1" 200 0
INFO 2026-08-03 08:17:03,940 basehttp 4308 11800 "GET /api/code-review/stats/ HTTP/1.1" 200 2215
INFO 2026-08-03 08:17:03,946 basehttp 4308 12828 "OPTIONS /api/code-review/submissions/ HTTP/1.1" 200 0
INFO 2026-08-03 08:17:04,025 basehttp 4308 11800 "GET /api/code-review/stats/ HTTP/1.1" 200 2215
INFO 2026-08-03 08:17:04,230 basehttp 4308 6248 "GET /api/code-review/submissions/ HTTP/1.1" 200 531176
INFO 2026-08-03 08:17:04,406 basehttp 4308 11800 "GET /api/code-review/submissions/ HTTP/1.1" 200 531176
INFO 2026-08-03 08:17:15,027 basehttp 4308 12828 "OPTIONS /api/accounts/profile/ HTTP/1.1" 200 0
INFO 2026-08-03 08:17:15,027 basehttp 4308 13536 "OPTIONS /api/accounts/profile/ HTTP/1.1" 200 0
INFO 2026-08-03 08:17:15,102 basehttp 4308 11800 "GET /api/accounts/profile/ HTTP/1.1" 200 387
INFO 2026-08-03 08:17:15,205 basehttp 4308 11800 "GET /api/accounts/profile/ HTTP/1.1" 200 387
INFO 2026-08-03 08:17:15,239 basehttp 4308 6248 "GET /api/code-review/stats/ HTTP/1.1" 200 2215
INFO 2026-08-03 08:17:15,344 basehttp 4308 6248 "GET /api/code-review/stats/ HTTP/1.1" 200 2215
INFO 2026-08-03 08:17:15,445 basehttp 4308 11800 "GET /api/code-review/submissions/ HTTP/1.1" 200 531176
INFO 2026-08-03 08:17:15,802 basehttp 4308 6248 "GET /api/code-review/submissions/ HTTP/1.1" 200 531176
INFO 2026-08-03 08:17:24,861 basehttp 4308 13536 "OPTIONS /api/code-review/languages/ HTTP/1.1" 200 0
INFO 2026-08-03 08:17:24,862 basehttp 4308 12828 "OPTIONS /api/code-review/languages/ HTTP/1.1" 200 0
INFO 2026-08-03 08:17:24,949 basehttp 4308 6248 "GET /api/code-review/languages/ HTTP/1.1" 200 1587
INFO 2026-08-03 08:17:25,021 basehttp 4308 6248 "GET /api/code-review/languages/ HTTP/1.1" 200 1587
INFO 2026-08-03 08:19:01,889 basehttp 4308 6248 "GET /api/accounts/profile/ HTTP/1.1" 200 387
INFO 2026-08-03 08:19:01,989 basehttp 4308 6248 "GET /api/accounts/profile/ HTTP/1.1" 200 387
INFO 2026-08-03 08:19:02,205 basehttp 4308 6248 "GET /api/code-review/languages/ HTTP/1.1" 200 1587
INFO 2026-08-03 08:19:02,286 basehttp 4308 6248 "GET /api/code-review/languages/ HTTP/1.1" 200 1587
INFO 2026-08-03 08:19:03,987 basehttp 4308 6248 "GET /api/code-review/stats/ HTTP/1.1" 200 2215
INFO 2026-08-03 08:19:04,086 basehttp 4308 6248 "GET /api/code-review/stats/ HTTP/1.1" 200 2215
INFO 2026-08-03 08:19:04,157 basehttp 4308 11800 "GET /api/code-review/submissions/ HTTP/1.1" 200 531176
INFO 2026-08-03 08:19:04,591 basehttp 4308 6248 "GET /api/code-review/submissions/ HTTP/1.1" 200 531176
INFO 2026-08-03 08:19:07,624 basehttp 4308 6248 "GET /api/accounts/profile/ HTTP/1.1" 200 387
INFO 2026-08-03 08:19:07,715 basehttp 4308 6248 "GET /api/accounts/profile/ HTTP/1.1" 200 387
INFO 2026-08-03 08:19:07,750 basehttp 4308 11800 "GET /api/code-review/stats/ HTTP/1.1" 200 2215
INFO 2026-08-03 08:19:07,843 basehttp 4308 11800 "GET /api/code-review/stats/ HTTP/1.1" 200 2215
INFO 2026-08-03 08:19:07,942 basehttp 4308 6248 "GET /api/code-review/submissions/ HTTP/1.1" 200 531176
INFO 2026-08-03 08:19:08,124 basehttp 4308 11800 "GET /api/code-review/submissions/ HTTP/1.1" 200 531176
INFO 2026-08-03 08:19:21,679 basehttp 4308 11800 "GET /api/accounts/profile/ HTTP/1.1" 200 387
INFO 2026-08-03 08:19:21,795 basehttp 4308 11800 "GET /api/accounts/profile/ HTTP/1.1" 200 387
INFO 2026-08-03 08:19:21,824 basehttp 4308 6248 "GET /api/code-review/stats/ HTTP/1.1" 200 2215
INFO 2026-08-03 08:19:21,917 basehttp 4308 6248 "GET /api/code-review/stats/ HTTP/1.1" 200 2215
INFO 2026-08-03 08:19:21,979 basehttp 4308 11800 "GET /api/code-review/submissions/ HTTP/1.1" 200 531176
INFO 2026-08-03 08:19:22,140 basehttp 4308 6248 "GET /api/code-review/submissions/ HTTP/1.1" 200 531176
INFO 2026-08-03 08:19:45,221 basehttp 4308 6248 "GET /api/accounts/profile/ HTTP/1.1" 200 387
INFO 2026-08-03 08:19:45,339 basehttp 4308 6248 "GET /api/accounts/profile/ HTTP/1.1" 200 387
INFO 2026-08-03 08:19:45,365 basehttp 4308 11800 "GET /api/code-review/stats/ HTTP/1.1" 200 2215
INFO 2026-08-03 08:19:45,476 basehttp 4308 11800 "GET /api/code-review/stats/ HTTP/1.1" 200 2215
INFO 2026-08-03 08:19:45,537 basehttp 4308 6248 "GET /api/code-review/submissions/ HTTP/1.1" 200 531176
INFO 2026-08-03 08:19:45,705 basehttp 4308 11800 "GET /api/code-review/submissions/ HTTP/1.1" 200 531176
INFO 2026-08-03 08:22:13,216 basehttp 4308 11800 "GET /api/accounts/profile/ HTTP/1.1" 200 387
INFO 2026-08-03 08:22:13,281 basehttp 4308 11800 "GET /api/accounts/profile/ HTTP/1.1" 200 387
INFO 2026-08-03 08:22:13,315 basehttp 4308 6248 "GET /api/code-review/stats/ HTTP/1.1" 200 2215
INFO 2026-08-03 08:22:13,417 basehttp 4308 6248 "GET /api/code-review/stats/ HTTP/1.1" 200 2215
INFO 2026-08-03 08:22:13,478 basehttp 4308 11800 "GET /api/code-review/submissions/ HTTP/1.1" 200 531176
INFO 2026-08-03 08:22:13,644 basehttp 4308 6248 "GET /api/code-review/submissions/ HTTP/1.1" 200 531176
INFO 2026-08-03 08:22:55,518 basehttp 4308 6248 "GET /api/code-review/stats/ HTTP/1.1" 200 2215
INFO 2026-08-03 08:22:55,638 basehttp 4308 6248 "GET /api/code-review/stats/ HTTP/1.1" 200 2215
INFO 2026-08-03 08:22:55,711 basehttp 4308 11800 "GET /api/code-review/submissions/ HTTP/1.1" 200 531176
INFO 2026-08-03 08:22:55,953 basehttp 4308 6248 "GET /api/code-review/submissions/ HTTP/1.1" 200 531176
INFO 2026-08-03 08:22:58,938 basehttp 4308 6248 "GET /api/accounts/profile/ HTTP/1.1" 200 387
INFO 2026-08-03 08:22:59,045 basehttp 4308 6248 "GET /api/accounts/profile/ HTTP/1.1" 200 387
INFO 2026-08-03 08:22:59,072 basehttp 4308 11800 "GET /api/code-review/stats/ HTTP/1.1" 200 2215
INFO 2026-08-03 08:22:59,188 basehttp 4308 11800 "GET /api/code-review/stats/ HTTP/1.1" 200 2215
INFO 2026-08-03 08:22:59,279 basehttp 4308 6248 "GET /api/code-review/submissions/ HTTP/1.1" 200 531176
INFO 2026-08-03 08:22:59,581 basehttp 4308 11800 "GET /api/code-review/submissions/ HTTP/1.1" 200 531176
INFO 2026-08-03 08:23:21,678 basehttp 4308 11800 "GET /api/accounts/profile/ HTTP/1.1" 200 387
INFO 2026-08-03 08:23:21,796 basehttp 4308 11800 "GET /api/accounts/profile/ HTTP/1.1" 200 387
INFO 2026-08-03 08:23:21,830 basehttp 4308 6248 "GET /api/code-review/stats/ HTTP/1.1" 200 2215
INFO 2026-08-03 08:23:21,936 basehttp 4308 6248 "GET /api/code-review/stats/ HTTP/1.1" 200 2215
INFO 2026-08-03 08:23:22,031 basehttp 4308 11800 "GET /api/code-review/submissions/ HTTP/1.1" 200 531176
INFO 2026-08-03 08:23:22,237 basehttp 4308 6248 "GET /api/code-review/submissions/ HTTP/1.1" 200 531176
INFO 2026-08-03 08:23:26,657 basehttp 4308 6248 "GET /api/accounts/profile/ HTTP/1.1" 200 387
INFO 2026-08-03 08:23:26,748 basehttp 4308 6248 "GET /api/accounts/profile/ HTTP/1.1" 200 387
INFO 2026-08-03 08:24:43,438 basehttp 4308 6248 "POST /api/accounts/login/ HTTP/1.1" 200 784
INFO 2026-08-03 08:24:44,211 basehttp 4308 6248 "GET /api/code-review/stats/ HTTP/1.1" 200 2215
INFO 2026-08-03 08:24:44,322 basehttp 4308 6248 "GET /api/code-review/stats/ HTTP/1.1" 200 2215
INFO 2026-08-03 08:24:44,426 basehttp 4308 11800 "GET /api/code-review/submissions/ HTTP/1.1" 200 531176
INFO 2026-08-03 08:24:44,635 basehttp 4308 6248 "GET /api/code-review/submissions/ HTTP/1.1" 200 531176
INFO 2026-08-03 08:25:27,854 basehttp 4308 6248 "GET /api/accounts/profile/ HTTP/1.1" 200 387
INFO 2026-08-03 08:25:27,983 basehttp 4308 6248 "GET /api/accounts/profile/ HTTP/1.1" 200 387
INFO 2026-08-03 08:25:28,014 basehttp 4308 11800 "GET /api/code-review/stats/ HTTP/1.1" 200 2215
INFO 2026-08-03 08:25:28,111 basehttp 4308 11800 "GET /api/code-review/stats/ HTTP/1.1" 200 2215
INFO 2026-08-03 08:25:28,219 basehttp 4308 6248 "GET /api/code-review/submissions/ HTTP/1.1" 200 531176
INFO 2026-08-03 08:25:28,440 basehttp 4308 11800 "GET /api/code-review/submissions/ HTTP/1.1" 200 531176
INFO 2026-08-03 08:26:45,880 basehttp 4308 9756 "OPTIONS /api/accounts/register/ HTTP/1.1" 200 0
WARNING 2026-08-03 08:26:46,116 basehttp 4308 11800 "POST /api/accounts/register/ HTTP/1.1" 400 166
INFO 2026-08-03 08:30:22,156 basehttp 4308 11800 "GET /api/accounts/profile/ HTTP/1.1" 200 387
INFO 2026-08-03 08:30:22,326 basehttp 4308 11800 "GET /api/accounts/profile/ HTTP/1.1" 200 387
WARNING 2026-08-03 08:31:04,714 basehttp 4308 11800 "POST /api/accounts/register/ HTTP/1.1" 400 166
WARNING 2026-08-03 08:33:18,463 basehttp 4308 5272 "POST /api/accounts/register/ HTTP/1.1" 400 119
INFO 2026-08-03 08:34:48,057 basehttp 4308 5272 "GET /api/accounts/profile/ HTTP/1.1" 200 387
INFO 2026-08-03 08:34:49,071 basehttp 4308 5272 "GET /api/accounts/profile/ HTTP/1.1" 200 387
WARNING 2026-08-03 08:35:34,916 basehttp 4308 5272 "POST /api/accounts/register/ HTTP/1.1" 400 119
WARNING 2026-08-03 08:36:39,267 basehttp 4308 5272 "POST /api/accounts/register/ HTTP/1.1" 400 108
INFO 2026-08-03 08:37:13,988 basehttp 4308 5272 "POST /api/accounts/register/ HTTP/1.1" 201 1225
INFO 2026-08-03 08:37:15,186 basehttp 4308 5272 "GET /api/code-review/stats/ HTTP/1.1" 200 2204
INFO 2026-08-03 08:37:15,286 basehttp 4308 1164 "GET /api/code-review/submissions/ HTTP/1.1" 200 52
INFO 2026-08-03 08:37:15,296 basehttp 4308 5272 "GET /api/code-review/stats/ HTTP/1.1" 200 2204
INFO 2026-08-03 08:37:15,630 basehttp 4308 5272 "GET /api/code-review/submissions/ HTTP/1.1" 200 52
INFO 2026-08-03 08:37:32,238 basehttp 4308 5272 "GET /api/code-review/languages/ HTTP/1.1" 200 1587
INFO 2026-08-03 08:37:32,317 basehttp 4308 5272 "GET /api/code-review/languages/ HTTP/1.1" 200 1587
INFO 2026-08-03 08:38:25,847 basehttp 4308 23924 "OPTIONS /api/code-review/detect-language/ HTTP/1.1" 200 0
INFO 2026-08-03 08:38:31,004 basehttp 4308 5272 "POST /api/code-review/detect-language/ HTTP/1.1" 200 87
INFO 2026-08-03 08:38:38,849 basehttp 4308 5272 "POST /api/code-review/submissions/ HTTP/1.1" 201 954
INFO 2026-08-03 08:38:38,854 basehttp 4308 23924 "OPTIONS /api/code-review/initiate/ HTTP/1.1" 200 0
INFO 2026-08-03 08:38:39,033 basehttp 4308 5272 "POST /api/code-review/initiate/ HTTP/1.1" 200 1422
INFO 2026-08-03 08:38:42,149 basehttp 4308 5272 "GET /api/code-review/stats/ HTTP/1.1" 200 2208
INFO 2026-08-03 08:38:42,245 basehttp 4308 5272 "GET /api/code-review/stats/ HTTP/1.1" 200 2208
INFO 2026-08-03 08:38:42,249 basehttp 4308 1164 "GET /api/code-review/submissions/ HTTP/1.1" 200 1345
INFO 2026-08-03 08:38:42,366 basehttp 4308 1164 "GET /api/code-review/submissions/ HTTP/1.1" 200 1345
INFO 2026-08-03 08:38:45,401 basehttp 4308 23924 "OPTIONS /api/code-review/submissions/4667538a-6452-4312-879b-2f5574144c12/ HTTP/1.1" 200 0
INFO 2026-08-03 08:38:45,407 basehttp 4308 9496 "OPTIONS /api/code-review/submissions/4667538a-6452-4312-879b-2f5574144c12/ HTTP/1.1" 200 0
INFO 2026-08-03 08:38:45,508 basehttp 4308 1164 "GET /api/code-review/submissions/4667538a-6452-4312-879b-2f5574144c12/ HTTP/1.1" 200 1293
INFO 2026-08-03 08:38:45,602 basehttp 4308 1164 "GET /api/code-review/submissions/4667538a-6452-4312-879b-2f5574144c12/ HTTP/1.1" 200 1293
INFO 2026-08-03 08:39:25,802 basehttp 4308 1164 "GET /api/code-review/languages/ HTTP/1.1" 200 1587
INFO 2026-08-03 08:39:25,881 basehttp 4308 1164 "GET /api/code-review/languages/ HTTP/1.1" 200 1587
INFO 2026-08-03 08:39:36,747 basehttp 4308 1164 "POST /api/code-review/submissions/ HTTP/1.1" 201 2101
INFO 2026-08-03 08:39:36,999 basehttp 4308 1164 "POST /api/code-review/initiate/ HTTP/1.1" 200 2273
INFO 2026-08-03 08:39:40,116 basehttp 4308 1164 "GET /api/code-review/stats/ HTTP/1.1" 200 2207
INFO 2026-08-03 08:39:40,219 basehttp 4308 1164 "GET /api/code-review/stats/ HTTP/1.1" 200 2207
INFO 2026-08-03 08:39:40,219 basehttp 4308 5272 "GET /api/code-review/submissions/ HTTP/1.1" 200 4210
INFO 2026-08-03 08:39:40,428 basehttp 4308 5272 "GET /api/code-review/submissions/ HTTP/1.1" 200 4210
INFO 2026-08-03 08:39:43,594 basehttp 4308 23924 "OPTIONS /api/code-review/submissions/026394c5-4f6e-4901-bef8-6bd53d895389/ HTTP/1.1" 200 0
INFO 2026-08-03 08:39:43,594 basehttp 4308 9496 "OPTIONS /api/code-review/submissions/026394c5-4f6e-4901-bef8-6bd53d895389/ HTTP/1.1" 200 0
INFO 2026-08-03 08:39:43,699 basehttp 4308 5272 "GET /api/code-review/submissions/026394c5-4f6e-4901-bef8-6bd53d895389/ HTTP/1.1" 200 2864
INFO 2026-08-03 08:39:43,778 basehttp 4308 5272 "GET /api/code-review/submissions/026394c5-4f6e-4901-bef8-6bd53d895389/ HTTP/1.1" 200 2864
INFO 2026-08-03 08:42:06,256 autoreload 4308 13228 C:\ai-code-review-platform\backend\code_review\views.py changed, reloading.
INFO 2026-08-03 08:42:09,949 autoreload 4932 11356 Watching for file changes with StatReloader
INFO 2026-08-03 08:42:14,276 autoreload 4932 11356 C:\ai-code-review-platform\backend\code_review\views.py changed, reloading.
INFO 2026-08-03 08:42:16,089 autoreload 12888 15752 Watching for file changes with StatReloader
INFO 2026-08-03 08:42:22,921 autoreload 12888 15752 C:\ai-code-review-platform\backend\code_review\views.py changed, reloading.
INFO 2026-08-03 08:42:24,743 autoreload 1588 14428 Watching for file changes with StatReloader
INFO 2026-08-03 08:42:39,120 autoreload 1588 14428 C:\ai-code-review-platform\backend\code_review\views.py changed, reloading.
INFO 2026-08-03 08:42:40,680 autoreload 6068 26116 Watching for file changes with StatReloader
INFO 2026-08-03 08:43:05,264 autoreload 6068 26116 C:\ai-code-review-platform\backend\code_review\views.py changed, reloading.
INFO 2026-08-03 08:43:07,368 autoreload 15116 10500 Watching for file changes with StatReloader
INFO 2026-08-03 08:43:17,397 autoreload 15116 10500 C:\ai-code-review-platform\backend\code_review\views.py changed, reloading.
INFO 2026-08-03 08:43:19,781 autoreload 20048 2992 Watching for file changes with StatReloader
INFO 2026-08-03 08:43:27,832 autoreload 20048 2992 C:\ai-code-review-platform\backend\code_review\views.py changed, reloading.
INFO 2026-08-03 08:43:30,259 autoreload 6812 19924 Watching for file changes with StatReloader
INFO 2026-08-03 08:47:19,691 autoreload 6812 19924 C:\ai-code-review-platform\backend\code_review\views.py changed, reloading.
INFO 2026-08-03 08:47:21,398 autoreload 14908 7852 Watching for file changes with StatReloader
INFO 2026-08-03 08:47:44,209 basehttp 14908 9396 "GET /api/code-review/stats/ HTTP/1.1" 200 2207
INFO 2026-08-03 08:47:44,430 basehttp 14908 9396 "GET /api/code-review/stats/ HTTP/1.1" 200 2207
INFO 2026-08-03 08:47:44,448 basehttp 14908 23844 "GET /api/code-review/submissions/ HTTP/1.1" 200 4210
INFO 2026-08-03 08:47:44,535 basehttp 14908 23844 "GET /api/code-review/submissions/ HTTP/1.1" 200 4210
INFO 2026-08-03 08:47:46,172 basehttp 14908 23844 "GET /api/code-review/languages/ HTTP/1.1" 200 1587
INFO 2026-08-03 08:47:46,253 basehttp 14908 23844 "GET /api/code-review/languages/ HTTP/1.1" 200 1587
INFO 2026-08-03 08:47:57,820 basehttp 14908 23844 "POST /api/code-review/submissions/ HTTP/1.1" 201 2185
INFO 2026-08-03 08:47:59,430 basehttp 14908 23844 "POST /api/code-review/initiate/ HTTP/1.1" 200 3148
INFO 2026-08-03 08:48:02,577 basehttp 14908 23844 "GET /api/code-review/stats/ HTTP/1.1" 200 2207
INFO 2026-08-03 08:48:02,684 basehttp 14908 9396 "GET /api/code-review/submissions/ HTTP/1.1" 200 7740
INFO 2026-08-03 08:48:02,685 basehttp 14908 23844 "GET /api/code-review/stats/ HTTP/1.1" 200 2207
INFO 2026-08-03 08:48:02,829 basehttp 14908 23844 "GET /api/code-review/submissions/ HTTP/1.1" 200 7740
INFO 2026-08-03 08:48:05,530 basehttp 14908 18500 "OPTIONS /api/code-review/submissions/d201aff8-5ddb-408c-b95f-4e8ba63e96e6/ HTTP/1.1" 200 0
INFO 2026-08-03 08:48:05,538 basehttp 14908 9032 "OPTIONS /api/code-review/submissions/d201aff8-5ddb-408c-b95f-4e8ba63e96e6/ HTTP/1.1" 200 0
INFO 2026-08-03 08:48:05,623 basehttp 14908 23844 "GET /api/code-review/submissions/d201aff8-5ddb-408c-b95f-4e8ba63e96e6/ HTTP/1.1" 200 3529
INFO 2026-08-03 08:48:05,702 basehttp 14908 23844 "GET /api/code-review/submissions/d201aff8-5ddb-408c-b95f-4e8ba63e96e6/ HTTP/1.1" 200 3529
INFO 2026-08-03 10:10:46,966 autoreload 20216 21216 Watching for file changes with StatReloader
INFO 2026-08-03 10:11:24,625 autoreload 20216 21216 C:\ai-code-review-platform\backend\code_review\views.py changed, reloading.
INFO 2026-08-03 10:11:27,819 autoreload 12220 1544 Watching for file changes with StatReloader
INFO 2026-08-03 10:16:25,293 autoreload 12220 1544 C:\ai-code-review-platform\backend\code_review\views.py changed, reloading.
INFO 2026-08-03 10:16:29,397 autoreload 26424 9212 Watching for file changes with StatReloader
INFO 2026-08-03 10:17:46,979 autoreload 26424 9212 C:\ai-code-review-platform\backend\code_review\views.py changed, reloading.
INFO 2026-08-03 10:17:50,912 autoreload 11724 21580 Watching for file changes with StatReloader
INFO 2026-08-03 10:17:54,878 autoreload 11724 21580 C:\ai-code-review-platform\backend\code_review\views.py changed, reloading.
INFO 2026-08-03 10:17:57,670 autoreload 25484 22404 Watching for file changes with StatReloader
INFO 2026-08-03 10:18:06,395 autoreload 25484 22404 C:\ai-code-review-platform\backend\code_review\views.py changed, reloading.
INFO 2026-08-03 10:18:09,800 autoreload 3460 18504 Watching for file changes with StatReloader
INFO 2026-08-03 10:18:30,733 autoreload 21688 17104 Watching for file changes with StatReloader
INFO 2026-08-03 10:19:20,063 autoreload 21688 17104 C:\ai-code-review-platform\backend\code_review\views.py changed, reloading.
INFO 2026-08-03 10:19:23,462 autoreload 19248 11720 Watching for file changes with StatReloader
INFO 2026-08-03 10:20:17,045 autoreload 19248 11720 C:\ai-code-review-platform\backend\code_review\views.py changed, reloading.
INFO 2026-08-03 10:20:20,812 autoreload 21064 23392 Watching for file changes with StatReloader
INFO 2026-08-03 10:20:28,981 autoreload 21064 23392 C:\ai-code-review-platform\backend\code_review\views.py changed, reloading.
INFO 2026-08-03 10:20:32,966 autoreload 25144 15492 Watching for file changes with StatReloader
INFO 2026-08-03 10:21:53,780 autoreload 25144 15492 C:\ai-code-review-platform\backend\code_review\views.py changed, reloading.
INFO 2026-08-03 10:21:57,646 autoreload 24732 22672 Watching for file changes with StatReloader
INFO 2026-08-03 10:23:11,875 autoreload 24732 22672 C:\ai-code-review-platform\backend\code_review\views.py changed, reloading.
INFO 2026-08-03 10:23:15,538 autoreload 8088 10352 Watching for file changes with StatReloader
INFO 2026-08-03 10:23:29,202 autoreload 8088 10352 C:\ai-code-review-platform\backend\code_review\views.py changed, reloading.
INFO 2026-08-03 10:23:32,985 autoreload 9468 1428 Watching for file changes with StatReloader
INFO 2026-08-03 10:25:38,769 autoreload 9468 1428 C:\ai-code-review-platform\backend\code_review\views.py changed, reloading.
INFO 2026-08-03 10:25:41,477 autoreload 13116 19648 Watching for file changes with StatReloader
INFO 2026-08-03 10:26:17,498 autoreload 13116 19648 C:\ai-code-review-platform\backend\code_review\views.py changed, reloading.
INFO 2026-08-03 10:26:20,495 autoreload 7648 22264 Watching for file changes with StatReloader
INFO 2026-08-03 10:32:51,649 autoreload 7648 22264 C:\ai-code-review-platform\backend\code_review\views.py changed, reloading.
INFO 2026-08-03 10:32:56,013 autoreload 7964 14212 Watching for file changes with StatReloader
INFO 2026-08-03 10:33:13,193 autoreload 7964 14212 C:\ai-code-review-platform\backend\code_review\views.py changed, reloading.
INFO 2026-08-03 10:33:16,145 autoreload 2368 11956 Watching for file changes with StatReloader
INFO 2026-08-03 10:33:24,019 autoreload 2368 11956 C:\ai-code-review-platform\backend\code_review\views.py changed, reloading.
INFO 2026-08-03 10:33:27,753 autoreload 4088 9624 Watching for file changes with StatReloader
INFO 2026-08-03 10:35:54,862 basehttp 4088 26260 "OPTIONS /api/accounts/login/ HTTP/1.1" 200 0
WARNING 2026-08-03 10:35:55,051 basehttp 4088 16996 "POST /api/accounts/login/ HTTP/1.1" 401 103
INFO 2026-08-03 10:36:09,687 basehttp 4088 16996 "POST /api/accounts/login/ HTTP/1.1" 200 789
INFO 2026-08-03 10:36:10,251 basehttp 4088 26260 "OPTIONS /api/code-review/stats/ HTTP/1.1" 200 0
INFO 2026-08-03 10:36:10,264 basehttp 4088 23496 "OPTIONS /api/code-review/stats/ HTTP/1.1" 200 0
INFO 2026-08-03 10:36:10,582 basehttp 4088 16996 "GET /api/code-review/stats/ HTTP/1.1" 200 2207
INFO 2026-08-03 10:36:10,598 basehttp 4088 23496 "OPTIONS /api/code-review/submissions/ HTTP/1.1" 200 0
INFO 2026-08-03 10:36:10,932 basehttp 4088 16996 "GET /api/code-review/stats/ HTTP/1.1" 200 2207
INFO 2026-08-03 10:36:11,022 basehttp 4088 23752 "GET /api/code-review/submissions/ HTTP/1.1" 200 7740
INFO 2026-08-03 10:36:11,170 basehttp 4088 16996 "GET /api/code-review/submissions/ HTTP/1.1" 200 7740
INFO 2026-08-03 10:42:22,927 autoreload 4088 9624 C:\ai-code-review-platform\backend\code_review\views.py changed, reloading.
INFO 2026-08-03 10:42:27,393 autoreload 21112 23736 Watching for file changes with StatReloader
INFO 2026-08-03 10:42:58,951 autoreload 21112 23736 C:\ai-code-review-platform\backend\code_review\views.py changed, reloading.
INFO 2026-08-03 10:43:02,090 autoreload 16076 1220 Watching for file changes with StatReloader
INFO 2026-08-03 10:43:07,885 autoreload 16076 1220 C:\ai-code-review-platform\backend\code_review\views.py changed, reloading.
INFO 2026-08-03 10:43:11,200 autoreload 16336 12412 Watching for file changes with StatReloader
INFO 2026-08-03 10:43:15,643 autoreload 16336 12412 C:\ai-code-review-platform\backend\code_review\views.py changed, reloading.
INFO 2026-08-03 10:43:18,815 autoreload 13056 7648 Watching for file changes with StatReloader
INFO 2026-08-03 19:05:15,697 autoreload 25740 25340 Watching for file changes with StatReloader
INFO 2026-08-03 19:07:46,670 autoreload 25740 25340 C:\ai-code-review-platform\backend\code_review\views.py changed, reloading.
INFO 2026-08-03 19:07:48,713 autoreload 21924 17596 Watching for file changes with StatReloader
INFO 2026-08-03 19:11:44,737 autoreload 21924 17596 C:\ai-code-review-platform\backend\code_review\views.py changed, reloading.
INFO 2026-08-03 19:11:46,492 autoreload 21272 14264 Watching for file changes with StatReloader
INFO 2026-08-03 19:12:01,162 autoreload 21272 14264 C:\ai-code-review-platform\backend\code_review\views.py changed, reloading.
INFO 2026-08-03 19:12:02,634 autoreload 14048 10264 Watching for file changes with StatReloader
INFO 2026-08-03 19:12:24,824 autoreload 14048 10264 C:\ai-code-review-platform\backend\code_review\views.py changed, reloading.
INFO 2026-08-03 19:12:26,370 autoreload 15036 12896 Watching for file changes with StatReloader
INFO 2026-08-03 19:12:31,666 autoreload 15036 12896 C:\ai-code-review-platform\backend\code_review\views.py changed, reloading.
INFO 2026-08-03 19:12:33,252 autoreload 14116 21396 Watching for file changes with StatReloader
INFO 2026-08-03 19:13:57,756 autoreload 14116 21396 C:\ai-code-review-platform\backend\code_review\views.py changed, reloading.
INFO 2026-08-03 19:13:59,475 autoreload 1492 18168 Watching for file changes with StatReloader
INFO 2026-08-03 19:14:15,145 autoreload 1492 18168 C:\ai-code-review-platform\backend\code_review\views.py changed, reloading.
INFO 2026-08-03 19:14:16,612 autoreload 5084 11664 Watching for file changes with StatReloader
INFO 2026-08-03 19:15:04,347 autoreload 18876 11040 Watching for file changes with StatReloader
INFO 2026-08-03 19:37:02,129 autoreload 18876 11040 C:\ai-code-review-platform\backend\code_review\views.py changed, reloading.
INFO 2026-08-03 19:37:06,943 autoreload 9804 15088 Watching for file changes with StatReloader
INFO 2026-08-03 19:39:30,406 autoreload 9804 15088 C:\ai-code-review-platform\backend\code_review\views.py changed, reloading.
INFO 2026-08-03 19:39:34,565 autoreload 5500 23248 Watching for file changes with StatReloader
INFO 2026-08-03 19:39:38,954 autoreload 5500 23248 C:\ai-code-review-platform\backend\code_review\views.py changed, reloading.
INFO 2026-08-03 19:39:42,836 autoreload 19868 4984 Watching for file changes with StatReloader
INFO 2026-08-03 19:40:13,783 autoreload 19868 4984 C:\ai-code-review-platform\backend\code_review\views.py changed, reloading.
INFO 2026-08-03 19:40:17,451 autoreload 15172 25832 Watching for file changes with StatReloader
INFO 2026-08-03 19:43:57,623 autoreload 15172 25832 C:\ai-code-review-platform\backend\code_review\views.py changed, reloading.
INFO 2026-08-03 19:44:01,537 autoreload 21020 12284 Watching for file changes with StatReloader
INFO 2026-08-03 20:23:55,622 basehttp 21020 26228 "OPTIONS /api/accounts/login/ HTTP/1.1" 200 0
INFO 2026-08-03 20:24:00,459 basehttp 21020 16600 "POST /api/accounts/login/ HTTP/1.1" 200 789
INFO 2026-08-03 20:24:01,033 basehttp 21020 26228 "OPTIONS /api/code-review/stats/ HTTP/1.1" 200 0
INFO 2026-08-03 20:24:01,045 basehttp 21020 26228 "OPTIONS /api/code-review/stats/ HTTP/1.1" 200 0
INFO 2026-08-03 20:24:01,202 basehttp 21020 16600 "GET /api/code-review/stats/ HTTP/1.1" 200 2207
INFO 2026-08-03 20:24:01,210 basehttp 21020 26228 "OPTIONS /api/code-review/submissions/ HTTP/1.1" 200 0
INFO 2026-08-03 20:24:01,365 basehttp 21020 16600 "GET /api/code-review/stats/ HTTP/1.1" 200 2207
INFO 2026-08-03 20:24:01,438 basehttp 21020 21068 "GET /api/code-review/submissions/ HTTP/1.1" 200 7740
INFO 2026-08-03 20:24:01,630 basehttp 21020 21068 "GET /api/code-review/submissions/ HTTP/1.1" 200 7740
INFO 2026-08-03 20:24:06,529 basehttp 21020 26228 "OPTIONS /api/code-review/languages/ HTTP/1.1" 200 0
INFO 2026-08-03 20:24:06,529 basehttp 21020 14536 "OPTIONS /api/code-review/languages/ HTTP/1.1" 200 0
INFO 2026-08-03 20:24:06,697 basehttp 21020 21068 "GET /api/code-review/languages/ HTTP/1.1" 200 1587
INFO 2026-08-03 20:24:06,852 basehttp 21020 21068 "GET /api/code-review/languages/ HTTP/1.1" 200 1587
INFO 2026-08-03 20:24:20,513 basehttp 21020 26228 "OPTIONS /api/code-review/detect-language/ HTTP/1.1" 200 0
ERROR 2026-08-03 20:24:21,515 log 21020 21068 Internal Server Error: /api/code-review/detect-language/
Traceback (most recent call last):
  File "C:\Users\DELL\AppData\Local\Programs\Python\Python310\lib\site-packages\django\core\handlers\exception.py", line 55, in inner
    response = get_response(request)
  File "C:\Users\DELL\AppData\Local\Programs\Python\Python310\lib\site-packages\django\core\handlers\base.py", line 197, in _get_response
    response = wrapped_callback(request, *callback_args, **callback_kwargs)
  File "C:\Users\DELL\AppData\Local\Programs\Python\Python310\lib\site-packages\django\views\decorators\csrf.py", line 65, in _view_wrapper
    return view_func(request, *args, **kwargs)
  File "C:\Users\DELL\AppData\Local\Programs\Python\Python310\lib\site-packages\django\views\generic\base.py", line 104, in view
    return self.dispatch(request, *args, **kwargs)
  File "C:\Users\DELL\AppData\Local\Programs\Python\Python310\lib\site-packages\rest_framework\views.py", line 509, in dispatch
    response = self.handle_exception(exc)
  File "C:\Users\DELL\AppData\Local\Programs\Python\Python310\lib\site-packages\rest_framework\views.py", line 469, in handle_exception
    self.raise_uncaught_exception(exc)
  File "C:\Users\DELL\AppData\Local\Programs\Python\Python310\lib\site-packages\rest_framework\views.py", line 480, in raise_uncaught_exception
    raise exc
  File "C:\Users\DELL\AppData\Local\Programs\Python\Python310\lib\site-packages\rest_framework\views.py", line 506, in dispatch
    response = handler(request, *args, **kwargs)
  File "C:\ai-code-review-platform\backend\code_review\views.py", line 455, in post
    if not code or not code.strip():
AttributeError: 'dict' object has no attribute 'strip'
ERROR 2026-08-03 20:24:21,533 basehttp 21020 21068 "POST /api/code-review/detect-language/ HTTP/1.1" 500 106469
ERROR 2026-08-03 20:24:35,337 log 21020 21068 Internal Server Error: /api/code-review/detect-language/
Traceback (most recent call last):
  File "C:\Users\DELL\AppData\Local\Programs\Python\Python310\lib\site-packages\django\core\handlers\exception.py", line 55, in inner
    response = get_response(request)
  File "C:\Users\DELL\AppData\Local\Programs\Python\Python310\lib\site-packages\django\core\handlers\base.py", line 197, in _get_response
    response = wrapped_callback(request, *callback_args, **callback_kwargs)
  File "C:\Users\DELL\AppData\Local\Programs\Python\Python310\lib\site-packages\django\views\decorators\csrf.py", line 65, in _view_wrapper
    return view_func(request, *args, **kwargs)
  File "C:\Users\DELL\AppData\Local\Programs\Python\Python310\lib\site-packages\django\views\generic\base.py", line 104, in view
    return self.dispatch(request, *args, **kwargs)
  File "C:\Users\DELL\AppData\Local\Programs\Python\Python310\lib\site-packages\rest_framework\views.py", line 509, in dispatch
    response = self.handle_exception(exc)
  File "C:\Users\DELL\AppData\Local\Programs\Python\Python310\lib\site-packages\rest_framework\views.py", line 469, in handle_exception
    self.raise_uncaught_exception(exc)
  File "C:\Users\DELL\AppData\Local\Programs\Python\Python310\lib\site-packages\rest_framework\views.py", line 480, in raise_uncaught_exception
    raise exc
  File "C:\Users\DELL\AppData\Local\Programs\Python\Python310\lib\site-packages\rest_framework\views.py", line 506, in dispatch
    response = handler(request, *args, **kwargs)
  File "C:\ai-code-review-platform\backend\code_review\views.py", line 455, in post
    if not code or not code.strip():
AttributeError: 'dict' object has no attribute 'strip'
ERROR 2026-08-03 20:24:35,343 basehttp 21020 21068 "POST /api/code-review/detect-language/ HTTP/1.1" 500 106469
INFO 2026-08-03 20:26:52,281 autoreload 21020 12284 C:\ai-code-review-platform\backend\code_review\views.py changed, reloading.
INFO 2026-08-03 20:26:56,204 autoreload 13932 23004 Watching for file changes with StatReloader
INFO 2026-08-03 20:27:04,579 autoreload 13932 23004 C:\ai-code-review-platform\backend\code_review\views.py changed, reloading.
INFO 2026-08-03 20:27:08,273 autoreload 15024 11868 Watching for file changes with StatReloader
INFO 2026-08-03 20:34:27,117 autoreload 15024 11868 C:\ai-code-review-platform\backend\code_review\views.py changed, reloading.
INFO 2026-08-03 20:34:30,725 autoreload 5340 19192 Watching for file changes with StatReloader
INFO 2026-08-03 20:38:29,976 autoreload 3796 7380 Watching for file changes with StatReloader
INFO 2026-08-03 20:40:06,222 autoreload 5344 24600 Watching for file changes with StatReloader
INFO 2026-08-03 20:41:14,709 basehttp 5344 10520 "GET / HTTP/1.1" 200 515
WARNING 2026-08-03 20:41:15,012 basehttp 5344 10520 "GET /favicon.ico HTTP/1.1" 404 4652
INFO 2026-08-03 20:41:30,868 basehttp 5344 10520 "GET / HTTP/1.1" 200 515
WARNING 2026-08-03 20:41:48,037 basehttp 5344 10520 "GET /api/ HTTP/1.1" 404 4631
INFO 2026-08-03 20:42:21,991 basehttp 5344 10520 "GET /api/code-review/llm-status/ HTTP/1.1" 200 10316
INFO 2026-08-03 20:42:22,726 basehttp 5344 1180 "GET /static/rest_framework/css/bootstrap-tweaks.css HTTP/1.1" 200 3426
INFO 2026-08-03 20:42:22,738 basehttp 5344 1180 "GET /static/rest_framework/js/csrf.js HTTP/1.1" 200 1793
INFO 2026-08-03 20:42:22,750 basehttp 5344 10520 "GET /static/rest_framework/css/bootstrap.min.css HTTP/1.1" 200 121457
INFO 2026-08-03 20:42:22,760 basehttp 5344 1180 "GET /static/rest_framework/js/bootstrap.min.js HTTP/1.1" 200 39680
INFO 2026-08-03 20:42:22,785 basehttp 5344 10520 "GET /static/rest_framework/js/prettify-min.js HTTP/1.1" 200 13632
INFO 2026-08-03 20:42:22,786 basehttp 5344 1180 "GET /static/rest_framework/js/default.js HTTP/1.1" 200 1268
INFO 2026-08-03 20:42:22,801 basehttp 5344 10520 "GET /static/rest_framework/js/load-ajax-form.js HTTP/1.1" 200 59
INFO 2026-08-03 20:42:23,349 basehttp 5344 26104 "GET /static/rest_framework/js/ajax-form.js HTTP/1.1" 200 3796
INFO 2026-08-03 20:42:23,362 basehttp 5344 6964 "GET /static/rest_framework/js/jquery-3.7.1.min.js HTTP/1.1" 200 87533
INFO 2026-08-03 20:42:23,393 basehttp 5344 12116 "GET /static/rest_framework/css/prettify.css HTTP/1.1" 200 817
INFO 2026-08-03 20:42:23,394 basehttp 5344 19648 "GET /static/rest_framework/css/default.css HTTP/1.1" 200 1152
INFO 2026-08-03 20:42:23,445 basehttp 5344 19648 "GET /static/rest_framework/img/grid.png HTTP/1.1" 200 1458
INFO 2026-08-03 21:06:03,824 autoreload 6524 1036 Watching for file changes with StatReloader
INFO 2026-08-03 21:09:13,260 basehttp 6524 17620 "GET /api/code-review/llm-status/ HTTP/1.1" 200 140
INFO 2026-08-03 21:09:22,139 basehttp 6524 17620 "GET /api/code-review/llm-status/ HTTP/1.1" 200 140
INFO 2026-08-03 21:10:37,905 basehttp 6524 9828 "GET /api/code-review/llm-status/ HTTP/1.1" 200 140
INFO 2026-08-03 21:10:51,459 basehttp 6524 16612 "GET /api/code-review/llm-status/ HTTP/1.1" 200 140
INFO 2026-08-03 21:12:17,358 basehttp 6524 21144 "POST /api/code-review/detect-language/ HTTP/1.1" 200 98
INFO 2026-08-03 21:24:17,513 autoreload 21732 17736 Watching for file changes with StatReloader
INFO 2026-08-03 21:27:04,143 autoreload 18436 16024 Watching for file changes with StatReloader
INFO 2026-08-03 21:27:18,043 basehttp 18436 3596 "POST /api/token/ HTTP/1.1" 200 582
INFO 2026-08-03 21:27:20,034 basehttp 18436 3596 "POST /api/code-review/detect-language/ HTTP/1.1" 200 98
WARNING 2026-08-03 21:27:20,231 basehttp 18436 3596 "POST /api/code-review/submissions/ HTTP/1.1" 400 76
INFO 2026-08-03 21:28:44,262 basehttp 18436 23688 "GET /admin/ HTTP/1.1" 302 0
INFO 2026-08-03 21:28:44,700 basehttp 18436 23688 "GET /admin/login/?next=/admin/ HTTP/1.1" 200 4160
INFO 2026-08-03 21:28:45,581 basehttp 18436 12964 "GET /static/admin/css/login.css HTTP/1.1" 200 951
INFO 2026-08-03 21:28:45,650 basehttp 18436 10920 "GET /static/admin/css/responsive.css HTTP/1.1" 200 17972
INFO 2026-08-03 21:28:45,654 basehttp 18436 23688 "GET /static/admin/css/base.css HTTP/1.1" 200 22092
INFO 2026-08-03 21:28:45,716 basehttp 18436 17380 "GET /static/admin/css/dark_mode.css HTTP/1.1" 200 2804
INFO 2026-08-03 21:28:45,730 basehttp 18436 24264 "GET /static/admin/css/nav_sidebar.css HTTP/1.1" 200 2810
INFO 2026-08-03 21:28:45,774 basehttp 18436 2232 "GET /static/admin/js/theme.js HTTP/1.1" 200 1653
INFO 2026-08-03 21:28:45,818 basehttp 18436 24264 "GET /static/admin/js/nav_sidebar.js HTTP/1.1" 200 3063
WARNING 2026-08-03 21:28:45,984 basehttp 18436 24264 "GET /favicon.ico HTTP/1.1" 404 4652
INFO 2026-08-03 21:29:01,893 basehttp 18436 24264 "POST /admin/login/?next=/admin/ HTTP/1.1" 302 0
INFO 2026-08-03 21:29:02,155 basehttp 18436 24264 "GET /admin/ HTTP/1.1" 200 11138
INFO 2026-08-03 21:29:02,214 basehttp 18436 24264 "GET /static/admin/css/dashboard.css HTTP/1.1" 200 441
INFO 2026-08-03 21:29:02,232 basehttp 18436 2232 "GET /static/admin/img/icon-addlink.svg HTTP/1.1" 200 331
INFO 2026-08-03 21:29:02,234 basehttp 18436 17380 "GET /static/admin/img/icon-changelink.svg HTTP/1.1" 200 380
INFO 2026-08-04 07:59:29,160 autoreload 22972 21680 Watching for file changes with StatReloader
INFO 2026-08-04 08:03:01,082 basehttp 22972 9476 "OPTIONS /api/accounts/login/ HTTP/1.1" 200 0
INFO 2026-08-04 08:03:05,780 basehttp 22972 3896 "POST /api/accounts/login/ HTTP/1.1" 200 789
INFO 2026-08-04 08:03:06,360 basehttp 22972 9476 "OPTIONS /api/code-review/stats/ HTTP/1.1" 200 0
INFO 2026-08-04 08:03:06,361 basehttp 22972 21400 "OPTIONS /api/code-review/stats/ HTTP/1.1" 200 0
INFO 2026-08-04 08:03:06,529 basehttp 22972 3896 "GET /api/code-review/stats/ HTTP/1.1" 200 2433
INFO 2026-08-04 08:03:06,537 basehttp 22972 21400 "OPTIONS /api/code-review/submissions/ HTTP/1.1" 200 0
INFO 2026-08-04 08:03:06,707 basehttp 22972 3896 "GET /api/code-review/stats/ HTTP/1.1" 200 2433
INFO 2026-08-04 08:03:06,759 basehttp 22972 16052 "GET /api/code-review/submissions/ HTTP/1.1" 200 7740
INFO 2026-08-04 08:03:06,949 basehttp 22972 3896 "GET /api/code-review/submissions/ HTTP/1.1" 200 7740
INFO 2026-08-04 08:03:16,949 basehttp 22972 3896 "GET /api/code-review/submissions/ HTTP/1.1" 200 7740
INFO 2026-08-04 08:03:17,127 basehttp 22972 3896 "GET /api/code-review/submissions/ HTTP/1.1" 200 7740
INFO 2026-08-04 08:03:23,821 basehttp 22972 21400 "OPTIONS /api/code-review/submissions/d201aff8-5ddb-408c-b95f-4e8ba63e96e6/ HTTP/1.1" 200 0
INFO 2026-08-04 08:03:24,143 basehttp 22972 3896 "DELETE /api/code-review/submissions/d201aff8-5ddb-408c-b95f-4e8ba63e96e6/ HTTP/1.1" 204 0
INFO 2026-08-04 08:03:26,947 basehttp 22972 21400 "OPTIONS /api/code-review/submissions/026394c5-4f6e-4901-bef8-6bd53d895389/ HTTP/1.1" 200 0
INFO 2026-08-04 08:03:27,369 basehttp 22972 3896 "DELETE /api/code-review/submissions/026394c5-4f6e-4901-bef8-6bd53d895389/ HTTP/1.1" 204 0
INFO 2026-08-04 08:03:30,061 basehttp 22972 21400 "OPTIONS /api/code-review/submissions/4667538a-6452-4312-879b-2f5574144c12/ HTTP/1.1" 200 0
INFO 2026-08-04 08:03:30,355 basehttp 22972 3896 "DELETE /api/code-review/submissions/4667538a-6452-4312-879b-2f5574144c12/ HTTP/1.1" 204 0
INFO 2026-08-04 08:03:33,242 basehttp 22972 21400 "OPTIONS /api/code-review/languages/ HTTP/1.1" 200 0
INFO 2026-08-04 08:03:33,242 basehttp 22972 9476 "OPTIONS /api/code-review/languages/ HTTP/1.1" 200 0
INFO 2026-08-04 08:03:33,440 basehttp 22972 3896 "GET /api/code-review/languages/ HTTP/1.1" 200 1587
INFO 2026-08-04 08:03:33,591 basehttp 22972 3896 "GET /api/code-review/languages/ HTTP/1.1" 200 1587
INFO 2026-08-04 08:04:33,658 basehttp 22972 4964 "GET /admin/ HTTP/1.1" 200 11138
WARNING 2026-08-04 08:04:33,875 basehttp 22972 4964 "GET /favicon.ico HTTP/1.1" 404 4652
INFO 2026-08-04 08:04:49,970 basehttp 22972 4964 "GET /admin/code_review/codesubmission/add/ HTTP/1.1" 200 26680
INFO 2026-08-04 08:04:50,270 basehttp 22972 20740 "GET /admin/jsi18n/ HTTP/1.1" 200 3342
INFO 2026-08-04 08:04:50,915 basehttp 22972 20344 "GET /static/admin/js/core.js HTTP/1.1" 200 6208
INFO 2026-08-04 08:04:50,930 basehttp 22972 20344 "GET /static/admin/js/urlify.js HTTP/1.1" 200 7887
INFO 2026-08-04 08:04:50,944 basehttp 22972 20344 "GET /static/admin/js/prepopulate.js HTTP/1.1" 200 1531
INFO 2026-08-04 08:04:51,014 basehttp 22972 4524 "GET /static/admin/js/jquery.init.js HTTP/1.1" 200 347
INFO 2026-08-04 08:04:51,036 basehttp 22972 4524 "GET /static/admin/js/prepopulate_init.js HTTP/1.1" 200 586
INFO 2026-08-04 08:04:51,075 basehttp 22972 4964 "GET /static/admin/css/forms.css HTTP/1.1" 200 8794
INFO 2026-08-04 08:04:51,114 basehttp 22972 18172 "GET /static/admin/js/admin/RelatedObjectLookups.js HTTP/1.1" 200 9097
INFO 2026-08-04 08:04:51,115 basehttp 22972 4964 "GET /static/admin/css/widgets.css HTTP/1.1" 200 11564
INFO 2026-08-04 08:04:51,154 basehttp 22972 20740 "GET /static/admin/js/actions.js HTTP/1.1" 200 8076
INFO 2026-08-04 08:04:51,227 basehttp 22972 24800 "GET /static/admin/js/vendor/jquery/jquery.js HTTP/1.1" 200 285314
INFO 2026-08-04 08:04:51,257 basehttp 22972 20344 "GET /static/admin/js/vendor/xregexp/xregexp.js HTTP/1.1" 200 325171
INFO 2026-08-04 08:04:51,292 basehttp 22972 24800 "GET /static/admin/js/change_form.js HTTP/1.1" 200 606
INFO 2026-08-04 08:04:51,295 basehttp 22972 20344 "GET /static/admin/img/icon-viewlink.svg HTTP/1.1" 200 581
INFO 2026-08-04 08:06:01,302 basehttp 22972 20344 "POST /admin/code_review/codesubmission/add/ HTTP/1.1" 200 27269
INFO 2026-08-04 08:06:01,434 basehttp 22972 20344 "GET /admin/jsi18n/ HTTP/1.1" 200 3342
INFO 2026-08-04 08:06:39,533 basehttp 22972 20344 "POST /admin/code_review/codesubmission/add/ HTTP/1.1" 302 0
INFO 2026-08-04 08:06:39,987 basehttp 22972 20344 "GET /admin/code_review/codesubmission/ HTTP/1.1" 200 31163
INFO 2026-08-04 08:06:40,048 basehttp 22972 20344 "GET /static/admin/css/changelists.css HTTP/1.1" 200 6878
INFO 2026-08-04 08:06:40,055 basehttp 22972 20740 "GET /static/admin/img/search.svg HTTP/1.1" 200 458
INFO 2026-08-04 08:06:40,064 basehttp 22972 20740 "GET /static/admin/js/filters.js HTTP/1.1" 200 978
INFO 2026-08-04 08:06:40,153 basehttp 22972 24800 "GET /admin/jsi18n/ HTTP/1.1" 200 3342
INFO 2026-08-04 08:06:40,209 basehttp 22972 24800 "GET /static/admin/img/icon-yes.svg HTTP/1.1" 200 436
INFO 2026-08-04 08:06:40,216 basehttp 22972 20740 "GET /static/admin/img/tooltag-add.svg HTTP/1.1" 200 331
INFO 2026-08-04 08:06:40,220 basehttp 22972 20344 "GET /static/admin/img/sorting-icons.svg HTTP/1.1" 200 1097
INFO 2026-08-04 08:10:40,112 basehttp 22972 10380 "POST /api/token/ HTTP/1.1" 200 582
WARNING 2026-08-04 08:10:40,204 basehttp 22972 10380 "POST /api/code-review/initiate-review/ HTTP/1.1" 404 8300
INFO 2026-08-04 08:11:04,824 basehttp 22972 20344 "GET /admin/code_review/codesubmission/c9a1a935-628c-495e-aa7c-6342fcc95a64/change/ HTTP/1.1" 200 27582
INFO 2026-08-04 08:11:05,078 basehttp 22972 20344 "GET /admin/jsi18n/ HTTP/1.1" 200 3342
INFO 2026-08-04 08:11:05,176 basehttp 22972 20344 "GET /static/admin/img/tooltag-arrowright.svg HTTP/1.1" 200 280
INFO 2026-08-04 08:11:26,783 basehttp 22972 10380 "POST /api/token/ HTTP/1.1" 200 582
WARNING 2026-08-04 08:11:26,952 basehttp 22972 10380 "POST /api/code-review/initiate-review/ HTTP/1.1" 404 8300
INFO 2026-08-04 08:13:03,876 basehttp 22972 10380 "POST /api/token/ HTTP/1.1" 200 582
INFO 2026-08-04 08:13:13,067 basehttp 22972 10380 "POST /api/code-review/initiate/ HTTP/1.1" 200 6000
INFO 2026-08-04 08:18:54,085 autoreload 22972 21680 C:\ai-code-review-platform\backend\core\settings.py changed, reloading.
INFO 2026-08-04 08:18:58,007 autoreload 18576 2248 Watching for file changes with StatReloader
INFO 2026-08-04 08:19:50,012 basehttp 18576 15408 "GET /api/code-review/llm-status/ HTTP/1.1" 200 140
INFO 2026-08-04 08:20:59,729 autoreload 18576 2248 C:\ai-code-review-platform\backend\code_review\views.py changed, reloading.
INFO 2026-08-04 08:21:04,041 autoreload 8188 24080 Watching for file changes with StatReloader
INFO 2026-08-04 08:21:11,445 autoreload 8188 24080 C:\ai-code-review-platform\backend\code_review\views.py changed, reloading.
INFO 2026-08-04 08:21:15,141 autoreload 25284 3596 Watching for file changes with StatReloader
INFO 2026-08-04 08:21:26,691 autoreload 25284 3596 C:\ai-code-review-platform\backend\code_review\views.py changed, reloading.
INFO 2026-08-04 08:21:30,161 autoreload 20612 15436 Watching for file changes with StatReloader
INFO 2026-08-04 08:22:03,201 autoreload 20612 15436 C:\ai-code-review-platform\backend\code_review\views.py changed, reloading.
INFO 2026-08-04 08:22:06,938 autoreload 17000 12100 Watching for file changes with StatReloader
INFO 2026-08-04 08:22:26,440 autoreload 23852 26584 Watching for file changes with StatReloader
INFO 2026-08-04 08:23:13,807 autoreload 23852 26584 C:\ai-code-review-platform\backend\code_review\views.py changed, reloading.
INFO 2026-08-04 08:23:13,836 autoreload 17000 12100 C:\ai-code-review-platform\backend\code_review\views.py changed, reloading.
INFO 2026-08-04 08:23:17,021 autoreload 11148 4940 Watching for file changes with StatReloader
INFO 2026-08-04 08:23:17,171 autoreload 18036 12964 Watching for file changes with StatReloader
INFO 2026-08-04 08:24:32,574 autoreload 11148 4940 C:\ai-code-review-platform\backend\code_review\views.py changed, reloading.
INFO 2026-08-04 08:24:32,778 autoreload 18036 12964 C:\ai-code-review-platform\backend\code_review\views.py changed, reloading.
INFO 2026-08-04 08:24:35,893 autoreload 11876 21960 Watching for file changes with StatReloader
INFO 2026-08-04 08:24:36,163 autoreload 15084 24308 Watching for file changes with StatReloader
INFO 2026-08-04 08:25:01,037 autoreload 15084 24308 C:\ai-code-review-platform\backend\code_review\views.py changed, reloading.
INFO 2026-08-04 08:25:01,969 autoreload 11876 21960 C:\ai-code-review-platform\backend\code_review\views.py changed, reloading.
INFO 2026-08-04 08:25:04,231 autoreload 15932 11092 Watching for file changes with StatReloader
INFO 2026-08-04 08:25:05,446 autoreload 18056 16040 Watching for file changes with StatReloader
INFO 2026-08-04 08:25:09,058 autoreload 15932 11092 C:\ai-code-review-platform\backend\code_review\views.py changed, reloading.
INFO 2026-08-04 08:25:09,670 autoreload 18056 16040 C:\ai-code-review-platform\backend\code_review\views.py changed, reloading.
INFO 2026-08-04 08:25:12,433 autoreload 23340 13052 Watching for file changes with StatReloader
INFO 2026-08-04 08:25:12,689 autoreload 16228 1812 Watching for file changes with StatReloader
INFO 2026-08-04 08:25:43,654 autoreload 16228 1812 C:\ai-code-review-platform\backend\code_review\views.py changed, reloading.
INFO 2026-08-04 08:25:43,664 autoreload 23340 13052 C:\ai-code-review-platform\backend\code_review\views.py changed, reloading.
INFO 2026-08-04 08:25:46,725 autoreload 20516 12824 Watching for file changes with StatReloader
INFO 2026-08-04 08:25:46,810 autoreload 19696 21620 Watching for file changes with StatReloader
INFO 2026-08-04 08:25:55,541 autoreload 20516 12824 C:\ai-code-review-platform\backend\code_review\views.py changed, reloading.
INFO 2026-08-04 08:25:55,877 autoreload 19696 21620 C:\ai-code-review-platform\backend\code_review\views.py changed, reloading.
INFO 2026-08-04 08:25:58,524 autoreload 11360 2100 Watching for file changes with StatReloader
INFO 2026-08-04 08:25:58,881 autoreload 13684 14372 Watching for file changes with StatReloader
INFO 2026-08-04 08:26:16,661 autoreload 11360 2100 C:\ai-code-review-platform\backend\code_review\views.py changed, reloading.
INFO 2026-08-04 08:26:16,663 autoreload 13684 14372 C:\ai-code-review-platform\backend\code_review\views.py changed, reloading.
INFO 2026-08-04 08:26:19,594 autoreload 7196 16640 Watching for file changes with StatReloader
INFO 2026-08-04 08:26:19,759 autoreload 10960 4904 Watching for file changes with StatReloader
INFO 2026-08-04 08:26:27,499 autoreload 10960 4904 C:\ai-code-review-platform\backend\code_review\views.py changed, reloading.
INFO 2026-08-04 08:26:28,369 autoreload 7196 16640 C:\ai-code-review-platform\backend\code_review\views.py changed, reloading.
INFO 2026-08-04 08:26:30,284 autoreload 1840 15904 Watching for file changes with StatReloader
INFO 2026-08-04 08:26:31,115 autoreload 13072 20108 Watching for file changes with StatReloader
INFO 2026-08-04 08:28:20,122 autoreload 13072 20108 C:\ai-code-review-platform\backend\code_review\views.py changed, reloading.
INFO 2026-08-04 08:28:20,240 autoreload 1840 15904 C:\ai-code-review-platform\backend\code_review\views.py changed, reloading.
INFO 2026-08-04 08:28:22,964 autoreload 12376 9332 Watching for file changes with StatReloader
INFO 2026-08-04 08:28:23,077 autoreload 11536 644 Watching for file changes with StatReloader
INFO 2026-08-04 08:30:22,600 autoreload 11036 11948 Watching for file changes with StatReloader
INFO 2026-08-04 08:32:03,801 autoreload 11536 644 C:\ai-code-review-platform\backend\code_review\views.py changed, reloading.
INFO 2026-08-04 08:32:03,915 autoreload 11036 11948 C:\ai-code-review-platform\backend\code_review\views.py changed, reloading.
INFO 2026-08-04 08:32:06,935 autoreload 892 16136 Watching for file changes with StatReloader
INFO 2026-08-04 08:32:06,949 autoreload 12024 8968 Watching for file changes with StatReloader
INFO 2026-08-04 08:32:13,597 autoreload 12024 8968 C:\ai-code-review-platform\backend\code_review\views.py changed, reloading.
INFO 2026-08-04 08:32:13,808 autoreload 892 16136 C:\ai-code-review-platform\backend\code_review\views.py changed, reloading.
INFO 2026-08-04 08:32:16,857 autoreload 21192 17892 Watching for file changes with StatReloader
INFO 2026-08-04 08:32:17,223 autoreload 8636 1320 Watching for file changes with StatReloader
INFO 2026-08-04 08:32:30,838 autoreload 8636 1320 C:\ai-code-review-platform\backend\code_review\views.py changed, reloading.
INFO 2026-08-04 08:32:30,839 autoreload 21192 17892 C:\ai-code-review-platform\backend\code_review\views.py changed, reloading.
INFO 2026-08-04 08:32:33,857 autoreload 17064 14748 Watching for file changes with StatReloader
INFO 2026-08-04 08:32:33,983 autoreload 16052 10784 Watching for file changes with StatReloader
INFO 2026-08-04 08:32:49,095 autoreload 16052 10784 C:\ai-code-review-platform\backend\code_review\views.py changed, reloading.
INFO 2026-08-04 08:32:49,730 autoreload 17064 14748 C:\ai-code-review-platform\backend\code_review\views.py changed, reloading.
INFO 2026-08-04 08:32:52,229 autoreload 18344 11292 Watching for file changes with StatReloader
INFO 2026-08-04 08:32:52,577 autoreload 9592 11116 Watching for file changes with StatReloader
INFO 2026-08-04 08:38:41,748 autoreload 9592 11116 C:\ai-code-review-platform\backend\code_review\views.py changed, reloading.
INFO 2026-08-04 08:38:41,766 autoreload 18344 11292 C:\ai-code-review-platform\backend\code_review\views.py changed, reloading.
INFO 2026-08-04 08:38:45,829 autoreload 16680 2216 Watching for file changes with StatReloader
INFO 2026-08-04 08:38:45,970 autoreload 3976 16728 Watching for file changes with StatReloader
INFO 2026-08-04 08:39:07,697 autoreload 16680 2216 C:\ai-code-review-platform\backend\code_review\views.py changed, reloading.
INFO 2026-08-04 08:39:08,891 autoreload 3976 16728 C:\ai-code-review-platform\backend\code_review\views.py changed, reloading.
INFO 2026-08-04 08:39:11,117 autoreload 19664 24260 Watching for file changes with StatReloader
INFO 2026-08-04 08:39:12,053 autoreload 7952 15224 Watching for file changes with StatReloader
INFO 2026-08-04 08:39:30,612 autoreload 19664 24260 C:\ai-code-review-platform\backend\code_review\views.py changed, reloading.
INFO 2026-08-04 08:39:31,056 autoreload 7952 15224 C:\ai-code-review-platform\backend\code_review\views.py changed, reloading.
INFO 2026-08-04 08:39:33,514 autoreload 1568 15904 Watching for file changes with StatReloader
INFO 2026-08-04 08:39:34,022 autoreload 22776 16696 Watching for file changes with StatReloader
INFO 2026-08-04 08:39:36,484 autoreload 22776 16696 C:\ai-code-review-platform\backend\code_review\views.py changed, reloading.
INFO 2026-08-04 08:39:37,209 autoreload 1568 15904 C:\ai-code-review-platform\backend\code_review\views.py changed, reloading.
INFO 2026-08-04 08:39:39,525 autoreload 14256 18308 Watching for file changes with StatReloader
INFO 2026-08-04 08:39:39,898 autoreload 26272 11380 Watching for file changes with StatReloader
INFO 2026-08-04 08:40:00,365 autoreload 26272 11380 C:\ai-code-review-platform\backend\code_review\views.py changed, reloading.
INFO 2026-08-04 08:40:00,418 autoreload 14256 18308 C:\ai-code-review-platform\backend\code_review\views.py changed, reloading.
INFO 2026-08-04 08:40:03,386 autoreload 14160 4768 Watching for file changes with StatReloader
INFO 2026-08-04 08:40:03,503 autoreload 26232 18516 Watching for file changes with StatReloader
WARNING 2026-08-04 08:43:22,470 basehttp 26232 11364 "POST /api/code-review/detect-language/ HTTP/1.1" 400 107
WARNING 2026-08-04 08:43:58,417 basehttp 26232 18200 "POST /api/code-review/detect-language/ HTTP/1.1" 400 107
INFO 2026-08-04 08:44:11,895 basehttp 26232 2804 "POST /api/code-review/detect-language/ HTTP/1.1" 200 98
INFO 2026-08-04 08:45:06,179 basehttp 26232 2804 "GET /api/code-review/llm-status/ HTTP/1.1" 200 140
INFO 2026-08-04 08:45:34,011 basehttp 26232 2804 "GET /api/code-review/llm-status/ HTTP/1.1" 200 140
INFO 2026-08-04 08:46:05,156 basehttp 26232 2804 "POST /api/code-review/detect-language/ HTTP/1.1" 200 98
INFO 2026-08-04 08:49:54,833 basehttp 26232 19448 "GET /api/code-review/llm-status/ HTTP/1.1" 200 140
INFO 2026-08-04 08:50:06,232 basehttp 26232 19448 "POST /api/code-review/detect-language/ HTTP/1.1" 200 98
INFO 2026-08-04 08:50:33,061 basehttp 26232 19448 "POST /api/code-review/detect-language/ HTTP/1.1" 200 106
INFO 2026-08-04 08:54:17,099 autoreload 19716 18300 Watching for file changes with StatReloader
INFO 2026-08-04 08:55:07,598 basehttp 19716 23684 "POST /api/code-review/detect-language/ HTTP/1.1" 200 98
INFO 2026-08-04 08:57:28,436 basehttp 19716 22076 "POST /api/code-review/detect-language/ HTTP/1.1" 200 98
INFO 2026-08-04 08:57:38,692 basehttp 19716 22076 "GET /api/code-review/llm-status/ HTTP/1.1" 200 140
INFO 2026-08-04 08:57:59,397 basehttp 19716 22076 "POST /api/code-review/detect-language/ HTTP/1.1" 200 98
INFO 2026-08-04 11:07:30,249 autoreload 13216 25972 Watching for file changes with StatReloader
INFO 2026-08-04 11:16:04,883 basehttp 13216 17088 "POST /api/code-review/detect-language/ HTTP/1.1" 200 98
INFO 2026-08-04 11:16:53,029 basehttp 13216 17088 "GET /api/code-review/llm-status/ HTTP/1.1" 200 140
INFO 2026-08-04 11:17:18,085 basehttp 13216 17088 "GET /api/code-review/llm-status/ HTTP/1.1" 200 140
INFO 2026-08-04 11:19:41,805 autoreload 13216 25972 C:\ai-code-review-platform\backend\code_review\views.py changed, reloading.
INFO 2026-08-04 11:19:45,310 autoreload 19448 22228 Watching for file changes with StatReloader
INFO 2026-08-04 11:20:30,191 basehttp 19448 25884 "GET /api/code-review/llm-status/ HTTP/1.1" 200 140
INFO 2026-08-04 11:20:51,610 basehttp 19448 25884 "POST /api/code-review/detect-language/ HTTP/1.1" 200 98
INFO 2026-08-04 11:24:10,959 autoreload 19448 22228 C:\ai-code-review-platform\backend\code_review\views.py changed, reloading.
INFO 2026-08-04 11:24:15,528 autoreload 18916 23796 Watching for file changes with StatReloader
INFO 2026-08-04 11:25:21,798 autoreload 18916 23796 C:\ai-code-review-platform\backend\code_review\views.py changed, reloading.
INFO 2026-08-04 11:25:24,977 autoreload 8388 7704 Watching for file changes with StatReloader
INFO 2026-08-04 11:27:16,379 autoreload 8388 7704 C:\ai-code-review-platform\backend\code_review\views.py changed, reloading.
INFO 2026-08-04 11:27:20,102 autoreload 25324 25036 Watching for file changes with StatReloader
INFO 2026-08-04 11:27:26,516 autoreload 25324 25036 C:\ai-code-review-platform\backend\code_review\views.py changed, reloading.
INFO 2026-08-04 11:27:30,002 autoreload 2216 24176 Watching for file changes with StatReloader
INFO 2026-08-04 11:27:37,939 autoreload 2216 24176 C:\ai-code-review-platform\backend\code_review\views.py changed, reloading.
INFO 2026-08-04 11:27:41,703 autoreload 18872 15756 Watching for file changes with StatReloader
INFO 2026-08-04 11:27:47,406 autoreload 18872 15756 C:\ai-code-review-platform\backend\code_review\views.py changed, reloading.
INFO 2026-08-04 11:27:51,165 autoreload 21200 26544 Watching for file changes with StatReloader
INFO 2026-08-04 11:32:25,528 autoreload 21200 26544 C:\ai-code-review-platform\backend\code_review\views.py changed, reloading.
INFO 2026-08-04 11:32:27,233 autoreload 20576 18364 Watching for file changes with StatReloader
INFO 2026-08-04 11:32:54,553 autoreload 20576 18364 C:\ai-code-review-platform\backend\code_review\views.py changed, reloading.
INFO 2026-08-04 11:32:55,872 autoreload 23168 20192 Watching for file changes with StatReloader
INFO 2026-08-04 11:33:13,224 autoreload 23168 20192 C:\ai-code-review-platform\backend\code_review\views.py changed, reloading.
INFO 2026-08-04 11:33:15,672 autoreload 5372 2128 Watching for file changes with StatReloader
INFO 2026-08-04 11:33:24,291 autoreload 5372 2128 C:\ai-code-review-platform\backend\code_review\views.py changed, reloading.
INFO 2026-08-04 11:33:26,076 autoreload 19424 7256 Watching for file changes with StatReloader
INFO 2026-08-04 11:33:36,883 autoreload 19424 7256 C:\ai-code-review-platform\backend\code_review\views.py changed, reloading.
INFO 2026-08-04 11:33:38,352 autoreload 23636 10436 Watching for file changes with StatReloader
INFO 2026-08-04 11:33:58,914 autoreload 23636 10436 C:\ai-code-review-platform\backend\code_review\views.py changed, reloading.
INFO 2026-08-04 11:34:00,486 autoreload 25200 17164 Watching for file changes with StatReloader
INFO 2026-08-04 11:34:03,378 autoreload 25200 17164 C:\ai-code-review-platform\backend\code_review\views.py changed, reloading.
INFO 2026-08-04 11:34:04,842 autoreload 11608 2912 Watching for file changes with StatReloader
INFO 2026-08-04 11:34:10,088 autoreload 11608 2912 C:\ai-code-review-platform\backend\code_review\views.py changed, reloading.
INFO 2026-08-04 11:34:11,532 autoreload 25544 17324 Watching for file changes with StatReloader
INFO 2026-08-04 11:34:16,547 autoreload 25544 17324 C:\ai-code-review-platform\backend\code_review\views.py changed, reloading.
INFO 2026-08-04 11:34:17,968 autoreload 4168 13688 Watching for file changes with StatReloader
INFO 2026-08-04 11:34:21,965 autoreload 4168 13688 C:\ai-code-review-platform\backend\code_review\views.py changed, reloading.
INFO 2026-08-04 11:34:23,534 autoreload 21832 16860 Watching for file changes with StatReloader
INFO 2026-08-04 11:34:38,697 autoreload 21832 16860 C:\ai-code-review-platform\backend\code_review\views.py changed, reloading.
INFO 2026-08-04 11:34:40,057 autoreload 22816 1808 Watching for file changes with StatReloader
INFO 2026-08-04 11:42:15,931 autoreload 22816 1808 C:\ai-code-review-platform\backend\code_review\views.py changed, reloading.
INFO 2026-08-04 11:42:17,565 autoreload 22336 3056 Watching for file changes with StatReloader
INFO 2026-08-04 11:42:52,629 basehttp 22336 12868 "GET /api/code-review/llm-status/ HTTP/1.1" 200 191
INFO 2026-08-04 11:43:18,645 basehttp 22336 12868 "POST /api/code-review/detect-language/ HTTP/1.1" 200 98
INFO 2026-08-04 11:43:41,017 basehttp 22336 12868 "POST /api/code-review/detect-language/ HTTP/1.1" 200 98
INFO 2026-08-04 11:44:21,514 autoreload 22336 3056 C:\ai-code-review-platform\backend\code_review\views.py changed, reloading.
INFO 2026-08-04 11:44:23,018 autoreload 9424 24248 Watching for file changes with StatReloader
INFO 2026-08-04 11:44:27,028 autoreload 9424 24248 C:\ai-code-review-platform\backend\code_review\views.py changed, reloading.
INFO 2026-08-04 11:44:28,561 autoreload 22732 23168 Watching for file changes with StatReloader
INFO 2026-08-04 11:44:35,779 autoreload 22732 23168 C:\ai-code-review-platform\backend\code_review\views.py changed, reloading.
INFO 2026-08-04 11:44:37,368 autoreload 23672 9340 Watching for file changes with StatReloader
INFO 2026-08-04 11:44:40,180 autoreload 23672 9340 C:\ai-code-review-platform\backend\code_review\views.py changed, reloading.
INFO 2026-08-04 11:44:41,823 autoreload 8020 2408 Watching for file changes with StatReloader
INFO 2026-08-04 11:44:59,236 autoreload 8020 2408 C:\ai-code-review-platform\backend\code_review\views.py changed, reloading.
INFO 2026-08-04 11:45:00,788 autoreload 7136 4748 Watching for file changes with StatReloader
INFO 2026-08-04 11:45:33,428 autoreload 7136 4748 C:\ai-code-review-platform\backend\code_review\views.py changed, reloading.
INFO 2026-08-04 11:45:35,204 autoreload 16944 16920 Watching for file changes with StatReloader
INFO 2026-08-04 11:45:40,081 autoreload 16944 16920 C:\ai-code-review-platform\backend\code_review\views.py changed, reloading.
INFO 2026-08-04 11:45:41,365 autoreload 15412 13664 Watching for file changes with StatReloader
INFO 2026-08-04 11:45:56,381 autoreload 15412 13664 C:\ai-code-review-platform\backend\code_review\views.py changed, reloading.
INFO 2026-08-04 11:45:57,975 autoreload 11620 15928 Watching for file changes with StatReloader
INFO 2026-08-04 11:46:22,707 basehttp 11620 6960 "POST /api/code-review/detect-language/ HTTP/1.1" 200 98
INFO 2026-08-04 11:47:44,795 basehttp 11620 6960 "POST /api/code-review/detect-language/ HTTP/1.1" 200 98
INFO 2026-08-04 11:48:04,700 autoreload 11620 15928 C:\ai-code-review-platform\backend\code_review\views.py changed, reloading.
INFO 2026-08-04 11:48:06,600 autoreload 18952 16712 Watching for file changes with StatReloader
INFO 2026-08-04 11:48:09,055 autoreload 18952 16712 C:\ai-code-review-platform\backend\code_review\views.py changed, reloading.
INFO 2026-08-04 11:48:10,430 autoreload 2852 3872 Watching for file changes with StatReloader
INFO 2026-08-04 11:48:44,398 autoreload 2852 3872 C:\ai-code-review-platform\backend\code_review\views.py changed, reloading.
INFO 2026-08-04 11:48:45,718 autoreload 10988 13856 Watching for file changes with StatReloader
INFO 2026-08-04 11:49:00,906 autoreload 10988 13856 C:\ai-code-review-platform\backend\code_review\views.py changed, reloading.
INFO 2026-08-04 11:49:02,330 autoreload 4532 17932 Watching for file changes with StatReloader
INFO 2026-08-04 11:49:31,256 basehttp 4532 12540 "POST /api/code-review/detect-language/ HTTP/1.1" 200 98
INFO 2026-08-04 11:50:28,963 autoreload 4532 17932 C:\ai-code-review-platform\backend\code_review\views.py changed, reloading.
INFO 2026-08-04 11:50:30,399 autoreload 24776 20704 Watching for file changes with StatReloader
INFO 2026-08-04 11:50:56,099 basehttp 24776 11268 "POST /api/code-review/detect-language/ HTTP/1.1" 200 98
INFO 2026-08-04 11:54:10,525 autoreload 24776 20704 C:\ai-code-review-platform\backend\core\settings.py changed, reloading.
INFO 2026-08-04 11:57:29,925 autoreload 25300 15792 Watching for file changes with StatReloader
INFO 2026-08-04 11:57:49,643 basehttp 25300 15400 "POST /api/code-review/detect-language/ HTTP/1.1" 200 98
INFO 2026-08-04 11:59:08,731 autoreload 25300 15792 C:\ai-code-review-platform\backend\code_review\views.py changed, reloading.
INFO 2026-08-04 11:59:10,479 autoreload 24528 20708 Watching for file changes with StatReloader
INFO 2026-08-04 11:59:21,252 basehttp 24528 20784 "POST /api/code-review/detect-language/ HTTP/1.1" 200 98
INFO 2026-08-04 12:02:12,597 autoreload 12316 9496 Watching for file changes with StatReloader
INFO 2026-08-04 12:04:19,957 basehttp 12316 23220 "POST /api/code-review/detect-language/ HTTP/1.1" 200 98
INFO 2026-08-04 12:05:46,440 autoreload 12316 9496 C:\ai-code-review-platform\backend\core\settings.py changed, reloading.
INFO 2026-08-04 12:05:48,509 autoreload 18544 12064 Watching for file changes with StatReloader
INFO 2026-08-04 12:06:04,440 basehttp 18544 7616 "POST /api/code-review/detect-language/ HTTP/1.1" 200 98
INFO 2026-08-04 12:06:43,876 autoreload 18544 12064 C:\ai-code-review-platform\backend\core\settings.py changed, reloading.
INFO 2026-08-04 12:06:45,403 autoreload 6096 13280 Watching for file changes with StatReloader
INFO 2026-08-04 12:06:52,336 autoreload 6096 13280 C:\ai-code-review-platform\backend\core\settings.py changed, reloading.
INFO 2026-08-04 12:06:53,715 autoreload 15260 25124 Watching for file changes with StatReloader
INFO 2026-08-04 12:07:00,847 autoreload 15260 25124 C:\ai-code-review-platform\backend\core\settings.py changed, reloading.
INFO 2026-08-04 12:07:02,323 autoreload 10916 2808 Watching for file changes with StatReloader
INFO 2026-08-04 12:07:20,091 basehttp 10916 23968 "POST /api/code-review/detect-language/ HTTP/1.1" 200 98
INFO 2026-08-04 12:08:21,990 autoreload 2776 24360 Watching for file changes with StatReloader
INFO 2026-08-04 12:42:56,165 autoreload 2776 24360 C:\ai-code-review-platform\backend\code_review\views.py changed, reloading.
INFO 2026-08-04 12:42:58,155 autoreload 19588 1676 Watching for file changes with StatReloader
INFO 2026-08-04 12:44:00,000 autoreload 23104 1976 Watching for file changes with StatReloader
INFO 2026-08-04 12:44:09,819 basehttp 23104 17204 "POST /api/code-review/detect-language/ HTTP/1.1" 200 98
INFO 2026-08-04 12:46:01,817 autoreload 23104 1976 C:\ai-code-review-platform\backend\code_review\views.py changed, reloading.
INFO 2026-08-04 12:46:03,699 autoreload 15412 26344 Watching for file changes with StatReloader
INFO 2026-08-04 12:46:17,601 autoreload 21040 14028 Watching for file changes with StatReloader
INFO 2026-08-04 12:46:28,402 basehttp 15412 25988 "POST /api/code-review/detect-language/ HTTP/1.1" 200 98
INFO 2026-08-04 12:52:51,484 basehttp 15412 22820 "POST /api/code-review/detect-language/ HTTP/1.1" 200 98
INFO 2026-08-04 12:53:44,101 autoreload 22064 24560 Watching for file changes with StatReloader
INFO 2026-08-04 12:53:52,439 basehttp 22064 18544 "POST /api/code-review/detect-language/ HTTP/1.1" 200 98
INFO 2026-08-04 12:56:15,194 autoreload 13220 23568 Watching for file changes with StatReloader
INFO 2026-08-04 12:56:51,287 autoreload 13220 23568 C:\ai-code-review-platform\backend\code_review\views.py changed, reloading.
INFO 2026-08-04 12:56:52,585 autoreload 5580 17332 Watching for file changes with StatReloader
INFO 2026-08-04 12:58:01,663 autoreload 5580 17332 C:\ai-code-review-platform\backend\code_review\views.py changed, reloading.
INFO 2026-08-04 12:58:03,046 autoreload 9856 4156 Watching for file changes with StatReloader
INFO 2026-08-04 12:58:07,065 autoreload 9856 4156 C:\ai-code-review-platform\backend\code_review\views.py changed, reloading.
INFO 2026-08-04 12:58:08,528 autoreload 16812 18916 Watching for file changes with StatReloader
INFO 2026-08-04 12:58:18,088 autoreload 16812 18916 C:\ai-code-review-platform\backend\code_review\views.py changed, reloading.
INFO 2026-08-04 12:58:19,604 autoreload 1812 22980 Watching for file changes with StatReloader
INFO 2026-08-04 12:58:25,901 autoreload 1812 22980 C:\ai-code-review-platform\backend\code_review\views.py changed, reloading.
INFO 2026-08-04 12:58:27,278 autoreload 6056 9144 Watching for file changes with StatReloader
INFO 2026-08-04 12:58:32,544 autoreload 6056 9144 C:\ai-code-review-platform\backend\code_review\views.py changed, reloading.
INFO 2026-08-04 12:58:33,967 autoreload 24024 18892 Watching for file changes with StatReloader
INFO 2026-08-04 12:58:35,839 autoreload 24024 18892 C:\ai-code-review-platform\backend\code_review\views.py changed, reloading.
INFO 2026-08-04 12:58:37,314 autoreload 9268 16740 Watching for file changes with StatReloader
INFO 2026-08-04 12:59:02,124 autoreload 9268 16740 C:\ai-code-review-platform\backend\code_review\views.py changed, reloading.
INFO 2026-08-04 12:59:03,469 autoreload 5084 22080 Watching for file changes with StatReloader
INFO 2026-08-04 12:59:06,403 autoreload 5084 22080 C:\ai-code-review-platform\backend\code_review\views.py changed, reloading.
INFO 2026-08-04 12:59:07,582 autoreload 25900 13820 Watching for file changes with StatReloader
INFO 2026-08-04 13:05:29,490 autoreload 25900 13820 C:\ai-code-review-platform\backend\code_review\views.py changed, reloading.
INFO 2026-08-04 13:05:30,843 autoreload 3076 3304 Watching for file changes with StatReloader
INFO 2026-08-04 13:06:04,372 basehttp 3076 10188 "POST /api/code-review/detect-language/ HTTP/1.1" 200 98
INFO 2026-08-04 13:15:16,728 autoreload 3076 3304 C:\ai-code-review-platform\backend\code_review\views.py changed, reloading.
INFO 2026-08-04 13:15:18,543 autoreload 13280 12136 Watching for file changes with StatReloader
INFO 2026-08-04 13:15:21,391 autoreload 13280 12136 C:\ai-code-review-platform\backend\code_review\views.py changed, reloading.
INFO 2026-08-04 13:15:22,806 autoreload 15760 24744 Watching for file changes with StatReloader
INFO 2026-08-04 13:15:29,178 autoreload 15760 24744 C:\ai-code-review-platform\backend\code_review\views.py changed, reloading.
INFO 2026-08-04 13:15:31,548 autoreload 24560 22116 Watching for file changes with StatReloader
INFO 2026-08-04 13:15:50,922 basehttp 24560 16936 "POST /api/code-review/detect-language/ HTTP/1.1" 200 98
INFO 2026-08-04 13:17:25,623 autoreload 24560 22116 C:\ai-code-review-platform\backend\code_review\views.py changed, reloading.
INFO 2026-08-04 13:17:27,703 autoreload 11044 10048 Watching for file changes with StatReloader
INFO 2026-08-04 13:17:48,202 basehttp 11044 24332 "POST /api/code-review/detect-language/ HTTP/1.1" 200 98
INFO 2026-08-04 13:22:05,968 autoreload 11044 10048 C:\ai-code-review-platform\backend\code_review\views.py changed, reloading.
INFO 2026-08-04 13:22:09,596 autoreload 1328 12216 Watching for file changes with StatReloader
INFO 2026-08-04 13:22:17,427 autoreload 1328 12216 C:\ai-code-review-platform\backend\code_review\views.py changed, reloading.
INFO 2026-08-04 13:22:20,753 autoreload 24436 2016 Watching for file changes with StatReloader
INFO 2026-08-04 13:22:38,646 autoreload 17632 11244 Watching for file changes with StatReloader
INFO 2026-08-04 13:22:51,791 basehttp 17632 8072 "POST /api/code-review/detect-language/ HTTP/1.1" 200 98
INFO 2026-08-04 13:51:12,623 autoreload 17632 11244 C:\ai-code-review-platform\backend\code_review\views.py changed, reloading.
INFO 2026-08-04 13:51:17,100 autoreload 24004 9424 Watching for file changes with StatReloader
INFO 2026-08-04 13:51:30,609 basehttp 24004 8472 "POST /api/code-review/detect-language/ HTTP/1.1" 200 124
INFO 2026-08-04 13:53:01,729 basehttp 24004 8472 "POST /api/code-review/detect-language/ HTTP/1.1" 200 121
INFO 2026-08-04 13:54:38,181 basehttp 24004 12388 "OPTIONS /api/accounts/login/ HTTP/1.1" 200 0
INFO 2026-08-04 13:54:42,004 basehttp 24004 4476 "POST /api/accounts/login/ HTTP/1.1" 200 789
INFO 2026-08-04 13:54:42,578 basehttp 24004 12388 "OPTIONS /api/code-review/stats/ HTTP/1.1" 200 0
INFO 2026-08-04 13:54:42,585 basehttp 24004 2512 "OPTIONS /api/code-review/stats/ HTTP/1.1" 200 0
INFO 2026-08-04 13:54:42,759 basehttp 24004 4476 "GET /api/code-review/stats/ HTTP/1.1" 200 2430
INFO 2026-08-04 13:54:42,770 basehttp 24004 2512 "OPTIONS /api/code-review/submissions/ HTTP/1.1" 200 0
INFO 2026-08-04 13:54:42,934 basehttp 24004 20708 "GET /api/code-review/submissions/ HTTP/1.1" 200 52
INFO 2026-08-04 13:54:42,941 basehttp 24004 4476 "GET /api/code-review/stats/ HTTP/1.1" 200 2430
INFO 2026-08-04 13:54:43,160 basehttp 24004 4476 "GET /api/code-review/submissions/ HTTP/1.1" 200 52
INFO 2026-08-04 13:54:49,157 basehttp 24004 2512 "OPTIONS /api/code-review/languages/ HTTP/1.1" 200 0
INFO 2026-08-04 13:54:49,158 basehttp 24004 12388 "OPTIONS /api/code-review/languages/ HTTP/1.1" 200 0
INFO 2026-08-04 13:54:49,312 basehttp 24004 4476 "GET /api/code-review/languages/ HTTP/1.1" 200 1587
INFO 2026-08-04 13:54:49,467 basehttp 24004 4476 "GET /api/code-review/languages/ HTTP/1.1" 200 1587
INFO 2026-08-04 13:55:00,719 basehttp 24004 12388 "OPTIONS /api/code-review/detect-language/ HTTP/1.1" 200 0
INFO 2026-08-04 13:55:02,497 basehttp 24004 4476 "POST /api/code-review/detect-language/ HTTP/1.1" 200 117
INFO 2026-08-04 13:55:11,064 basehttp 24004 4476 "POST /api/code-review/submissions/ HTTP/1.1" 201 947
INFO 2026-08-04 13:55:11,092 basehttp 24004 12388 "OPTIONS /api/code-review/initiate/ HTTP/1.1" 200 0
INFO 2026-08-04 13:55:16,618 basehttp 24004 4476 "POST /api/code-review/initiate/ HTTP/1.1" 200 9558
INFO 2026-08-04 13:55:19,998 basehttp 24004 4476 "GET /api/code-review/stats/ HTTP/1.1" 200 2433
INFO 2026-08-04 13:55:20,214 basehttp 24004 4476 "GET /api/code-review/stats/ HTTP/1.1" 200 2433
INFO 2026-08-04 13:55:20,238 basehttp 24004 20708 "GET /api/code-review/submissions/ HTTP/1.1" 200 5404
INFO 2026-08-04 13:55:20,543 basehttp 24004 20708 "GET /api/code-review/submissions/ HTTP/1.1" 200 5404
INFO 2026-08-04 13:55:23,990 basehttp 24004 12388 "OPTIONS /api/code-review/submissions/73594561-3dff-4643-9611-6a69769d2017/ HTTP/1.1" 200 0
INFO 2026-08-04 13:55:23,990 basehttp 24004 2512 "OPTIONS /api/code-review/submissions/73594561-3dff-4643-9611-6a69769d2017/ HTTP/1.1" 200 0
INFO 2026-08-04 13:55:24,304 basehttp 24004 20708 "GET /api/code-review/submissions/73594561-3dff-4643-9611-6a69769d2017/ HTTP/1.1" 200 5352
INFO 2026-08-04 13:55:24,601 basehttp 24004 20708 "GET /api/code-review/submissions/73594561-3dff-4643-9611-6a69769d2017/ HTTP/1.1" 200 5352
INFO 2026-08-04 14:02:45,860 autoreload 24004 9424 C:\ai-code-review-platform\backend\code_review\views.py changed, reloading.
INFO 2026-08-04 14:02:49,721 autoreload 11820 15048 Watching for file changes with StatReloader
INFO 2026-08-04 14:04:49,329 basehttp 11820 20720 "GET /api/code-review/stats/ HTTP/1.1" 200 2433
INFO 2026-08-04 14:04:49,680 basehttp 11820 20720 "GET /api/code-review/stats/ HTTP/1.1" 200 2433
INFO 2026-08-04 14:04:49,706 basehttp 11820 4472 "GET /api/code-review/submissions/ HTTP/1.1" 200 5404
INFO 2026-08-04 14:04:49,907 basehttp 11820 4472 "GET /api/code-review/submissions/ HTTP/1.1" 200 5404
INFO 2026-08-04 14:04:52,076 basehttp 11820 4472 "GET /api/code-review/languages/ HTTP/1.1" 200 1587
INFO 2026-08-04 14:04:52,315 basehttp 11820 4472 "GET /api/code-review/languages/ HTTP/1.1" 200 1587
INFO 2026-08-04 14:05:11,153 basehttp 11820 4472 "POST /api/code-review/detect-language/ HTTP/1.1" 200 121
INFO 2026-08-04 14:05:20,164 basehttp 11820 4472 "POST /api/code-review/submissions/ HTTP/1.1" 201 1061
INFO 2026-08-04 14:05:24,360 basehttp 11820 4472 "POST /api/code-review/initiate/ HTTP/1.1" 200 7592
INFO 2026-08-04 14:05:27,741 basehttp 11820 4472 "GET /api/code-review/stats/ HTTP/1.1" 200 2434
INFO 2026-08-04 14:05:28,025 basehttp 11820 4472 "GET /api/code-review/stats/ HTTP/1.1" 200 2434
INFO 2026-08-04 14:05:28,163 basehttp 11820 20720 "GET /api/code-review/submissions/ HTTP/1.1" 200 8959
INFO 2026-08-04 14:05:28,476 basehttp 11820 4472 "GET /api/code-review/submissions/ HTTP/1.1" 200 8959
INFO 2026-08-04 14:05:31,459 basehttp 11820 19288 "OPTIONS /api/code-review/submissions/9529be1e-c8c4-47c0-81d2-1670d384ee4f/ HTTP/1.1" 200 0
INFO 2026-08-04 14:05:31,469 basehttp 11820 1960 "OPTIONS /api/code-review/submissions/9529be1e-c8c4-47c0-81d2-1670d384ee4f/ HTTP/1.1" 200 0
INFO 2026-08-04 14:05:31,612 basehttp 11820 4472 "GET /api/code-review/submissions/9529be1e-c8c4-47c0-81d2-1670d384ee4f/ HTTP/1.1" 200 3554
INFO 2026-08-04 14:05:31,769 basehttp 11820 4472 "GET /api/code-review/submissions/9529be1e-c8c4-47c0-81d2-1670d384ee4f/ HTTP/1.1" 200 3554
INFO 2026-08-04 14:34:09,198 autoreload 11820 15048 C:\ai-code-review-platform\backend\code_review\views.py changed, reloading.
INFO 2026-08-04 14:34:16,607 autoreload 7304 22972 Watching for file changes with StatReloader
WARNING 2026-08-04 14:39:28,428 basehttp 7304 2588 "GET /api/code-review/stats/ HTTP/1.1" 401 183
WARNING 2026-08-04 14:39:28,438 basehttp 7304 2588 "GET /api/code-review/stats/ HTTP/1.1" 401 183
INFO 2026-08-04 14:39:28,455 basehttp 7304 3896 "OPTIONS /api/accounts/refresh/ HTTP/1.1" 200 0
INFO 2026-08-04 14:39:28,475 basehttp 7304 11884 "OPTIONS /api/accounts/refresh/ HTTP/1.1" 200 0
INFO 2026-08-04 14:39:28,477 basehttp 7304 3896 "POST /api/accounts/refresh/ HTTP/1.1" 200 309
INFO 2026-08-04 14:39:28,505 basehttp 7304 11884 "POST /api/accounts/refresh/ HTTP/1.1" 200 309
INFO 2026-08-04 14:39:28,923 basehttp 7304 2588 "GET /api/code-review/stats/ HTTP/1.1" 200 2434
INFO 2026-08-04 14:39:29,301 basehttp 7304 2588 "GET /api/code-review/stats/ HTTP/1.1" 200 2434
INFO 2026-08-04 14:39:29,349 basehttp 7304 15712 "GET /api/code-review/submissions/ HTTP/1.1" 200 8959
INFO 2026-08-04 14:39:29,563 basehttp 7304 2588 "GET /api/code-review/submissions/ HTTP/1.1" 200 8959
INFO 2026-08-04 14:39:31,898 basehttp 7304 2588 "GET /api/code-review/languages/ HTTP/1.1" 200 1587
INFO 2026-08-04 14:39:32,095 basehttp 7304 2588 "GET /api/code-review/languages/ HTTP/1.1" 200 1587
INFO 2026-08-04 14:39:50,506 basehttp 7304 2588 "POST /api/code-review/detect-language/ HTTP/1.1" 200 94
INFO 2026-08-04 14:39:59,021 basehttp 7304 2588 "POST /api/code-review/submissions/ HTTP/1.1" 201 3736
INFO 2026-08-04 14:40:05,751 basehttp 7304 2588 "POST /api/code-review/initiate/ HTTP/1.1" 200 10800
INFO 2026-08-04 14:40:09,554 basehttp 7304 2588 "GET /api/code-review/stats/ HTTP/1.1" 200 2435
INFO 2026-08-04 14:40:09,746 basehttp 7304 2588 "GET /api/code-review/stats/ HTTP/1.1" 200 2435
INFO 2026-08-04 14:40:09,769 basehttp 7304 15712 "GET /api/code-review/submissions/ HTTP/1.1" 200 16853
INFO 2026-08-04 14:40:09,988 basehttp 7304 15712 "GET /api/code-review/submissions/ HTTP/1.1" 200 16853
INFO 2026-08-04 14:45:11,185 basehttp 7304 13172 "OPTIONS /api/code-review/submissions/4b94f328-52b4-494e-8dac-38fa62fe1a1c/ HTTP/1.1" 200 0
INFO 2026-08-04 14:45:11,196 basehttp 7304 10408 "OPTIONS /api/code-review/submissions/4b94f328-52b4-494e-8dac-38fa62fe1a1c/ HTTP/1.1" 200 0
INFO 2026-08-04 14:45:12,134 basehttp 7304 14164 "GET /api/code-review/submissions/4b94f328-52b4-494e-8dac-38fa62fe1a1c/ HTTP/1.1" 200 7893
INFO 2026-08-04 14:45:12,360 basehttp 7304 14164 "GET /api/code-review/submissions/4b94f328-52b4-494e-8dac-38fa62fe1a1c/ HTTP/1.1" 200 7893
INFO 2026-08-04 15:03:24,780 autoreload 7304 22972 C:\ai-code-review-platform\backend\code_review\views.py changed, reloading.
INFO 2026-08-04 15:03:31,174 autoreload 13032 11856 Watching for file changes with StatReloader
WARNING 2026-08-04 15:05:42,385 basehttp 13032 16904 "GET /api/code-review/stats/ HTTP/1.1" 401 183
WARNING 2026-08-04 15:05:42,392 basehttp 13032 16904 "GET /api/code-review/stats/ HTTP/1.1" 401 183
INFO 2026-08-04 15:05:42,416 basehttp 13032 10916 "POST /api/accounts/refresh/ HTTP/1.1" 200 309
INFO 2026-08-04 15:05:42,417 basehttp 13032 19316 "POST /api/accounts/refresh/ HTTP/1.1" 200 309
INFO 2026-08-04 15:05:42,728 basehttp 13032 16904 "GET /api/code-review/stats/ HTTP/1.1" 200 2435
INFO 2026-08-04 15:05:43,179 basehttp 13032 16904 "GET /api/code-review/stats/ HTTP/1.1" 200 2435
INFO 2026-08-04 15:05:43,255 basehttp 13032 5192 "GET /api/code-review/submissions/ HTTP/1.1" 200 16853
INFO 2026-08-04 15:05:43,566 basehttp 13032 16904 "GET /api/code-review/submissions/ HTTP/1.1" 200 16853
INFO 2026-08-04 15:05:45,688 basehttp 13032 16904 "GET /api/code-review/languages/ HTTP/1.1" 200 1587
INFO 2026-08-04 15:05:46,039 basehttp 13032 16904 "GET /api/code-review/languages/ HTTP/1.1" 200 1587
INFO 2026-08-04 15:06:08,734 basehttp 13032 16904 "POST /api/code-review/detect-language/ HTTP/1.1" 200 104
INFO 2026-08-04 15:06:14,140 basehttp 13032 16904 "POST /api/code-review/submissions/ HTTP/1.1" 201 2374
INFO 2026-08-04 15:06:21,267 basehttp 13032 16904 "POST /api/code-review/initiate/ HTTP/1.1" 200 11193
INFO 2026-08-04 15:06:24,486 basehttp 13032 16904 "GET /api/code-review/stats/ HTTP/1.1" 200 2435
INFO 2026-08-04 15:06:24,712 basehttp 13032 16904 "GET /api/code-review/stats/ HTTP/1.1" 200 2435
INFO 2026-08-04 15:06:24,732 basehttp 13032 5192 "GET /api/code-review/submissions/ HTTP/1.1" 200 23526
INFO 2026-08-04 15:06:25,020 basehttp 13032 5192 "GET /api/code-review/submissions/ HTTP/1.1" 200 23526
INFO 2026-08-04 15:06:27,172 basehttp 13032 10916 "OPTIONS /api/code-review/submissions/bcba6116-b6b1-4329-93cc-d849f12f3fe4/ HTTP/1.1" 200 0
INFO 2026-08-04 15:06:27,174 basehttp 13032 19316 "OPTIONS /api/code-review/submissions/bcba6116-b6b1-4329-93cc-d849f12f3fe4/ HTTP/1.1" 200 0
INFO 2026-08-04 15:06:27,519 basehttp 13032 5192 "GET /api/code-review/submissions/bcba6116-b6b1-4329-93cc-d849f12f3fe4/ HTTP/1.1" 200 6672
INFO 2026-08-04 15:06:27,763 basehttp 13032 5192 "GET /api/code-review/submissions/bcba6116-b6b1-4329-93cc-d849f12f3fe4/ HTTP/1.1" 200 6672
INFO 2026-08-04 15:16:48,967 autoreload 13032 11856 C:\ai-code-review-platform\backend\code_review\views.py changed, reloading.
INFO 2026-08-04 15:16:52,784 autoreload 14596 12160 Watching for file changes with StatReloader
INFO 2026-08-05 10:11:14,247 autoreload 12304 1312 Watching for file changes with StatReloader
INFO 2026-08-05 10:11:58,762 basehttp 12304 12620 "OPTIONS /api/accounts/login/ HTTP/1.1" 200 0
INFO 2026-08-05 10:12:03,910 basehttp 12304 5868 "POST /api/accounts/login/ HTTP/1.1" 200 789
INFO 2026-08-05 10:12:04,505 basehttp 12304 12620 "OPTIONS /api/code-review/stats/ HTTP/1.1" 200 0
INFO 2026-08-05 10:12:04,525 basehttp 12304 18568 "OPTIONS /api/code-review/stats/ HTTP/1.1" 200 0
INFO 2026-08-05 10:12:04,736 basehttp 12304 5868 "GET /api/code-review/stats/ HTTP/1.1" 200 2435
INFO 2026-08-05 10:12:04,750 basehttp 12304 18568 "OPTIONS /api/code-review/submissions/ HTTP/1.1" 200 0
INFO 2026-08-05 10:12:04,989 basehttp 12304 5868 "GET /api/code-review/stats/ HTTP/1.1" 200 2435
INFO 2026-08-05 10:12:05,044 basehttp 12304 12324 "GET /api/code-review/submissions/ HTTP/1.1" 200 23526
INFO 2026-08-05 10:12:05,250 basehttp 12304 12324 "GET /api/code-review/submissions/ HTTP/1.1" 200 23526
INFO 2026-08-05 10:12:26,061 basehttp 12304 18568 "OPTIONS /api/code-review/languages/ HTTP/1.1" 200 0
INFO 2026-08-05 10:12:26,062 basehttp 12304 12620 "OPTIONS /api/code-review/languages/ HTTP/1.1" 200 0
INFO 2026-08-05 10:12:26,248 basehttp 12304 12324 "GET /api/code-review/languages/ HTTP/1.1" 200 1587
INFO 2026-08-05 10:12:26,400 basehttp 12304 12324 "GET /api/code-review/languages/ HTTP/1.1" 200 1587
INFO 2026-08-05 10:12:38,822 basehttp 12304 12620 "OPTIONS /api/code-review/detect-language/ HTTP/1.1" 200 0
INFO 2026-08-05 10:12:56,014 basehttp 12304 12324 "POST /api/code-review/detect-language/ HTTP/1.1" 200 92
INFO 2026-08-05 10:13:05,855 basehttp 12304 12324 "POST /api/code-review/submissions/ HTTP/1.1" 201 3552
INFO 2026-08-05 10:13:05,869 basehttp 12304 12620 "OPTIONS /api/code-review/initiate/ HTTP/1.1" 200 0
INFO 2026-08-05 10:13:12,168 basehttp 12304 12324 "POST /api/code-review/initiate/ HTTP/1.1" 200 10301
INFO 2026-08-05 10:13:15,427 basehttp 12304 12324 "GET /api/code-review/stats/ HTTP/1.1" 200 2436
INFO 2026-08-05 10:13:15,653 basehttp 12304 12324 "GET /api/code-review/stats/ HTTP/1.1" 200 2436
INFO 2026-08-05 10:13:15,689 basehttp 12304 5868 "GET /api/code-review/submissions/ HTTP/1.1" 200 30924
INFO 2026-08-05 10:13:15,922 basehttp 12304 5868 "GET /api/code-review/submissions/ HTTP/1.1" 200 30924
INFO 2026-08-05 10:13:18,995 basehttp 12304 18568 "OPTIONS /api/code-review/submissions/866a24e8-befc-4f6c-98f3-e1748487ea19/ HTTP/1.1" 200 0
INFO 2026-08-05 10:13:18,996 basehttp 12304 12620 "OPTIONS /api/code-review/submissions/866a24e8-befc-4f6c-98f3-e1748487ea19/ HTTP/1.1" 200 0
INFO 2026-08-05 10:13:19,188 basehttp 12304 5868 "GET /api/code-review/submissions/866a24e8-befc-4f6c-98f3-e1748487ea19/ HTTP/1.1" 200 7397
INFO 2026-08-05 10:13:19,365 basehttp 12304 12324 "GET /api/code-review/submissions/866a24e8-befc-4f6c-98f3-e1748487ea19/ HTTP/1.1" 200 7397
INFO 2026-08-05 10:13:47,075 basehttp 12304 12324 "GET /api/code-review/stats/ HTTP/1.1" 200 2436
INFO 2026-08-05 10:13:47,291 basehttp 12304 12324 "GET /api/code-review/stats/ HTTP/1.1" 200 2436
INFO 2026-08-05 10:13:47,326 basehttp 12304 5868 "GET /api/code-review/submissions/ HTTP/1.1" 200 30924
INFO 2026-08-05 10:13:47,550 basehttp 12304 5868 "GET /api/code-review/submissions/ HTTP/1.1" 200 30924
INFO 2026-08-05 10:13:57,023 basehttp 12304 12620 "OPTIONS /api/code-review/submissions/73594561-3dff-4643-9611-6a69769d2017/ HTTP/1.1" 200 0
INFO 2026-08-05 10:13:57,025 basehttp 12304 18568 "OPTIONS /api/code-review/submissions/73594561-3dff-4643-9611-6a69769d2017/ HTTP/1.1" 200 0
INFO 2026-08-05 10:13:57,049 basehttp 12304 15376 "OPTIONS /api/code-review/submissions/73594561-3dff-4643-9611-6a69769d2017/ HTTP/1.1" 200 0
INFO 2026-08-05 10:13:57,282 basehttp 12304 12324 "GET /api/code-review/submissions/73594561-3dff-4643-9611-6a69769d2017/ HTTP/1.1" 200 5352
INFO 2026-08-05 10:13:57,332 basehttp 12304 5868 "DELETE /api/code-review/submissions/73594561-3dff-4643-9611-6a69769d2017/ HTTP/1.1" 204 0
WARNING 2026-08-05 10:13:57,444 basehttp 12304 12324 "GET /api/code-review/submissions/73594561-3dff-4643-9611-6a69769d2017/ HTTP/1.1" 404 55
INFO 2026-08-05 10:13:57,718 basehttp 12304 12324 "GET /api/code-review/stats/ HTTP/1.1" 200 2436
INFO 2026-08-05 10:13:57,907 basehttp 12304 12324 "GET /api/code-review/stats/ HTTP/1.1" 200 2436
INFO 2026-08-05 10:13:58,143 basehttp 12304 12324 "GET /api/code-review/submissions/ HTTP/1.1" 200 25571
INFO 2026-08-05 10:13:59,196 basehttp 12304 12324 "GET /api/code-review/stats/ HTTP/1.1" 200 2436
INFO 2026-08-05 10:13:59,434 basehttp 12304 12324 "GET /api/code-review/stats/ HTTP/1.1" 200 2436
INFO 2026-08-05 10:13:59,460 basehttp 12304 5868 "GET /api/code-review/submissions/ HTTP/1.1" 200 25571
INFO 2026-08-05 10:13:59,700 basehttp 12304 5868 "GET /api/code-review/submissions/ HTTP/1.1" 200 25571
INFO 2026-08-05 10:14:15,374 basehttp 12304 5868 "GET /api/code-review/languages/ HTTP/1.1" 200 1587
INFO 2026-08-05 10:14:15,554 basehttp 12304 5868 "GET /api/code-review/languages/ HTTP/1.1" 200 1587
INFO 2026-08-05 10:14:17,624 basehttp 12304 5868 "GET /api/code-review/stats/ HTTP/1.1" 200 2436
INFO 2026-08-05 10:14:17,862 basehttp 12304 5868 "GET /api/code-review/stats/ HTTP/1.1" 200 2436
INFO 2026-08-05 10:14:17,885 basehttp 12304 12324 "GET /api/code-review/submissions/ HTTP/1.1" 200 25571
INFO 2026-08-05 10:14:18,115 basehttp 12304 12324 "GET /api/code-review/submissions/ HTTP/1.1" 200 25571
INFO 2026-08-07 14:08:25,789 autoreload 26344 24292 Watching for file changes with StatReloader
INFO 2026-08-10 11:37:46,300 autoreload 11540 14052 Watching for file changes with StatReloader
INFO 2026-08-10 13:06:07,098 basehttp 11540 20420 "OPTIONS /api/accounts/login/ HTTP/1.1" 200 0
INFO 2026-08-10 13:06:13,651 basehttp 11540 26616 "POST /api/accounts/login/ HTTP/1.1" 200 789
INFO 2026-08-10 13:06:14,314 basehttp 11540 20420 "OPTIONS /api/code-review/stats/ HTTP/1.1" 200 0
INFO 2026-08-10 13:06:14,343 basehttp 11540 22368 "OPTIONS /api/code-review/stats/ HTTP/1.1" 200 0
INFO 2026-08-10 13:06:14,647 basehttp 11540 26616 "GET /api/code-review/stats/ HTTP/1.1" 200 2436
INFO 2026-08-10 13:06:14,659 basehttp 11540 22368 "OPTIONS /api/code-review/submissions/ HTTP/1.1" 200 0
INFO 2026-08-10 13:06:14,914 basehttp 11540 26616 "GET /api/code-review/stats/ HTTP/1.1" 200 2436
INFO 2026-08-10 13:06:15,168 basehttp 11540 1364 "GET /api/code-review/submissions/ HTTP/1.1" 200 25571
INFO 2026-08-10 13:06:15,412 basehttp 11540 26616 "GET /api/code-review/submissions/ HTTP/1.1" 200 25571
INFO 2026-08-10 13:06:37,670 autoreload 11540 14052 C:\ai-code-review-platform\backend\core\settings.py changed, reloading.
INFO 2026-08-10 13:06:43,230 autoreload 7544 7708 Watching for file changes with StatReloader
INFO 2026-08-10 13:06:49,721 autoreload 7544 7708 C:\ai-code-review-platform\backend\core\settings.py changed, reloading.
INFO 2026-08-10 13:06:53,306 autoreload 24732 25892 Watching for file changes with StatReloader
INFO 2026-08-10 14:02:40,142 autoreload 24732 25892 C:\ai-code-review-platform\backend\core\settings.py changed, reloading.
INFO 2026-08-10 14:02:44,745 autoreload 15992 13952 Watching for file changes with StatReloader
INFO 2026-08-10 14:02:50,430 autoreload 15992 13952 C:\ai-code-review-platform\backend\core\settings.py changed, reloading.
INFO 2026-08-10 14:02:53,719 autoreload 7984 4128 Watching for file changes with StatReloader
